-- phpMyAdmin SQL Dump
-- version 3.4.11.1deb2+deb7u1
-- http://www.phpmyadmin.net
--
-- Host: localhost
-- Generation Time: May 08, 2015 at 04:59 AM
-- Server version: 5.5.41
-- PHP Version: 5.4.39-0+deb7u2

SET SQL_MODE="NO_AUTO_VALUE_ON_ZERO";
SET time_zone = "+00:00";


/*!40101 SET @OLD_CHARACTER_SET_CLIENT=@@CHARACTER_SET_CLIENT */;
/*!40101 SET @OLD_CHARACTER_SET_RESULTS=@@CHARACTER_SET_RESULTS */;
/*!40101 SET @OLD_COLLATION_CONNECTION=@@COLLATION_CONNECTION */;
/*!40101 SET NAMES utf8 */;

--
-- Database: `degreesheep`
--

-- --------------------------------------------------------

--
-- Table structure for table `class`
--

CREATE TABLE IF NOT EXISTS `class` (
  `id` int(11) NOT NULL AUTO_INCREMENT,
  `subject` int(11) NOT NULL,
  `course_number` int(11) NOT NULL,
  `name` varchar(128) NOT NULL,
  `description` text NOT NULL,
  PRIMARY KEY (`id`)
) ENGINE=InnoDB  DEFAULT CHARSET=latin1 AUTO_INCREMENT=1784 ;

--
-- Dumping data for table `class`
--

INSERT INTO `class` (`id`, `subject`, `course_number`, `name`, `description`) VALUES
(1, 58, 30, 'Intro To Calculus', '(Formerly MATH 5).  Functions and their graphs, limits, derivatives, techniques of differentiation. Applications of derivatives, curve sketching, extremal problems. Integration: indefinite and definite integrals, some techniques of integration, Fundamental Theorem of Calculus. Logarithmic and exponential functions with applications.\r\nRecommendations:  High school geometry and algebra. MATH 30 is a one-semester calculus course and is not adequate preparation for MATH 34. Students  will receive an additional half-credit (with grade) for passing MATH 32 after receiving credit for MATH 30.'),
(2, 12, 136, 'Supervised Teaching II', ''),
(3, 47, 53, 'Europe To 1815', ''),
(4, 14, 193, 'Independent Study', ''),
(5, 12, 198, 'Senior Honors Thesis B', ''),
(6, 10, 41, 'General Genetics', ''),
(7, 59, 102, 'Inventive Design', ''),
(8, 5, 165, 'After Violence:truth,Jus', ''),
(9, 32, 5, 'Creative Writing:fiction', ''),
(10, 16, 63, 'Inorganic&synthetic Lab', ''),
(11, 72, 93, 'Directed Study: Lang/lit', ''),
(12, 5, 16, 'Intro Latino Cultures', ''),
(13, 49, 50, 'Intro To Film Studies', ''),
(14, 25, 81, 'Practicum In Production', ''),
(15, 40, 3, 'Art As Process', ''),
(16, 42, 2, 'Elementary French II', 'A continuation of French 001. Advances the study of basic grammar structures, fosters the development of vocabulary, and broadens the range of situations in which the student can understand and impart information. Multimedia materials provide the cultural context for linguistic activities. Online lab work is required. Conducted in French. Recommendations: French 001 or consent.'),
(17, 72, 193, 'Advanced Directed Study', ''),
(18, 43, 340, 'Tufts Abroad Program', ''),
(19, 53, 136, 'King David Israelite Mon', ''),
(20, 16, 1, 'Chem Fundamentals W/lab', ''),
(21, 12, 99, 'Community Field Placement', ''),
(22, 70, 196, 'Seminar In Psychology', ''),
(23, 32, 2, 'Freshman Writing Seminar', 'Varying seminar topics allow the student to choose among readings and approaches to writing in special fields of interest. Choices have recently allowed students to focus on such subjects as topics in American society, literary analysis, film, journalism, politics, and the environment. Seminars to be offered in a semester are announced in advance. Offered both semesters. Recommendations: Either ENG 1 or ENG 3, or advanced placement standing of 4.'),
(24, 65, 48, 'Feminist Philosophy', ''),
(25, 76, 195, 'Urban Studies Capstone', ''),
(26, 63, 102, 'Gross Anatomy', ''),
(27, 47, 340, 'Tufts Abroad Program', ''),
(28, 70, 340, 'Tufts Abroad Program', ''),
(29, 39, 120, 'Archives: Old And New', ''),
(30, 40, 67, 'Inter To Adv Photo', ''),
(31, 74, 21, 'Comp/conv I', 'Spanish oral and written practice through oral reports, compositions, class discussions and debates on assigned topics, articles, short literary works and films. Review of more advanced grammatical structures with the aim of achieving greater accuracy. Required weekly recitation session. Conducted in Spanish. Recommendations: Spanish 004 or consent.'),
(32, 26, 91, 'Intro Selected Topics', ''),
(33, 31, 54, 'Engineering Leadership', ''),
(34, 43, 1, 'Elementary German', ''),
(35, 66, 1, 'Physics 1 and 11 shared Lab', ''),
(36, 34, 51, 'Experiments In Ecology', ''),
(37, 43, 3, 'Intermediate German', ''),
(38, 61, 186, 'Ethno Theory And Prac', ''),
(39, 42, 3, 'Intermed French I', ''),
(40, 36, 3, 'Intro Elec Systems W/lab', ''),
(41, 15, 96, 'Honors Thesis Research A', ''),
(42, 24, 191, 'Advanced Dance Studies', ''),
(43, 32, 191, 'Seminar In English', ''),
(44, 7, 3, 'Intermed Std Arabic', ''),
(45, 66, 11, 'General Physics I W/lab', ''),
(46, 26, 60, 'International Econ', ''),
(47, 13, 124, 'Adv Steel Design', ''),
(48, 69, 41, 'Western Pol Thought I', ''),
(49, 52, 1, 'Elementary Japanese', ''),
(50, 63, 105, 'Assistive Technology', ''),
(51, 74, 141, 'Spn Drama Siglio De Oro', ''),
(52, 1, 150, 'Special Topics', ''),
(53, 4, 194, 'Special Topics', ''),
(54, 35, 38, 'Paleontology', ''),
(55, 26, 18, 'Quant Inter Macroec Thry', ''),
(56, 74, 3, 'Intermed Spanish I', ''),
(57, 16, 151, 'Physical Organic Chem', ''),
(58, 40, 98, 'Art As Fashion', ''),
(59, 70, 150, 'Semantics', ''),
(60, 32, 193, 'Special Topics', ''),
(61, 69, 103, 'Pol Sci Research Methods', ''),
(62, 17, 91, 'Special Topics', ''),
(63, 47, 50, 'Hist Of Ancient Greece', ''),
(64, 52, 191, 'Special Topics/seminar', ''),
(65, 58, 161, 'Probability', ''),
(66, 47, 57, 'Renaisssance&reformation', ''),
(67, 18, 99, 'Internship', ''),
(68, 55, 3, 'Intermediate Latin', ''),
(69, 74, 1, 'Elem Spanish I', ''),
(70, 74, 340, 'Tufts Abroad Program', ''),
(71, 40, 94, 'Watercolor: Inter  To Adv', ''),
(72, 65, 1, 'Intro To Philosophy', ''),
(73, 24, 71, 'Dnc Mov/Creative Process', ''),
(74, 69, 188, 'Topics In Intern''l Rel', ''),
(75, 40, 64, 'Photo: Foundation', ''),
(76, 61, 83, 'Wind Ensemble No Credit', ''),
(77, 17, 70, 'Chinese Popular Culture', ''),
(78, 26, 340, 'Tufts Abroad Program', ''),
(79, 26, 13, 'Statistics', ''),
(80, 38, 1, 'Introduction to World Art I', ''),
(81, 30, 105, 'Entrepreneurial Mktg', ''),
(82, 25, 93, 'Special Topics', ''),
(83, 64, 23, 'Ropes & Rocks', ''),
(84, 58, 10, 'Intro Special Topics', ''),
(85, 70, 31, 'Stats For Behav Sci', ''),
(86, 58, 21, 'Introductory Statistics', ''),
(87, 1, 11, 'Intro Computer Science', ''),
(88, 61, 86, 'New Music Ensemble No Credit', ''),
(89, 50, 195, 'Directed Research', ''),
(90, 67, 150, 'Special Topics', ''),
(91, 41, 41, 'Illustrator as Designer', ''),
(92, 61, 101, 'Prin Of Tonal Theory I', ''),
(93, 43, 91, 'Special Topics', ''),
(94, 17, 3, 'Intermediate Chinese', ''),
(95, 34, 99, 'Env Internship', ''),
(96, 16, 2, 'Chem Principles W/lab', ''),
(97, 42, 193, 'Independent Study', ''),
(98, 14, 1, 'Intro Community Health', ''),
(99, 40, 52, 'Introduction To Painting', ''),
(100, 66, 31, 'Optics And Wave Motion', ''),
(101, 61, 87, 'Early Music Ensemble/eme', ''),
(102, 74, 22, 'Comp/conv II', ''),
(103, 59, 122, 'Solid Mechanics', ''),
(104, 53, 91, 'Ladino Lang & Culture', ''),
(105, 52, 93, 'Directed Study', ''),
(106, 27, 110, 'Hist & Soc St Curricula', ''),
(107, 25, 10, 'Acting I:intro To Acting', ''),
(108, 25, 340, 'Tufts Abroad Program', ''),
(109, 51, 2, 'Elementary Italian II', ''),
(110, 38, 101, 'Hist&meth Art History', ''),
(111, 40, 54, 'Painting: Foundation', ''),
(112, 61, 85, 'Electronic Music Ens', ''),
(113, 2, 340, 'Tufts Abroad Program', ''),
(114, 41, 87, 'Screen Printing', ''),
(115, 16, 53, 'Organic Chem I Lab', ''),
(116, 10, 13, 'Cells & Organisms W/lab', ''),
(117, 47, 102, 'Slavery/freedom Atlantic', ''),
(118, 37, 9, 'Exploration Seminar', ''),
(119, 49, 91, 'Special Topics', ''),
(120, 71, 149, 'Religion Colonial India', ''),
(121, 36, 18, 'Computer Aided Design w/ Lab', ''),
(122, 15, 51, 'Chem & Biological En Lab', ''),
(123, 32, 1, 'Expository Writing', ''),
(124, 74, 4, 'Intermed Spanish II', ''),
(125, 47, 153, 'Martin Luther:man & Era', ''),
(126, 26, 15, 'Basic Econometrics', ''),
(127, 47, 46, 'Modern South Asia', ''),
(128, 51, 3, 'Intermediate Italian I', ''),
(129, 74, 193, 'Independent Study', ''),
(130, 45, 191, 'Sp Stdy Or Sem:greek', ''),
(131, 41, 141, 'Sculptural Fiber', ''),
(132, 10, 11, 'Kinesiology', ''),
(133, 14, 30, 'Community Health Methods', ''),
(134, 73, 102, 'Qualitative Res Methods', ''),
(135, 2, 7, 'Faculty Seminars', ''),
(136, 56, 15, 'Intro To Linguistics', ''),
(137, 7, 1, 'Elem Mod Standard Arabic', ''),
(138, 72, 21, 'Composition/conversation', ''),
(139, 69, 151, 'Political Phil Of Hobbes', ''),
(140, 59, 37, 'Dynamics & Vibration', ''),
(141, 61, 200, 'Combined Degree-Nec', ''),
(142, 41, 20, 'Beginning Graphic Design', ''),
(143, 69, 198, 'Senior Honors Thesis', ''),
(144, 3, 88, 'Slave Revolts and Maroons', ''),
(145, 73, 94, 'Special Topics', ''),
(146, 52, 193, 'Advanced Directed Study', ''),
(147, 25, 155, 'Directing I', ''),
(148, 38, 340, 'Tufts Abroad Program', ''),
(149, 17, 61, 'Classical Chinese Lit', ''),
(150, 61, 84, 'Pep Band', ''),
(151, 47, 177, 'Adv Sp Tp: Me/c Asia', ''),
(152, 11, 5, 'Bme Junior Design/res I', ''),
(153, 72, 1, 'Elementary Russian', ''),
(154, 70, 127, 'Behav Endocrinology', ''),
(155, 24, 192, 'Dance Research Project', ''),
(156, 43, 93, 'Directed Study', ''),
(157, 36, 5, 'Intro Mech Stat & Dyn', ''),
(158, 50, 193, 'Ir Independent Study', ''),
(159, 72, 99, 'Internship', ''),
(160, 20, 39, 'Byzantine World', ''),
(161, 63, 109, 'Res Prct-Hlth Qual/life', ''),
(162, 46, 21, 'Conversation/composition', ''),
(163, 37, 33, 'Experimental College', ''),
(164, 74, 93, 'Independent Study', ''),
(165, 66, 62, 'Particle Physics', ''),
(166, 52, 91, 'Special Topics', ''),
(167, 70, 64, 'Intro To Linguistics', ''),
(168, 42, 93, 'Independent Study', ''),
(169, 71, 1, 'Intro To Religion', ''),
(170, 63, 106, 'Occ & Adapt:child/adoles', ''),
(171, 11, 56, 'Quant Biomaterials Lab I', ''),
(172, 1, 163, 'Computational Geometry', ''),
(173, 70, 99, 'Internship', ''),
(174, 64, 46, 'Weight Training', ''),
(175, 47, 68, 'Eur Intellectual Hist', ''),
(176, 1, 136, 'Stat Pattern Recognition', ''),
(177, 59, 25, 'Engineerng Materials', ''),
(178, 12, 1, 'Intro Child Development', ''),
(179, 69, 149, 'Contemporary Pol Theory', ''),
(180, 13, 146, 'Foundation Engineering', ''),
(181, 14, 107, 'Sci & Practice Medicine', ''),
(182, 6, 95, 'Afr&new Wrld Intrd Thesi', ''),
(183, 11, 93, 'Special Topics', ''),
(184, 13, 187, 'Geographical Info System', ''),
(185, 47, 189, 'Undergraduate Internship', ''),
(186, 26, 24, 'Game Theory', ''),
(187, 26, 5, 'Principles Economics', ''),
(188, 32, 340, 'Tufts Abroad Program', ''),
(189, 5, 99, 'Internship In Anth', ''),
(190, 18, 135, 'Latino Studies In Thesis', ''),
(191, 20, 45, 'Western Pol Thought I', ''),
(192, 33, 120, 'Project Study/human Sys A', ''),
(193, 59, 149, 'Sp Topics - Engineering', ''),
(194, 70, 106, 'Sem:clinical Psychology', ''),
(195, 42, 31, 'Readings In Fr Lit I', ''),
(196, 14, 99, 'Special Topics/comm Hlth', ''),
(197, 13, 122, 'Solid Mechanics', ''),
(198, 43, 193, 'Adv Directed Study', ''),
(199, 40, 26, 'Drawing: Foundation', ''),
(200, 47, 22, 'The Changing Amer Nation', ''),
(201, 32, 29, 'Literary Studies', ''),
(202, 25, 18, 'Lighting I', ''),
(203, 23, 450, 'Cross Registration', ''),
(204, 32, 163, 'Speak,Memory:cntp Memoir', ''),
(205, 47, 198, 'Senior Thesis A', ''),
(206, 51, 170, 'Lit Trad & Polit Ideol', ''),
(207, 25, 185, 'Practicum In Directing', ''),
(208, 8, 26, 'Ancient Egypt', ''),
(209, 32, 6, 'Creative Writing:poetry', ''),
(210, 16, 61, 'Inorganic Chemistry', ''),
(211, 42, 21, 'Comp/conv I', ''),
(212, 12, 143, 'Special Topics', ''),
(213, 61, 64, 'Computer Tools-Musicians', ''),
(214, 71, 125, 'Medieval Architecture', ''),
(215, 31, 52, 'Tech & Managerial Comm', ''),
(216, 38, 50, 'Impressionism&post Impre', ''),
(217, 74, 34, 'Survey Latin Amer Lit', ''),
(218, 25, 183, 'Practicum In Design', ''),
(219, 64, 1, 'Swimming I', ''),
(220, 13, 154, 'Principles Epidemiology', ''),
(221, 61, 103, 'Prin Of Tonal Theory III', ''),
(222, 53, 93, 'Directed Study', ''),
(223, 29, 194, 'Special Topics', ''),
(224, 26, 195, 'Senior Honors Thesis A', ''),
(225, 37, 5, 'Experimental College', ''),
(226, 37, 23, 'Experimental College', ''),
(227, 47, 64, 'Modern France', ''),
(228, 16, 11, 'General Chemistry', ''),
(229, 61, 340, 'Tufts Program Abroad', ''),
(230, 55, 2, 'Elementary Latin II', ''),
(231, 17, 21, 'Reading & Conversation', ''),
(232, 12, 199, 'Community Fld Placement', ''),
(233, 61, 93, 'Javanese Gamelan Ensembl', ''),
(234, 38, 55, 'Contemp Art Since 1960', ''),
(235, 65, 117, 'Philosophy Of Mind', ''),
(236, 47, 40, 'China To The Opium War', ''),
(237, 16, 51, 'Organic Chemistry I', ''),
(238, 24, 24, 'Modern IV', ''),
(239, 51, 93, 'Independent Study', ''),
(240, 61, 91, 'African Mus Ens/kiniwe', ''),
(241, 42, 4, 'Intermed French II', ''),
(242, 1, 15, 'Data Structures', ''),
(243, 69, 99, 'Fieldwork In Politics', ''),
(244, 47, 83, 'Spec Top: North America', ''),
(245, 37, 20, 'Experimental College', ''),
(246, 38, 199, 'Senior Honors Thesis A', ''),
(247, 39, 36, 'Moderism & Americas', ''),
(248, 25, 27, 'Public Speaking', ''),
(249, 1, 50, 'Special Topics', ''),
(250, 14, 180, 'Internship', ''),
(251, 66, 91, 'Special Topics', ''),
(252, 69, 43, 'Justice,Equality&liberty', ''),
(253, 10, 51, 'Experiments In Ecology', ''),
(254, 37, 8, 'Perspectives Seminar', ''),
(255, 66, 13, 'Intro Modern Physics', ''),
(256, 15, 95, 'Undergraduate Research', ''),
(257, 65, 191, 'Seminars', ''),
(258, 71, 128, 'Medieval Art Mediterrane', ''),
(259, 55, 1, 'Elementary Latin I', ''),
(260, 20, 185, 'Seminar Ancient History', ''),
(261, 10, 172, 'Biochemistry II', ''),
(262, 58, 51, 'Differential Equations', ''),
(263, 42, 191, 'Special Topics', ''),
(264, 58, 135, 'Real Analysis I', ''),
(265, 20, 100, 'Classics Opt Recitation', ''),
(266, 69, 106, 'Race and Politics', ''),
(267, 44, 101, 'Intro To Gis', ''),
(268, 65, 197, 'Sem:ethics,Law&society', ''),
(269, 33, 162, 'Human-Machine Sys Design', ''),
(270, 41, 36, 'Intro To Filmmaking', ''),
(271, 10, 340, 'Tufts Abroad Program', ''),
(272, 26, 11, 'Intermed Microecon Thry', ''),
(273, 70, 56, 'Drugs & Behavior', ''),
(274, 26, 35, 'Economic Development', ''),
(275, 35, 91, 'Geological Research', ''),
(276, 40, 340, 'Tufts Abroad Program', ''),
(277, 61, 10, 'Intro Music Theory', ''),
(278, 37, 84, 'Experimental College', ''),
(279, 25, 193, 'Special Topics', ''),
(280, 35, 32, 'Geomorphology W/lab', ''),
(281, 38, 28, 'Medieval Art Mediterrane', ''),
(282, 16, 135, 'Biophysical Chemistry', ''),
(283, 43, 21, 'Grammar/review/compositn', ''),
(284, 12, 155, 'Development Of Language', ''),
(285, 36, 101, 'Numerical Methods', ''),
(286, 32, 7, 'Creative Writing:journal', ''),
(287, 72, 3, 'Intermediate Russian', ''),
(288, 76, 194, 'Special Topics', ''),
(289, 73, 112, 'Criminology', ''),
(290, 5, 27, 'Human Rights And Culture', ''),
(291, 15, 45, 'Chem & Biol Separations', ''),
(292, 37, 27, 'Experimental College', ''),
(293, 59, 111, 'Therm-Fluid Transport I', ''),
(294, 74, 2, 'Elem Spanish II', ''),
(295, 16, 31, 'Physical Chemistry I', ''),
(296, 37, 90, 'Experimental College', ''),
(297, 34, 107, 'INTRODUCTION TO GEOGRAPHIC INF', ''),
(298, 70, 197, 'Superv Read In Sp Top', ''),
(299, 56, 3, 'Language & Mind', ''),
(300, 36, 11, 'Fund Biological Sys Eng', ''),
(301, 46, 1, 'Elementary Hebrew', ''),
(302, 14, 104, 'Women & Health', ''),
(303, 61, 89, 'Chamber Music En No Credit', ''),
(304, 65, 131, 'Epistemology', ''),
(305, 29, 125, 'Digital Signal Process', ''),
(306, 61, 77, 'Tufts Jazz Orchestra', ''),
(307, 47, 32, 'Rise of the Modern Woman', ''),
(308, 41, 72, 'Chaser’s Edge Interm Jewlery', ''),
(309, 30, 101, 'Entrepreneurship&bus Pln', ''),
(310, 7, 91, 'Special Topics', ''),
(311, 1, 197, 'Honors Thesis-Comp Sci A', ''),
(312, 17, 121, 'Advanced Chinese I', ''),
(313, 47, 97, 'Found Sem:me & Cent Asia', ''),
(314, 66, 12, 'General Physics II W/lab', ''),
(315, 65, 15, 'Intro To Linguistics', ''),
(316, 68, 1, 'Elementary Portuguese I', ''),
(317, 7, 21, 'Arabic Reading,Comp,Conv', ''),
(318, 65, 43, 'Justice,Equality&liberty', ''),
(319, 14, 106, 'Health,Ethics & Policy', ''),
(320, 29, 193, 'Special Topics', ''),
(321, 61, 118, 'Seminar: Composition', ''),
(322, 20, 37, 'Hist Of Ancient Greece', ''),
(323, 39, 7, 'Museum School', ''),
(324, 37, 99, 'Cms Internship', ''),
(325, 35, 1, 'The Dynamic Earth W/lab', ''),
(326, 71, 100, 'Religion And Film', ''),
(327, 65, 24, 'Intro To Ethics', ''),
(328, 50, 99, 'Internship', ''),
(329, 2, 2, 'Independent Study', ''),
(330, 64, 8, 'Pilates', ''),
(331, 73, 340, 'Tufts Abroad Program', ''),
(332, 26, 170, 'Industrial Organization', ''),
(333, 52, 198, 'Honors Thesis A', ''),
(334, 71, 191, 'Special Topics', ''),
(335, 38, 128, 'Medieval Art Mediterrane', ''),
(336, 24, 14, 'Ballet III', ''),
(337, 11, 89, 'Honors Thesis A', ''),
(338, 9, 121, 'Galactic Astronomy', ''),
(339, 13, 30, 'Environmental Chemistry', ''),
(340, 71, 73, 'Aspects Sephardic Trad', ''),
(341, 47, 93, 'Found Sem:north America', ''),
(342, 47, 196, 'Research Seminar: Europe', ''),
(343, 15, 168, 'Biotech Process Proj Lab', ''),
(344, 27, 198, 'Field Studies Education', ''),
(345, 17, 72, 'Martial Arts Chns Lit & Film', ''),
(346, 13, 93, 'Special Topics In Cee A', ''),
(347, 70, 1, 'Intro To Psychology', ''),
(348, 60, 22, 'Reading, Comp & Conv 2', ''),
(349, 67, 135, 'Social Movements', ''),
(350, 35, 151, 'Global Climate Change', ''),
(351, 51, 193, 'Independent Study', ''),
(352, 39, 35, 'Museum School', ''),
(353, 61, 78, 'Jazz Improvisation Ensem', ''),
(354, 76, 173, 'Transportation Planning', ''),
(355, 24, 62, 'Dance Repertory & Performance', ''),
(356, 39, 3, 'Forms Of The Sacred', ''),
(357, 47, 65, 'Britain & British Empire', ''),
(358, 51, 199, 'Honors Thesis A', ''),
(359, 26, 136, 'Topics In Economic Devel', ''),
(360, 69, 105, 'Constitutional Law', ''),
(361, 41, 102, 'Illustrating Children''s Books', ''),
(362, 70, 32, 'Experimental Psychology', ''),
(363, 47, 55, 'Europe Early Middle Ages', ''),
(364, 70, 91, 'Research In Psychology', ''),
(365, 27, 11, 'Observing Theory Action', ''),
(366, 27, 161, 'Sociology Of School', ''),
(367, 68, 23, 'Por For Spn&rom Lang Spk', ''),
(368, 59, 42, 'Machine Design', ''),
(369, 63, 183, 'Independent Study', ''),
(370, 70, 49, 'Lab:psychophysiology', ''),
(371, 37, 6, 'Experimental College', ''),
(372, 27, 116, 'Interdisciplinary Elem C', ''),
(373, 71, 55, 'Tech & Jewish Oral Trad', ''),
(374, 30, 107, 'Entrepreneurial Leadersh', ''),
(375, 34, 7, 'Environmental Biology', ''),
(376, 1, 61, 'Discrete Mathematics', ''),
(377, 53, 193, 'Advanced Directed Study', ''),
(378, 61, 72, 'Gospel Choir- No Credit', ''),
(379, 38, 100, 'Theories&meth Art Hist', ''),
(380, 59, 139, 'Acoustics', ''),
(381, 5, 149, 'Selected Topics', ''),
(382, 58, 100, 'Disc Grp/do Not Register', ''),
(383, 38, 182, 'Independent Studies', ''),
(384, 42, 1, 'Elementary French I', ''),
(385, 41, 79, 'What Do Stories Look Like?', ''),
(386, 73, 190, 'Politics/media Immigr', ''),
(387, 69, 189, 'Sem In Int''l Relations', ''),
(388, 10, 195, 'Topics In Biology', ''),
(389, 58, 19, 'Math Of Social Choice', ''),
(390, 28, 175, 'Art Ed Found Prek-8', ''),
(391, 64, 110, 'Independent Study', ''),
(392, 27, 114, 'Ling Appr/2nd Lang Acq', ''),
(393, 15, 160, 'Biochemical Engineering', ''),
(394, 41, 134, 'Digital Photography I', ''),
(395, 70, 40, 'Lab:physio Psychology', ''),
(396, 13, 42, 'Intro Geotech Engineerng', ''),
(397, 1, 40, 'Mach Struc & Programming', ''),
(398, 16, 141, 'Instrumental Analysis', ''),
(399, 15, 93, 'Independent Study', ''),
(400, 42, 121, 'Advanced French Lang I', ''),
(401, 39, 34, 'Museum School', ''),
(402, 72, 121, 'Advanced Russian', ''),
(403, 70, 17, 'Indust/organiz Psych', ''),
(404, 73, 198, 'Dir Research Sociology', ''),
(405, 61, 74, 'Opera Ensemble', ''),
(406, 12, 141, 'Independent Study', ''),
(407, 73, 143, 'Sociology Of Religion', ''),
(408, 71, 39, 'Religion in America 1', ''),
(409, 16, 172, 'Biochemistry II', ''),
(410, 58, 42, 'Calculus III', ''),
(411, 37, 35, 'Experimental College', ''),
(412, 37, 192, 'Independent Study', ''),
(413, 35, 5, 'Intro To Oceanography', ''),
(414, 36, 93, 'Special Topics In En', ''),
(415, 56, 170, 'Indoeuropean Linguistics', ''),
(416, 40, 39, 'Graphic Design', ''),
(417, 29, 22, 'Electronics II W/lab', ''),
(418, 29, 14, 'Microproc Arch/app W/lab', ''),
(419, 69, 127, 'Latin Amer Politics', ''),
(420, 10, 168, 'Biotech Process Proj Lab', ''),
(421, 47, 70, 'Middle East To Ww I', ''),
(422, 20, 32, 'Classics Of Rome', ''),
(423, 67, 198, 'Senior Honors Thesis A', ''),
(424, 4, 180, 'Sp Top: Integrative Sem', ''),
(425, 69, 158, 'Topics In Pol Thought', ''),
(426, 32, 50, 'Shakespeare I', ''),
(427, 73, 40, 'Media And Society', ''),
(428, 60, 114, 'Ling Appr/2nd Lang Acq', ''),
(429, 70, 133, 'Psychology & The Law', ''),
(430, 14, 109, 'Com Act In Public Health', ''),
(431, 58, 34, 'Calculus II', ''),
(432, 61, 88, 'Flute Ensemble No Credit', ''),
(433, 35, 193, 'Senior Thesis A', ''),
(434, 73, 135, 'Social Movements', ''),
(435, 56, 112, 'Syntactic Theory', ''),
(436, 26, 161, 'International Trade', ''),
(437, 38, 198, 'Undergraduate Seminar', ''),
(438, 61, 180, 'Sounds Of Sufism', ''),
(439, 33, 110, 'Human Factors in Medical Techn', ''),
(440, 5, 39, 'Gateway:sociocult Anth', ''),
(441, 67, 109, 'Com Act In Public Health', ''),
(442, 70, 97, 'Readings In Psychology', ''),
(443, 73, 30, 'Sex & Gender In Society', ''),
(444, 47, 5, 'History Of Consumption', ''),
(445, 31, 51, 'Engineering Management', ''),
(446, 7, 121, 'Advanced Mod Std Arabic', ''),
(447, 32, 3, 'Reading,Writing,Research', ''),
(448, 37, 18, 'Experimental College', ''),
(449, 13, 138, 'Hazard Waste Treat Tech', ''),
(450, 73, 120, 'Soc Of War & Peace', ''),
(451, 45, 102, 'Greek Drama', ''),
(452, 71, 4, 'Introduction to World Art I', ''),
(453, 58, 87, 'Mathematical Modeling', ''),
(454, 18, 194, 'Cis Senior Honors Thesis A', ''),
(455, 13, 94, 'Special Topics In Cee', ''),
(456, 61, 98, 'Special Studies', ''),
(457, 38, 125, 'Medieval Architecture', ''),
(458, 27, 142, 'Educ Except Child', ''),
(459, 42, 199, 'Honors Thesis A', ''),
(460, 65, 186, 'Phenomen&existentialism', ''),
(461, 17, 1, 'Elementary Chinese', ''),
(462, 8, 191, 'Adv Study/sem In Arch', ''),
(463, 48, 198, 'Asian Std Honors Thesis', ''),
(464, 75, 93, 'Indep Study: Swahili', ''),
(465, 70, 142, 'Seminar Aff Neuroscience', ''),
(466, 10, 4, 'Gross Anatomy', ''),
(467, 17, 93, 'Independent Study', ''),
(468, 59, 84, 'Intro Robotics & Mech', ''),
(469, 5, 198, 'Apprenticeship Anth Res', ''),
(470, 14, 54, 'Fundamental Epidemiology', ''),
(471, 74, 150, 'Latin Amer Civilization', ''),
(472, 11, 7, 'Bme Senior Design/res I', ''),
(473, 16, 91, 'Research I', ''),
(474, 4, 96, 'Afr Am Us Hist Since1865', ''),
(475, 74, 31, 'Main Curr Spn Lit I', ''),
(476, 42, 340, 'Tufts Abroad Program', ''),
(477, 47, 9, 'Hist of Christianity 1', ''),
(478, 29, 65, 'Music Recording &product', ''),
(479, 61, 92, 'Arb Mus Ens Takht No Credit', ''),
(480, 61, 5, 'Music As Culture', ''),
(481, 25, 28, 'Voice/speech-Confid Exp', ''),
(482, 10, 49, 'Experiment In Physiology', ''),
(483, 55, 91, 'Special Topics', ''),
(484, 61, 53, 'Private Lessons', ''),
(485, 26, 191, 'Intermed Selected Topics', ''),
(486, 40, 70, 'Contemporary Portrait', ''),
(487, 24, 91, 'Special Topics', ''),
(488, 58, 70, 'Linear Algebra', ''),
(489, 37, 31, 'Experimental College', ''),
(490, 9, 16, 'Special Topics', ''),
(491, 65, 91, 'Special Topics', ''),
(492, 40, 22, 'Design: Architectural', ''),
(493, 55, 181, 'Latin Seminars', ''),
(494, 38, 92, 'Special Topics', ''),
(495, 41, 13, 'Beginning Ceramics', ''),
(496, 41, 82, 'Instrmnt Design: Guitar&Dulcim', ''),
(497, 29, 93, 'Special Topics', ''),
(498, 71, 192, 'Special Topics', ''),
(499, 74, 122, 'Adv Comp&conversation II', ''),
(500, 69, 101, 'Pres & Executive Branch', ''),
(501, 67, 99, 'Internship-Social Change', ''),
(502, 56, 33, 'Logic', ''),
(503, 41, 47, 'Lithography', ''),
(504, 67, 130, 'Social Inequalities/Social Jus', ''),
(505, 41, 117, 'Drwg:illustr & Realists', ''),
(506, 69, 61, 'Intro International Rel', ''),
(507, 74, 191, 'Special Topics', ''),
(508, 39, 125, 'Collective Power', ''),
(509, 69, 135, 'Comparative Revolution', ''),
(510, 37, 55, 'Experimental College', ''),
(511, 65, 193, 'Special Topics', ''),
(512, 59, 43, 'Senior Design Project', ''),
(513, 66, 194, 'Selected Topics', ''),
(514, 43, 68, 'Martin Luther:man & Era', ''),
(515, 11, 141, 'Analyt Tools Biomed Engn', ''),
(516, 18, 195, 'Interdis Honors Thesis A', ''),
(517, 58, 32, 'Calculus I', ''),
(518, 18, 94, 'Senior Thesis', ''),
(519, 52, 3, 'Intermediate Japanese', ''),
(520, 64, 6, 'Yoga', ''),
(521, 27, 103, 'Intro Teaching/Elementary Schl', ''),
(522, 41, 14, 'Ceramics: Wheel Throwing', ''),
(523, 12, 62, 'Childhood Across Culture', ''),
(524, 74, 91, 'Special Topics', ''),
(525, 37, 3, 'Experimental College', ''),
(526, 33, 193, 'Special Topics', ''),
(527, 61, 199, 'Senior Honors Thesis A', ''),
(528, 9, 191, 'Special Topics', ''),
(529, 26, 6, 'Business Law', ''),
(530, 30, 193, 'Special Topics', ''),
(531, 12, 191, 'Dev Psychopathology&adap', ''),
(532, 39, 8, 'Early Modern Sculpture', ''),
(533, 12, 157, 'Theories Spiritual Dev', ''),
(534, 50, 197, 'Senior Honors Thesis A', ''),
(535, 38, 12, 'The Arts Of Japan', ''),
(536, 26, 12, 'Intermed Macroecon Thry', ''),
(537, 25, 17, 'Theater Technology', ''),
(538, 37, 74, 'Experimental College', ''),
(539, 71, 68, 'Martin Luther:man & Era', ''),
(540, 13, 95, 'Research Thesis A', ''),
(541, 70, 195, 'Sr Sem:cognitive&brain A', ''),
(542, 10, 196, 'Selected Topics', ''),
(543, 65, 111, 'Semantics', ''),
(544, 43, 185, 'German Film', ''),
(545, 40, 99, 'Independent Study', ''),
(546, 5, 132, 'Myth, Ritual & Symbol', ''),
(547, 11, 165, 'Prin Cntrl Release&drug', ''),
(548, 41, 401, 'Masters Degree Cont.', ''),
(549, 10, 142, 'Population/comm Ecology', ''),
(550, 61, 142, 'Hst West Mus(ad900/1750)', ''),
(551, 11, 121, 'Quant Physiology I', ''),
(552, 26, 127, 'Urban Economics', ''),
(553, 32, 16, 'Forms Of Poetry', ''),
(554, 29, 107, 'Communicatns Sys I W/lab', ''),
(555, 37, 50, 'Experimental College', ''),
(556, 16, 150, 'Intermediate Organic Chm', ''),
(557, 28, 180, 'Field Studies Art 5-12', ''),
(558, 77, 193, 'Senior Project', ''),
(559, 38, 86, 'Latino Art & Vis Cult', ''),
(560, 70, 107, 'Adv Statistics I', ''),
(561, 6, 90, 'Afr&new Wrld Intrd Prjt', ''),
(562, 37, 19, 'Experimental College', ''),
(563, 71, 157, 'Theories Spiritual Dev', ''),
(564, 46, 3, 'Intermediate Hebrew', ''),
(565, 1, 7, 'Bioinfomatics', ''),
(566, 17, 198, 'Senior Honors Thesis A', ''),
(567, 16, 193, 'Special Topics', ''),
(568, 20, 146, 'Ancient Grk/rom Medicine', ''),
(569, 12, 82, 'Soc Pol Children&fmly', ''),
(570, 16, 195, 'Senior Thesis I', ''),
(571, 26, 192, 'Advanced Seminar Econ', ''),
(572, 43, 191, 'Special Topics', ''),
(573, 27, 191, 'Special Topics', ''),
(574, 56, 153, 'Biol Fdns Of Language', ''),
(575, 45, 120, 'Review and Readings', ''),
(576, 32, 113, 'Renaissance Drama', ''),
(577, 14, 197, 'Sr Thesis Comm Health A', ''),
(578, 1, 193, 'Directed Study', ''),
(579, 4, 198, 'Senior Special Project', ''),
(580, 25, 50, 'Intro To Film Studies', ''),
(581, 59, 96, 'Thesis', ''),
(582, 70, 41, 'Percept/cognitn Lab', ''),
(583, 70, 27, 'Perception', ''),
(584, 20, 151, 'Ancient Philosophy', ''),
(585, 12, 100, 'Child Health Sem/Fieldwork', ''),
(586, 70, 181, 'Superv Seminar Fieldwork A', ''),
(587, 52, 121, 'Advanced Japanese', ''),
(588, 12, 61, 'Personal & Soc Dev', ''),
(589, 39, 181, 'Museum School', ''),
(590, 16, 164, 'Bioinorganic Chem', ''),
(591, 27, 130, 'Human Dev & Learning', ''),
(592, 32, 81, 'Postmodernism&film', ''),
(593, 37, 30, 'Experimental College', ''),
(594, 12, 178, 'Creative Move Body/lang', ''),
(595, 39, 14, 'Am Art/vis Cult1800-2000', ''),
(596, 64, 10, 'Yogalates', ''),
(597, 12, 126, 'American Sign Lang III', ''),
(598, 30, 103, 'Entrepreneurial Finance', ''),
(599, 27, 99, 'Field Exper In Education', ''),
(600, 5, 15, 'Nat People Rights S Amer', ''),
(601, 17, 123, 'Advan Read Chns Culture', ''),
(602, 42, 22, 'Comp/conv II', ''),
(603, 61, 128, 'Jazz Improvisation', ''),
(604, 40, 6, 'Calligraphy: Intermed. to Advc', ''),
(605, 37, 53, 'Experimental College', ''),
(606, 43, 198, 'Senior Honors Thesis A', ''),
(607, 74, 23, 'Span Heritage Speakers', ''),
(608, 43, 195, 'Teaching Internship', ''),
(609, 58, 61, 'Discrete Mathematics', ''),
(610, 66, 115, 'Optics and Wave Motion', ''),
(611, 74, 126, 'Spanish In The Community', ''),
(612, 36, 55, 'Numerical Methods', ''),
(613, 16, 199, 'Senior Thesis II', ''),
(614, 7, 193, 'Adv Dir Stdy: Lang/lit', ''),
(615, 41, 77, 'Monoprint', ''),
(616, 26, 150, 'Financial Economics', ''),
(617, 57, 99, 'Leadership Seminar', ''),
(618, 7, 5, 'Colloquial Arabic: Levantine', ''),
(619, 28, 177, 'Art Ed Found 5-12', ''),
(620, 10, 100, 'Discussion Group', ''),
(621, 65, 38, 'Rational Choice', ''),
(622, 32, 13, 'Writing Fiction:advanced', ''),
(623, 15, 121, 'Prin Of Polymerization', ''),
(624, 51, 51, 'Dante''s Inferno', ''),
(625, 41, 38, 'Realist Painting', ''),
(626, 29, 199, 'Internship', ''),
(627, 47, 59, 'Europe 1914-2000', ''),
(628, 15, 21, 'Transport Phenomena I', ''),
(629, 61, 95, 'Klezmer Ensemble No Credit', ''),
(630, 66, 10, 'Physics Music & Color', ''),
(631, 45, 1, 'Elem Ancient Greek I', ''),
(632, 75, 1, 'Elementary Swahili I', ''),
(633, 54, 180, 'Lat Am St Cap Proj', ''),
(634, 13, 112, 'Hydrology/water Resource', ''),
(635, 70, 128, 'Nutrition & Behavior', ''),
(636, 37, 13, 'Experimental College', ''),
(637, 77, 190, 'Doing Feminist Research', ''),
(638, 58, 36, 'Applied Calculus II', ''),
(639, 71, 99, 'Theory & Method Religion', ''),
(640, 59, 110, 'Thermal Management Elec', ''),
(641, 63, 137, 'Mandatory Fieldwork Sem', ''),
(642, 63, 184, 'Independent Study', ''),
(643, 39, 104, 'Museum School', ''),
(644, 74, 103, 'Latin Amer Novel', ''),
(645, 47, 135, 'Gender&sexuality Jpn Hst', ''),
(646, 61, 145, 'American Music', ''),
(647, 10, 330, 'Upper Level Elective Crd', ''),
(648, 41, 151, 'Image Animation', ''),
(649, 5, 185, 'Current Topics Anth', ''),
(650, 12, 64, 'Parent Child Relations', ''),
(651, 32, 177, 'Feminism,Lit,Theory', ''),
(652, 13, 194, 'Special Topics', ''),
(653, 45, 181, 'Greek Seminar', ''),
(654, 35, 51, 'Global Climate Change', ''),
(655, 41, 1, 'Anatomy:skeleton', ''),
(656, 47, 34, 'Afr Am Us Hist Since1865', ''),
(657, 61, 99, 'Internship Community Srv', ''),
(658, 5, 50, 'Prehistoric Archaeology', ''),
(659, 72, 91, 'Special Topics', ''),
(660, 41, 73, 'Portrait Drwg & Ptng', ''),
(661, 59, 180, 'Digital Cntl/dynamic Sys', ''),
(662, 16, 33, 'Physical Chemistry Lab', ''),
(663, 32, 188, 'Slave Revolts and Maroons', ''),
(664, 26, 198, 'Senior Thesis', ''),
(665, 52, 21, 'Reading & Conversation', ''),
(666, 10, 132, 'Biostatistics', ''),
(667, 20, 26, 'Ancient Egypt', ''),
(668, 37, 48, 'Experimental College', ''),
(669, 4, 99, 'Internship-Amer Studies', ''),
(670, 10, 40, 'Special Topics', ''),
(671, 1, 105, 'Programming Languages', ''),
(672, 32, 45, 'Nonwestern Women Writers', ''),
(673, 56, 93, 'Linguistics Research', ''),
(674, 12, 124, 'American Sign Language', ''),
(675, 8, 194, 'Sen Honors Thesis Arch A', ''),
(676, 10, 1, 'Environ Pres & Improve', ''),
(677, 40, 55, 'Painting: Inter To Adv', ''),
(678, 69, 113, 'Sem:nonprofits&civil Soc', ''),
(679, 32, 91, 'Topics Lit & Culture', ''),
(680, 15, 110, 'Intro Optimization', ''),
(681, 67, 120, 'Soc Of War & Peace', ''),
(682, 32, 63, 'Amer Fiction 1900-1950', ''),
(683, 47, 58, 'Byzantine World', ''),
(684, 32, 9, 'Writing Fiction:intermed', ''),
(685, 74, 121, 'Adv Comp/conversation I', ''),
(686, 34, 195, 'Selected Topics', ''),
(687, 11, 175, 'Tissue Engr Research Lab', ''),
(688, 67, 170, 'Understanding Civil Wars', ''),
(689, 46, 95, 'Hebrew-Teaching Intern', ''),
(690, 32, 23, 'American Lit To 1855', ''),
(691, 73, 110, 'Racial/ethnic Minorities', ''),
(692, 66, 107, 'Astronomy and Physics Seminar', ''),
(693, 56, 191, 'Adv Topics Linguistics', ''),
(694, 34, 199, 'Senior Honors Thesis', ''),
(695, 33, 105, 'Assistive Technology', ''),
(696, 51, 1, 'Elementary Italian I', ''),
(697, 70, 134, 'Intrper/conf&negotiation', ''),
(698, 7, 55, 'Cult Hist Mod Mid East', ''),
(699, 64, 2, 'Swimming I', ''),
(700, 12, 146, 'Applied Data Analysis', ''),
(701, 37, 190, 'Cms Senior Colloquium', ''),
(702, 75, 3, 'Intermediate Swahili I', ''),
(703, 78, 101, 'Classics Of World Cinema', ''),
(704, 59, 193, 'Special Topics', ''),
(705, 38, 134, 'Renaissance Venice', ''),
(706, 66, 163, 'Quantum Theory I', ''),
(707, 12, 171, 'Curric For Yng Child', ''),
(708, 41, 61, 'Painting:intrmt To Adv', ''),
(709, 11, 143, 'Biological Systems Analysis', ''),
(710, 26, 151, 'Monetary Economics', ''),
(711, 38, 404, 'Comb Degree-Bmfa', ''),
(712, 73, 188, 'Seminar In Current Soc', ''),
(713, 61, 153, 'Private Lessons', ''),
(714, 38, 25, 'Medieval Architecture', ''),
(715, 49, 55, 'Cult Hist Mod Mid East', ''),
(716, 25, 5, 'Production Prep Crew', ''),
(717, 67, 165, 'After Violence:truth,Jus', ''),
(718, 41, 3, 'Art As Process', ''),
(719, 13, 147, 'Soil Dyn & Earthquake En', ''),
(720, 20, 170, 'Indoeuropean Linguistics', ''),
(721, 14, 196, 'WASH Seminar', ''),
(722, 26, 162, 'International Finance', ''),
(723, 69, 146, 'Liberty,Morality&virtue', ''),
(724, 7, 340, 'Tufts Program Abroad', ''),
(725, 55, 120, 'Review and Readings', ''),
(726, 38, 5, 'Intro Arts Of Asia', ''),
(727, 34, 25, 'Environment & Technology', ''),
(728, 41, 83, 'Intro To Web Design', ''),
(729, 25, 126, 'Costume Design', ''),
(730, 65, 41, 'Western Pol Thought I', ''),
(731, 71, 107, 'Evangelicalism in America', ''),
(732, 65, 340, 'Tufts Program Abroad', ''),
(733, 47, 121, 'Courtship Modern America', ''),
(734, 70, 71, 'Clinical Methods', ''),
(735, 69, 126, 'Chinese Politics', ''),
(736, 10, 9, 'Physiology', ''),
(737, 26, 197, 'Sr Thesis Research Sem', ''),
(738, 26, 16, 'Foundations Quant Ec', ''),
(739, 66, 20, 'Relativity and Cosmology', ''),
(740, 64, 131, 'Emergency Care', ''),
(741, 5, 199, 'Senior Honors Thesis A', ''),
(742, 49, 191, 'Special Topics', ''),
(743, 65, 93, 'Honors Thesis A', ''),
(744, 40, 95, 'Watercolor: Directed Stdy', ''),
(745, 41, 18, 'Fundamentals of 2D Design', ''),
(746, 18, 160, 'Middle Eastern St Thesis', ''),
(747, 5, 130, 'Anthropological Thought', ''),
(748, 29, 126, 'Computer Enginrg W/lab', ''),
(749, 24, 12, 'Ballet I', ''),
(750, 63, 104, 'Kinesiology', ''),
(751, 40, 35, 'Figure Drawing', ''),
(752, 40, 20, 'Design Foundation', ''),
(753, 26, 154, 'Methods In Econ&finance', ''),
(754, 39, 51, 'Art in Modern East Asia', ''),
(755, 10, 193, 'Independent Research', ''),
(756, 72, 80, 'Russian Film', ''),
(757, 26, 50, 'Introduction to Finance', ''),
(758, 29, 23, 'Linear Systems', ''),
(759, 43, 121, 'Advanced German', ''),
(760, 61, 15, 'Introduction To Piano', ''),
(761, 61, 151, 'Stud 20/21st Century Mus', ''),
(762, 45, 7, 'Greek Classics', ''),
(763, 39, 33, 'Museum School', ''),
(764, 41, 19, 'Intermediate Illustration', ''),
(765, 70, 38, 'Res Meth Clin Psy', ''),
(766, 16, 155, 'Organic Spectroscopy', ''),
(767, 13, 22, 'Structural Analysis', ''),
(768, 61, 80, 'Tufts Symphony Orch No Credit', ''),
(769, 38, 155, 'Contemp Art Since 1960', ''),
(770, 47, 28, 'Us Foreign Relat To 1900', ''),
(771, 8, 30, 'Prehistoric Archaeology', ''),
(772, 65, 33, 'Logic', ''),
(773, 37, 42, 'Experimental College', ''),
(774, 61, 39, 'History African Am Music', ''),
(775, 43, 61, 'Survey German Lit I', ''),
(776, 26, 190, 'Independent Study', ''),
(777, 38, 34, 'Renaissance Venice', ''),
(778, 77, 99, 'Internship', ''),
(779, 73, 99, 'Internship', ''),
(780, 18, 120, 'Interdis Capstone', ''),
(781, 66, 131, 'Adv Classical Mech', ''),
(782, 29, 114, 'Physics of Solar Cells', ''),
(783, 57, 95, 'Special Topic', ''),
(784, 68, 191, 'Sp Top/portuguese Cultre', ''),
(785, 37, 11, 'Experimental College', ''),
(786, 20, 75, 'Classical Mythology', ''),
(787, 37, 91, 'Experimental College', ''),
(788, 73, 130, 'Social Inequalities/Social Jus', ''),
(789, 14, 182, 'Comm Health Education A', ''),
(790, 13, 185, 'Legal Issues Of Engin', ''),
(791, 56, 91, 'Topics In Linguistics', ''),
(792, 64, 45, 'Physical Fitness', ''),
(793, 36, 25, 'Environment & Technology', ''),
(794, 5, 169, 'Anthro of the State', ''),
(795, 11, 3, 'Bme Soph Design/res I', ''),
(796, 37, 51, 'Experimental College', ''),
(797, 32, 17, 'The Poem', ''),
(798, 70, 120, 'Project Study/human Sys A', ''),
(799, 1, 160, 'Algorithms', ''),
(800, 15, 136, 'Air Pollution Control', ''),
(801, 47, 175, 'Adv Sp Tps: South Asia', ''),
(802, 11, 120, 'Project Study/human Sys A', ''),
(803, 58, 145, 'Abstract Algebra I', ''),
(804, 10, 7, 'Environmental Biology', ''),
(805, 70, 191, 'Undergrad Indep Research', ''),
(806, 71, 36, 'Hist of Christianity 1', ''),
(807, 27, 113, 'Lang Arts Curr Gr 5-12', ''),
(808, 68, 3, 'Intermed Portuguese I', ''),
(809, 9, 10, 'Wanderers Space-Exp&disc', ''),
(810, 25, 6, 'Production Run Crew', ''),
(811, 35, 131, 'Groundwater', ''),
(812, 61, 81, 'Chamber Orchestra No Credit', ''),
(813, 47, 95, 'Foundation Sem: So Asia', ''),
(814, 15, 109, 'Process Dynams & Control', ''),
(815, 70, 12, 'Abnormal Psychology', ''),
(816, 20, 191, 'Adv Sp Stdy,Sem:classics', ''),
(817, 70, 103, 'Brain & Behavior', ''),
(818, 40, 65, 'Photography & Computer', ''),
(819, 27, 119, 'Engineering Education', ''),
(820, 47, 155, 'Gen/Sexuality-Pre Mod Eur', ''),
(821, 10, 93, 'Intro To Research', ''),
(822, 29, 191, 'Seminar Elec Enginrg', ''),
(823, 47, 42, 'Japan To 1868', ''),
(824, 25, 21, 'Computer Assisted Design', ''),
(825, 35, 100, 'Disc Grp/do Not Register', ''),
(826, 77, 198, 'Senior Honors Thesis A', ''),
(827, 40, 5, 'Calligraphy', ''),
(828, 50, 196, 'Directed Research', ''),
(829, 26, 107, 'Econometric Analysis', ''),
(830, 11, 168, 'Biotech Process Proj Lab', ''),
(831, 73, 1, 'Intro To Sociology', ''),
(832, 12, 197, 'Learn&attention Difficul', ''),
(833, 13, 123, 'Adv Structural Analysis', ''),
(834, 61, 69, 'Tufts Concert Choir- No Credit', ''),
(835, 26, 100, 'Found Ideas/econ Theory', ''),
(836, 25, 198, 'Senior Honors Thesis A', ''),
(837, 37, 40, 'Experimental College', ''),
(838, 26, 148, 'Economics of Sports', ''),
(839, 37, 64, 'Experimental College', ''),
(840, 37, 46, 'Experimental College', ''),
(841, 36, 8, 'Fluid Mechanics', ''),
(842, 37, 21, 'Experimental College', ''),
(843, 59, 94, 'Undergraduate Research', ''),
(844, 53, 199, 'Senior Honors Thesis', ''),
(845, 54, 190, 'Lat Am St Indep Stud', ''),
(846, 39, 52, 'Museum as Producer', ''),
(847, 10, 103, 'Developmental Biology', ''),
(848, 64, 41, 'Golf I', ''),
(849, 5, 191, 'Directed Reading', ''),
(850, 58, 39, 'Honors Calculus I-Ii', ''),
(851, 47, 116, 'Rev Central/south Amer', ''),
(852, 36, 56, 'Probability & Stats', ''),
(853, 40, 40, 'Graphic Design II', ''),
(854, 61, 70, 'Tufts Chamber Singers', ''),
(855, 66, 103, 'Graduate Teaching Seminar', ''),
(856, 70, 199, 'Senior Honors Thesis A', ''),
(857, 76, 113, 'Housing Policy', ''),
(858, 27, 112, 'Math Learning Environmen', ''),
(859, 29, 105, 'Feedback-Control Systems', ''),
(860, 38, 8, 'Intro To Architecture', ''),
(861, 67, 1, 'Intro Peace/justice Stdy', ''),
(862, 71, 21, 'Intro To Hebrew Bible', ''),
(863, 37, 7, 'Experimental College', ''),
(864, 14, 31, 'Intro Stats Health Apps', ''),
(865, 70, 25, 'Physiological Psychology', ''),
(866, 15, 175, 'Elect Devices for Energy App', ''),
(867, 12, 151, 'Adv Intell Dev Yng Child', ''),
(868, 61, 33, 'Music,Tech,Digital Cult', ''),
(869, 67, 131, 'Negot & Conflict Resol', ''),
(870, 1, 116, 'Computer System Security', ''),
(871, 59, 150, 'Appld Mth For Engnrs', ''),
(872, 1, 111, 'Operating Systems', ''),
(873, 70, 13, 'Social Psychology', ''),
(874, 47, 150, 'Ancient Grk/rom Medicine', ''),
(875, 64, 47, 'Aerobics - Step', ''),
(876, 40, 111, 'Independent Study', ''),
(877, 56, 103, 'Logic', ''),
(878, 65, 3, 'Language & Mind', ''),
(879, 26, 30, 'Environmental Economics', ''),
(880, 61, 198, 'Special Topics-Tutorials', ''),
(881, 10, 199, 'Senior Honors Thesis A', ''),
(882, 61, 67, 'Comp, Visual Med & Music', ''),
(883, 72, 123, 'Russia Today: Bus & Pol', ''),
(884, 69, 118, 'Topics in American Politics', ''),
(885, 10, 183, 'Darwinian Medicine Sem', ''),
(886, 2, 99, 'Internship', ''),
(887, 2, 8, 'First-Year Scholars', ''),
(888, 66, 61, 'Quant Thry/atom Physics', ''),
(889, 4, 182, 'Asian America', ''),
(890, 32, 10, 'Non-Fiction Writing', ''),
(891, 14, 199, 'Fieldwork', ''),
(892, 59, 99, 'Internships In Me', ''),
(893, 26, 48, 'Health Economics', ''),
(894, 53, 55, 'Tech & Jewish Oral Trad', ''),
(895, 47, 66, 'Spain And Empire', ''),
(896, 61, 1, 'Intro To Western Music', ''),
(897, 67, 164, 'Educ For Peace & Justice', ''),
(898, 32, 21, 'Gen View Of Eng Lit I', ''),
(899, 65, 121, 'Ethical Theory', ''),
(900, 34, 15, 'Nat Peoples South Amer', ''),
(901, 50, 81, 'Special Topics', ''),
(902, 13, 113, 'Groundwater', ''),
(903, 58, 50, 'Special Topics', ''),
(904, 26, 109, 'Rev Econometric Analysis', ''),
(905, 29, 103, 'Intro To Vlsi Design', ''),
(906, 4, 199, 'Senior Honors Thesis A', ''),
(907, 40, 93, 'Watercolor', ''),
(908, 34, 95, 'Special Topics', ''),
(909, 25, 80, 'Practicum In Acting', ''),
(910, 71, 134, 'Myth, Ritual & Symbol', ''),
(911, 20, 183, 'Adv Sp Tp Classical Lit', ''),
(912, 11, 193, 'Design Experiments Stats', ''),
(913, 32, 165, 'Perspectives Amer Poetry', ''),
(914, 17, 127, 'Reading Short Stories', ''),
(915, 59, 108, 'Modern Quality Cntrl', ''),
(916, 66, 95, 'Senior Thesis A', ''),
(917, 34, 54, 'Fundamental Epidemiology', ''),
(918, 69, 39, 'So Sem: Comparative Pol', ''),
(919, 41, 44, 'Around the Ring: Beg Jewelry', ''),
(920, 7, 93, 'Dir Study: Lang Or Lit', ''),
(921, 43, 85, 'German Film', ''),
(922, 40, 27, 'Drawing: Inter To Adv', ''),
(923, 50, 191, 'Seminar In Internat Rel', ''),
(924, 29, 128, 'Operating Systems', ''),
(925, 12, 193, 'Pediatric Psychology', ''),
(926, 24, 46, 'North Indian Dance: Kathak', ''),
(927, 32, 11, 'Intermediate Journalism', ''),
(928, 56, 155, 'Development Of Language', ''),
(929, 51, 4, 'Intermediate Italian II', ''),
(930, 69, 141, 'Shakespeare''s Rome', ''),
(931, 52, 62, 'Modern Japanese Lit', ''),
(932, 51, 31, 'Readings Ital Lit I', ''),
(933, 69, 340, 'Tufts Abroad Program', ''),
(934, 43, 151, '18th Cent German Writers', ''),
(935, 52, 80, 'Japanese Film', ''),
(936, 56, 113, 'Semantics', ''),
(937, 39, 24, 'Media & Utopia', ''),
(938, 41, 111, 'Color Theory', ''),
(939, 25, 12, 'Acting II', ''),
(940, 26, 177, 'Economics Organization', ''),
(941, 37, 59, 'Experimental College', ''),
(942, 41, 94, 'Watercolor & Wtr Mix Med', ''),
(943, 10, 110, 'Endocrinology', ''),
(944, 74, 5, 'Int Spn For Heritage St', ''),
(945, 33, 53, 'Engineering Psychology', ''),
(946, 40, 23, 'Design: Architectural Adv', ''),
(947, 32, 122, 'Romantic Lit & Cult II', ''),
(948, 28, 179, 'Field Studies Art Prek-8', ''),
(949, 77, 180, 'Independent Research', ''),
(950, 40, 63, 'Perspective Drawing', ''),
(951, 52, 115, 'Haruki Murakami', ''),
(952, 15, 111, 'Therm-Fluid Transport I', ''),
(953, 1, 20, 'Web Programming', ''),
(954, 34, 167, 'Environmental Toxicology', ''),
(955, 41, 5, 'Design Gen Photoshop Illustr', ''),
(956, 37, 52, 'Experimental College', ''),
(957, 71, 12, 'The Arts Of Japan', ''),
(958, 37, 101, 'Experimental College', ''),
(959, 53, 73, 'Aspects Sephardic Trad', ''),
(960, 19, 17, 'Love&sexuality Wrld Lit', ''),
(961, 16, 92, 'Research II', ''),
(962, 78, 17, 'Love&sexuality Wrld Lit', ''),
(963, 2, 13, 'PRISE seminar', ''),
(964, 66, 6, 'Physics For Humanists', ''),
(965, 71, 25, 'Medieval Architecture', ''),
(966, 25, 147, 'Playwriting I', ''),
(967, 66, 42, 'Electricity &magnetism I', ''),
(968, 10, 61, 'Biology of Aging', ''),
(969, 37, 10, 'Experimental College', ''),
(970, 67, 121, 'Sem: Pol Cul Com Perp', ''),
(971, 72, 198, 'Senior Honors Thesis A', ''),
(972, 41, 21, 'Intermediate Graphic Design', ''),
(973, 35, 191, 'Special Topics', ''),
(974, 29, 117, 'Introduction Microwaves', ''),
(975, 27, 164, 'Educ For Peace & Justice', ''),
(976, 47, 14, 'Hist Persp/crises Africa', ''),
(977, 64, 340, 'Tufts Abroad Program', ''),
(978, 47, 180, 'Indep Stdy:world/transrg', ''),
(979, 47, 173, 'Adv Sp Tp: North America', ''),
(980, 43, 114, 'Ling Appr/2nd Lang Acq', ''),
(981, 47, 76, 'Ancient Egypt', ''),
(982, 38, 320, 'Lower Level Elective Crd', ''),
(983, 15, 10, 'Chemical Process Prin', ''),
(984, 29, 95, 'Special Projects', ''),
(985, 52, 123, 'Adv Readings Jpn Culture', ''),
(986, 54, 198, 'Lat Am St Sr Thesis', ''),
(987, 32, 109, 'Ovid&ovidian Tradition', ''),
(988, 18, 95, 'Interdis Studies Thesis', ''),
(989, 71, 199, 'Senior Honors Thesis A', ''),
(990, 40, 21, 'Design: Inter To Adv', ''),
(991, 37, 37, 'Experimental College', ''),
(992, 2, 3, 'Real Seminar', ''),
(993, 39, 10, 'Museum School', ''),
(994, 26, 3, 'Financial Accounting', ''),
(995, 72, 191, 'Special Topics', ''),
(996, 65, 167, 'Science Before:newton/pr', ''),
(997, 67, 27, 'Human Rights And Culture', ''),
(998, 62, 128, 'Nutrition & Behavior', ''),
(999, 70, 53, 'Engineering Psychology', ''),
(1000, 61, 195, 'Senior Recital', ''),
(1001, 40, 77, 'Sculpture Foundation', ''),
(1002, 34, 91, 'Environ Pres & Improve', ''),
(1003, 37, 76, 'Experimental College', ''),
(1004, 27, 162, 'Cls,Race,Gndr Hist Us Ed', ''),
(1005, 33, 99, 'Internship En Psychology', ''),
(1006, 26, 19, 'Review Quant Macro Thry', ''),
(1007, 10, 135, 'Ecology of Animal Movement', ''),
(1008, 69, 4, 'First-Year Tutorial in Politic', ''),
(1009, 47, 170, 'Adv Sp To:wrld&transrgnl', ''),
(1010, 70, 28, 'Cognitive Psychology', ''),
(1011, 13, 106, 'Struc Dynamics&eq Eng''g', ''),
(1012, 65, 103, 'Logic', ''),
(1013, 73, 199, 'Senior Honors Thesis A', ''),
(1014, 37, 102, 'Experimental College', ''),
(1015, 16, 133, 'Quantum Mechanics', ''),
(1016, 29, 97, 'Senior Design Project', ''),
(1017, 26, 169, 'Quantitat Int''l Finance', ''),
(1018, 78, 91, 'Special Topics', ''),
(1019, 70, 140, 'Mathematical Psychology', ''),
(1020, 4, 193, 'Independent Study', ''),
(1021, 41, 35, 'Intro To Typography', ''),
(1022, 29, 104, 'Probabilistic Sys Analys', ''),
(1023, 11, 153, 'Biomaterials & Regen Medicine', ''),
(1024, 37, 96, 'Auditing For Breadth', ''),
(1025, 40, 24, 'Drawing: Introduction', ''),
(1026, 15, 164, 'Biomaterials & Regenerative Me', ''),
(1027, 4, 12, 'Race In America', ''),
(1028, 1, 135, 'Intro Machine Learning', ''),
(1029, 77, 73, 'Intro To Queer Studies', ''),
(1030, 69, 121, 'Sem: Pol Cul Com Perp', ''),
(1031, 1, 199, 'Internship Computer Sci', ''),
(1032, 70, 36, 'Exp Social Psy', ''),
(1033, 4, 83, 'Freshman Seminar', ''),
(1034, 14, 188, 'Special Topics', ''),
(1035, 61, 65, 'Mus Recording/production', ''),
(1036, 15, 138, 'Hazard Waste Treat Tech', ''),
(1037, 46, 93, 'Directed Study', ''),
(1038, 51, 21, 'Comp & Conv I', ''),
(1039, 10, 104, 'Immunology', ''),
(1040, 15, 167, 'Metabolic&cellular Engin', ''),
(1041, 76, 178, 'Urban Policy and Planning', ''),
(1042, 32, 199, 'Senior Honors Thesis B', ''),
(1043, 46, 121, 'Composition & Conversat', ''),
(1044, 49, 100, 'Classics Of World Cinema', ''),
(1045, 32, 158, 'Heming, Fitz, Faulk', ''),
(1046, 12, 90, 'Exceptional Child', ''),
(1047, 46, 193, 'Directed Study', ''),
(1048, 74, 199, 'Honors Thesis', ''),
(1049, 47, 190, 'Rsrch Sem:wrld Transr Hs', ''),
(1050, 13, 136, 'Air Pollution Control', ''),
(1051, 13, 54, 'Fundamental Epidemiology', ''),
(1052, 61, 197, 'Special Studies', ''),
(1053, 64, 48, 'Strength Training-Women', ''),
(1054, 12, 125, 'American Sign Lang II', ''),
(1055, 28, 121, 'Art Educ&human Devlpment', ''),
(1056, 27, 111, 'Dev Knowledge&reason Sci', ''),
(1057, 71, 143, 'Sociology Of Religion', ''),
(1058, 29, 121, 'Physiology -Engineers I', ''),
(1059, 37, 36, 'Experimental College', ''),
(1060, 5, 182, 'Human Physique', ''),
(1061, 40, 68, 'Printmaking Without A Press', ''),
(1062, 25, 119, 'History Style & Decor', ''),
(1063, 27, 101, 'Intro To Teaching', ''),
(1064, 25, 2, 'Ancient/medieval Theatre', ''),
(1065, 66, 145, 'Clas.electromag Theory I', ''),
(1066, 21, 450, 'Cross Registration', ''),
(1067, 32, 77, 'The Modern Mind', ''),
(1068, 37, 32, 'Experimental College', ''),
(1069, 1, 97, 'Sr Capstone Project I', ''),
(1070, 70, 131, 'Cog Neuro Psych', ''),
(1071, 73, 149, 'Selected Topics In Soc', ''),
(1072, 41, 43, 'Illustration: An Introduction', ''),
(1073, 70, 129, 'Cognitive Neuroscience', ''),
(1074, 13, 25, 'Rein Concrete Design', ''),
(1075, 10, 115, 'General Physiology', ''),
(1076, 5, 126, 'Food,Nutrition & Culture', ''),
(1077, 12, 163, 'Infancy', ''),
(1078, 27, 91, 'SPECIAL TOPICS', ''),
(1079, 49, 198, 'Senior Honors Thesis A', ''),
(1080, 58, 4, 'Fundamentals Of Math', ''),
(1081, 43, 95, 'Teaching Internship', ''),
(1082, 13, 137, 'Public Health', ''),
(1083, 37, 38, 'Experimental College', ''),
(1084, 8, 340, 'Tufts Abroad Program', ''),
(1085, 56, 114, 'Ling Appr/2nd Lang Acq', ''),
(1086, 32, 164, 'Representing The Jew', ''),
(1087, 29, 171, 'Power Electronics', ''),
(1088, 58, 150, 'Advanced Special Topics', ''),
(1089, 25, 94, 'Special Topics', ''),
(1090, 32, 4, 'Writing Seminar', ''),
(1091, 66, 2, 'Physics 2 and 12 Shared Lab', ''),
(1092, 32, 194, 'Special Topics', ''),
(1093, 37, 58, 'Experimental College', ''),
(1094, 70, 119, 'Family Dynamics&therapy', ''),
(1095, 47, 80, 'Spec Top:world&transrgnl', ''),
(1096, 36, 2, 'Intro To Computing In En', ''),
(1097, 42, 94, 'Independent Study', ''),
(1098, 47, 4, 'Empires and Nations', ''),
(1099, 28, 122, 'Art Edu W Special Pop', ''),
(1100, 16, 54, 'Organic Chem II Lab', ''),
(1101, 11, 8, 'Bme Senior Design/res II', ''),
(1102, 47, 35, 'Afr Am Post Civil Rgts', ''),
(1103, 27, 192, 'Special Topics', ''),
(1104, 13, 24, 'Steel Design', ''),
(1105, 72, 62, 'Mod Russian Literature', ''),
(1106, 32, 170, 'Modern Euro Novel', ''),
(1107, 20, 110, 'Women Of Byzantium', ''),
(1108, 1, 120, 'Web Engineering', ''),
(1109, 72, 94, 'Directed Study: Lang/lit', ''),
(1110, 69, 144, 'The Meaning Of America', ''),
(1111, 10, 5, 'Neuroanatomy', ''),
(1112, 10, 164, 'Marine Biology', ''),
(1113, 13, 99, 'Internship In Cee', ''),
(1114, 73, 113, 'Urban Sociology', ''),
(1115, 35, 2, 'Environ Geology W/lab', ''),
(1116, 75, 94, 'Indep Study: Swahili', ''),
(1117, 59, 18, 'Instruments/experiments', ''),
(1118, 47, 73, 'History Of Iran', ''),
(1119, 73, 181, 'Sem:war/peace/state/soc', ''),
(1120, 10, 188, 'Sem:mol Bio&genetics', ''),
(1121, 61, 120, 'Conducting', ''),
(1122, 38, 98, 'Integrative Project Sem', ''),
(1123, 79, 119, 'Criti Theory: Fem Film&Beyond', ''),
(1124, 12, 145, 'Tech Tools For Learning', ''),
(1125, 13, 81, 'Civil & Enviro En Design', ''),
(1126, 59, 181, 'Adv Dynamics/vibrations', ''),
(1127, 27, 121, 'Prac Of Tchg Science', ''),
(1128, 74, 194, 'Independent Study', ''),
(1129, 59, 16, 'Heat Transfer', ''),
(1130, 9, 194, 'Topics-Astr&astrophysics', ''),
(1131, 7, 92, 'Special Topics', ''),
(1132, 1, 98, 'Sr Capstone Project II', ''),
(1133, 34, 82, 'Imagining the Environment', ''),
(1134, 47, 54, 'Europe Since 1815', ''),
(1135, 34, 27, 'Public Health Engineer', ''),
(1136, 41, 149, 'Oil Painting: A Primer', ''),
(1137, 59, 125, 'Manf Proc & Matrl Tech', ''),
(1138, 49, 66, 'Jews and Germans', ''),
(1139, 70, 9, 'Intro Cognitiv&brain Sci', ''),
(1140, 27, 125, 'Latin&classical Teaching', ''),
(1141, 42, 192, 'Special Topics', ''),
(1142, 59, 1, 'Mech Design & Fab', ''),
(1143, 62, 101, 'Human Nutrition', ''),
(1144, 11, 194, 'Special Topics', ''),
(1145, 32, 92, 'Top In Lit & Culture', ''),
(1146, 7, 22, 'Arabic Reading,Comp,Conv', ''),
(1147, 35, 11, 'Mineralogy W/lab', ''),
(1148, 13, 96, 'Research Thesis B', ''),
(1149, 10, 14, 'Organisms&populat W/lab', ''),
(1150, 69, 129, 'African Politics', ''),
(1151, 10, 2, 'Biology & Amer Soc Cont', ''),
(1152, 69, 196, 'Independent Study', ''),
(1153, 5, 178, 'Posthuman Thought', ''),
(1154, 67, 160, 'Env Justice & World Lit', ''),
(1155, 76, 183, 'EarlyCare/EducPolicyPrac', ''),
(1156, 43, 76, 'Vienna: A Biography', ''),
(1157, 15, 52, 'Chem & Biological En Lab', ''),
(1158, 58, 14, 'Intro To Finite Math', ''),
(1159, 61, 59, 'Psychology Of Music', ''),
(1160, 36, 9, 'App Mechanics-Strngth', ''),
(1161, 1, 131, 'Artificial Intelligence', ''),
(1162, 65, 120, 'Metaphysics', ''),
(1163, 51, 194, 'Independent Study', ''),
(1164, 66, 164, 'Quantum Physics II', ''),
(1165, 49, 92, 'Special Topics', ''),
(1166, 3, 147, 'Special Topics', ''),
(1167, 17, 4, 'Intermediate Chinese', ''),
(1168, 5, 150, 'Human Evolution', ''),
(1169, 51, 94, 'Independent Study', ''),
(1170, 10, 185, 'Food4All:Eco,Tech,Sust', ''),
(1171, 73, 194, 'Special Topics', ''),
(1172, 16, 132, 'Chem Kinetics/dynamics', ''),
(1173, 66, 43, 'Electricity/magnetism II', ''),
(1174, 17, 22, 'Reading & Conversation', '');
INSERT INTO `class` (`id`, `subject`, `course_number`, `name`, `description`) VALUES
(1175, 6, 91, 'Afr&new Wrld Intrd Prjt', ''),
(1176, 42, 32, 'Readings In Fr Lit II', ''),
(1177, 58, 136, 'Real Analysis II', ''),
(1178, 61, 97, 'Special Topics', ''),
(1179, 38, 21, 'Early Islamic Art', ''),
(1180, 72, 2, 'Elementary Russian', ''),
(1181, 12, 320, 'Lower Level Elective Crd', ''),
(1182, 15, 122, 'Physical Chem Polymers', ''),
(1183, 38, 19, 'Classical Archaeology', ''),
(1184, 25, 125, 'Scene Design', ''),
(1185, 58, 158, 'Complex Variables', ''),
(1186, 46, 2, 'Elementary Hebrew', ''),
(1187, 11, 51, 'Intro To Biophotonics', ''),
(1188, 25, 184, 'Practicum In Design', ''),
(1189, 70, 55, 'Hum Sexual Behavior', ''),
(1190, 74, 35, 'Survey Latin Amer Lit II', ''),
(1191, 42, 194, 'Independent Study', ''),
(1192, 66, 146, 'Electromag Theory II', ''),
(1193, 61, 3, 'Intro To World Music', ''),
(1194, 5, 42, 'Extreme Environments', ''),
(1195, 74, 192, 'Special Topics', ''),
(1196, 69, 139, 'Sem In Compar Politics', ''),
(1197, 13, 1, 'Intro Civil & Environ En', ''),
(1198, 63, 103, 'Neuroanatomy', ''),
(1199, 72, 78, 'Warrior Nations: Rus-Us', ''),
(1200, 70, 112, 'Bio Bases Of Psychopatho', ''),
(1201, 11, 6, 'Bme Junior Design/res II', ''),
(1202, 32, 88, 'Film Noir&am Tradition', ''),
(1203, 38, 122, 'Iconoclasm&iconophobia', ''),
(1204, 16, 12, 'General Chemistry', ''),
(1205, 14, 2, 'Health Care In America', ''),
(1206, 5, 17, 'Latino Music Migr&ident', ''),
(1207, 73, 23, 'Self & Society', ''),
(1208, 5, 5, 'Freshman Seminar', ''),
(1209, 70, 108, 'Adv Statistics II', ''),
(1210, 58, 16, 'Symmetry', ''),
(1211, 24, 340, 'Tufts Abroad Program', ''),
(1212, 36, 27, 'Public Health Engineer', ''),
(1213, 47, 51, 'History Ancient Rome', ''),
(1214, 27, 124, 'Practices Teaching Lang', ''),
(1215, 71, 126, 'Roots Jewish Imagination', ''),
(1216, 25, 39, 'Contemp American Theatre', ''),
(1217, 20, 27, 'Classical Archaeology', ''),
(1218, 35, 92, 'Geological Research', ''),
(1219, 52, 94, 'Directed Study', ''),
(1220, 35, 52, 'Paleoclimate', ''),
(1221, 13, 133, 'Wastewater Plant Design', ''),
(1222, 13, 12, 'Intro To Hydraulic Eng', ''),
(1223, 47, 77, 'EGYPT SINCE 1952', ''),
(1224, 33, 61, 'Intro Human Factors&ergo', ''),
(1225, 16, 42, 'Quantitative Analysis', ''),
(1226, 38, 193, 'Hist Modern Arch', ''),
(1227, 32, 30, 'Twice Told Tales', ''),
(1228, 69, 124, 'Sem: Pol Ec Adv Ind Dem', ''),
(1229, 66, 41, 'Electronics', ''),
(1230, 71, 53, 'Intro Religions Of China', ''),
(1231, 12, 120, 'Assess Of Children', ''),
(1232, 15, 170, 'Design/analy Of Experim', ''),
(1233, 29, 127, 'Information Theory', ''),
(1234, 32, 107, 'Chaucer', ''),
(1235, 5, 163, 'Latino Cinema Imag', ''),
(1236, 29, 129, 'Computer Commun Network', ''),
(1237, 27, 92, 'SPECIAL TOPICS', ''),
(1238, 65, 195, 'Special Topics', ''),
(1239, 61, 171, 'Studies/ African Music', ''),
(1240, 25, 194, 'Special Topics', ''),
(1241, 26, 8, 'Prin Econ W/envir App', ''),
(1242, 77, 199, 'Senior Honors Thesis B', ''),
(1243, 16, 82, 'Research II', ''),
(1244, 70, 182, 'Sr Capstone in Clin Psy B', ''),
(1245, 38, 2, 'Introduction to World Art II', ''),
(1246, 26, 119, 'Quant Games & Info', ''),
(1247, 29, 94, 'Special Topics', ''),
(1248, 44, 102, 'Advanced Gis', ''),
(1249, 25, 65, 'Sport As Performance', ''),
(1250, 32, 64, 'Amer Fiction 1950-Pres', ''),
(1251, 34, 196, 'Selected Topics', ''),
(1252, 74, 94, 'Independent Study', ''),
(1253, 51, 75, 'Italian Film', ''),
(1254, 73, 10, 'American Society', ''),
(1255, 16, 84, 'Research IV', ''),
(1256, 69, 21, 'Intro Compar Pol', ''),
(1257, 47, 156, 'Science, Magic & Society', ''),
(1258, 47, 2, 'Globalization', ''),
(1259, 27, 340, 'Tufts Program Abroad', ''),
(1260, 29, 197, 'Honors Thesis - Ee', ''),
(1261, 10, 171, 'Biochemistry I', ''),
(1262, 7, 122, 'Advanced Mod Std Arabic', ''),
(1263, 74, 32, 'Main Current-Spn Lit II', ''),
(1264, 12, 167, 'Children & Mass Media', ''),
(1265, 13, 70, 'Intro Hazard Mat Mangmnt', ''),
(1266, 12, 135, 'Supervised Teaching I', ''),
(1267, 42, 122, 'Advanced French Lang II', ''),
(1268, 52, 92, 'Special Topics', ''),
(1269, 49, 74, 'Gender & Pol in Rus Cult', ''),
(1270, 26, 155, 'Quant Fin Ec', ''),
(1271, 65, 192, 'Seminars In Philosophy', ''),
(1272, 15, 173, 'Clean Energy Technologie', ''),
(1273, 29, 18, 'Electromagnetic Fields & Waves', ''),
(1274, 54, 197, 'Lat Am St Sr Sem', ''),
(1275, 15, 185, 'Drug Product Formulation', ''),
(1276, 47, 96, 'Foundation Sem : Europe', ''),
(1277, 59, 129, 'Finite Elements', ''),
(1278, 41, 48, 'Beginning Jewelry', ''),
(1279, 7, 4, 'Intermed Std Arabic II', ''),
(1280, 47, 71, 'Middle East  & No Afr Sinc WWI', ''),
(1281, 66, 7, 'Cosmology for the Curious', ''),
(1282, 1, 112, 'Networks', ''),
(1283, 53, 150, 'Jewish Music & Prayer', ''),
(1284, 47, 3, 'World In Motion', ''),
(1285, 61, 102, 'Prin Of Tonal Theory II', ''),
(1286, 72, 199, 'Senior Honors Thesis B', ''),
(1287, 12, 179, 'Child Art', ''),
(1288, 52, 4, 'Intermediate Japanese', ''),
(1289, 10, 106, 'Microbiology W/lab', ''),
(1290, 34, 10, 'Plants & Humanity', ''),
(1291, 65, 194, 'Special Topics', ''),
(1292, 46, 4, 'Intermediate Hebrew', ''),
(1293, 43, 4, 'Intermediate German', ''),
(1294, 24, 81, '20th Cent. American Dance', ''),
(1295, 70, 123, 'Psychopharmacology', ''),
(1296, 43, 34, 'German Business&politics', ''),
(1297, 43, 2, 'Elementary German', ''),
(1298, 72, 122, 'Advanced Russian', ''),
(1299, 20, 192, 'Adv Sp Stdy,Sem:classics', ''),
(1300, 61, 44, 'History Of Rock ''n'' Roll', ''),
(1301, 24, 117, 'Dance Composition', ''),
(1302, 5, 128, 'Mesoamerican Archaeology', ''),
(1303, 49, 80, 'Walter Benjamin', ''),
(1304, 26, 320, 'Lower Level Elective Crd', ''),
(1305, 1, 181, 'Compilers', ''),
(1306, 7, 157, 'War Memory Lit/Film ME', ''),
(1307, 20, 38, 'History Ancient Rome', ''),
(1308, 66, 92, 'Special Topics', ''),
(1309, 43, 62, 'Survey German Lit II', ''),
(1310, 47, 29, 'Us For Relat Since 1900', ''),
(1311, 37, 56, 'Experimental College', ''),
(1312, 12, 85, 'Promo Pos Youth Dev', ''),
(1313, 69, 130, 'Sem:african Pol Economy', ''),
(1314, 1, 175, 'Computer Graphics', ''),
(1315, 5, 40, 'Biological Anthropology', ''),
(1316, 32, 154, 'American Indian Writers', ''),
(1317, 65, 92, 'Special Topics', ''),
(1318, 72, 85, 'Film & Nation:rus&c.asia', ''),
(1319, 68, 24, 'POR for SP II', ''),
(1320, 11, 94, 'Special Topics', ''),
(1321, 59, 80, 'System Dynamics&controls', ''),
(1322, 25, 20, 'Stage Engineering', ''),
(1323, 26, 140, 'Labor Economics', ''),
(1324, 51, 121, 'Advanced Italian Lang', ''),
(1325, 11, 161, 'Human Factor Prod Design', ''),
(1326, 80, 198, 'Capstone Project', ''),
(1327, 24, 47, 'North Indian Kathak', ''),
(1328, 26, 62, 'Econ Intern''l Migration', ''),
(1329, 27, 182, 'Tech Tools For Learning', ''),
(1330, 49, 199, 'Senior Honors Thesis B', ''),
(1331, 33, 166, 'Computer Interface Desig', ''),
(1332, 16, 94, 'Special Topics', ''),
(1333, 26, 330, 'Upper Level Elective Crd', ''),
(1334, 24, 21, 'Modern I', ''),
(1335, 43, 196, 'German Internship', ''),
(1336, 43, 22, 'Composition/conversation', ''),
(1337, 53, 92, 'Special Topics', ''),
(1338, 70, 130, 'Adv Engineering Psy', ''),
(1339, 10, 194, 'Independent Research', ''),
(1340, 12, 164, 'Cult Div In Chld Fam Svc', ''),
(1341, 8, 128, 'Mesoamerican Archaeology', ''),
(1342, 61, 104, 'Jazz Theory', ''),
(1343, 47, 67, 'Mod Spain: Empire To Eu', ''),
(1344, 3, 198, 'Senior Honors Thesis B', ''),
(1345, 11, 154, 'Tissue EN & Regenerative Med', ''),
(1346, 26, 196, 'Senior Honors Thesis B', ''),
(1347, 8, 27, 'Classical Archaeology', ''),
(1348, 50, 92, 'Quantitative Research Methods', ''),
(1349, 15, 62, 'Molecular Biotechnology', ''),
(1350, 72, 4, 'Intermediate Russian', ''),
(1351, 10, 134, 'Neurobiology', ''),
(1352, 67, 190, 'Intg Sem:pce,Jus,Soc Chg', ''),
(1353, 70, 145, 'Mental Representation', ''),
(1354, 47, 157, 'Women Of Byzantium', ''),
(1355, 71, 37, 'Hist. of Christianity 2', ''),
(1356, 43, 180, 'Walter Benjamin', ''),
(1357, 45, 2, 'Elem Ancient Greek II', ''),
(1358, 32, 22, 'Gen View Of Eng Lit II', ''),
(1359, 69, 142, 'Ethics and IR', ''),
(1360, 38, 41, 'Age Of Rembrant&bernini', ''),
(1361, 69, 199, 'Senior Honors Thesis', ''),
(1362, 56, 149, 'Psych Of Language', ''),
(1363, 10, 12, 'Human Reproduction & Dev', ''),
(1364, 32, 108, 'Virgil And Dante', ''),
(1365, 11, 162, 'Molecular Biotechnology', ''),
(1366, 59, 194, 'Special Topics', ''),
(1367, 43, 194, 'Directed Study', ''),
(1368, 47, 74, 'Modern Armenia', ''),
(1369, 66, 32, 'Intermed Mechanics', ''),
(1370, 75, 2, 'Elementary Swahili II', ''),
(1371, 26, 171, 'Topics In Ind Org', ''),
(1372, 29, 98, 'Senior Design Project', ''),
(1373, 16, 194, 'Special Topics', ''),
(1374, 32, 134, 'James Joyce Ulysses', ''),
(1375, 52, 2, 'Elementary Japanese', ''),
(1376, 7, 199, 'Arabic Honors Thesis B', ''),
(1377, 16, 6, 'Big Bang To Humankind', ''),
(1378, 26, 132, 'Energy Markets', ''),
(1379, 71, 56, 'Contemporary Catholicism', ''),
(1380, 20, 176, 'Ancient Medicine Seminar', ''),
(1381, 10, 105, 'Molecular Biology', ''),
(1382, 47, 24, 'Revolution Am:1763-1815', ''),
(1383, 27, 117, 'Interdisciplinary Elem C', ''),
(1384, 15, 166, 'Cell/microbe Cultivation', ''),
(1385, 74, 104, 'Poetry In Spanish Amer', ''),
(1386, 61, 185, 'Studies-Women & Music', ''),
(1387, 69, 11, 'Intro American Politics', ''),
(1388, 69, 157, 'Markets, Morals, Religion', ''),
(1389, 3, 22, 'Black World Literature', ''),
(1390, 41, 2, 'Anatomy:muscles', ''),
(1391, 32, 180, 'Psychoanly&clt Criticism', ''),
(1392, 17, 122, 'Advanced Chinese II', ''),
(1393, 5, 144, 'Popular Cultures Mideast', ''),
(1394, 11, 25, 'Biophysics', ''),
(1395, 10, 119, 'Biophysics', ''),
(1396, 46, 94, 'Directed Study', ''),
(1397, 34, 186, 'Coastal Resources Management', ''),
(1398, 10, 50, 'Exper In Molecular Bio', ''),
(1399, 19, 85, 'Film & Nation:rus&c.asia', ''),
(1400, 16, 152, 'Adv Organic Synthesis', ''),
(1401, 69, 102, 'Congress,Bureau,Pub Pol', ''),
(1402, 32, 192, 'Seminar In English', ''),
(1403, 73, 20, 'Family & Intimate Relatn', ''),
(1404, 38, 121, 'Early Islamic Art', ''),
(1405, 59, 145, 'Power Generation Systems', ''),
(1406, 65, 45, 'War and Terrorism', ''),
(1407, 63, 107, 'Occuptn/adaptn:adult', ''),
(1408, 7, 2, 'Elem Mod Standard Arabic', ''),
(1409, 25, 15, 'Makeup Design & Appl', ''),
(1410, 12, 130, 'Topics Early Childhood Ed', ''),
(1411, 69, 492, 'Wash:foreign Pol Sem II', ''),
(1412, 29, 133, 'Digital Image Process', ''),
(1413, 58, 162, 'Statistics', ''),
(1414, 55, 30, 'Medieval Latin', ''),
(1415, 55, 130, 'Medieval Latin', ''),
(1416, 53, 94, 'Directed Study', ''),
(1417, 25, 156, 'Directing II', ''),
(1418, 49, 192, 'Special Topics', ''),
(1419, 16, 52, 'Organic Chemistry II', ''),
(1420, 1, 340, 'Tufts Abroad Program', ''),
(1421, 11, 122, 'Quant Physiology II', ''),
(1422, 74, 107, 'Testimonial Lit Lat Amer', ''),
(1423, 76, 181, 'Homelessness In America', ''),
(1424, 41, 147, 'Mapping Drawing/painting', ''),
(1425, 25, 3, 'Early Modern Theatre', ''),
(1426, 34, 160, 'Env Justice & World Lit', ''),
(1427, 47, 192, 'Research Sem: Latin Amer', ''),
(1428, 70, 117, 'Autism&NeurDevDisorders', ''),
(1429, 26, 87, 'Econ Of Brit Ind Rev', ''),
(1430, 24, 69, 'West African Dnc Comm', ''),
(1431, 12, 330, 'Upper Level Elective Crd', ''),
(1432, 10, 152, 'Biochem & Cell Metab', ''),
(1433, 11, 90, 'Honors Thesis B', ''),
(1434, 42, 92, 'Special Topics', ''),
(1435, 12, 156, 'Neurosci & Disorder Dev', ''),
(1436, 35, 104, 'Geo Applications Of Gis', ''),
(1437, 12, 138, 'Sociocultural Foundations II', ''),
(1438, 43, 66, 'Jews and Germans', ''),
(1439, 32, 46, 'Girls'' Books', ''),
(1440, 12, 147, 'Advanced Curriculum I', ''),
(1441, 72, 192, 'Special Topics', ''),
(1442, 15, 102, 'Reactor Design', ''),
(1443, 29, 100, 'Design Of Med Instrument', ''),
(1444, 9, 9, 'Concepts Of The Cosmos', ''),
(1445, 68, 4, 'Intermed Portuguese II', ''),
(1446, 4, 340, 'Tufts Program Abroad', ''),
(1447, 61, 143, 'Hst West Mus (1770-Pres)', ''),
(1448, 77, 85, 'Topics in WGSS', ''),
(1449, 17, 2, 'Elementary Chinese', ''),
(1450, 65, 118, 'Philosophy Of Biology', ''),
(1451, 47, 36, 'Communities In Usa', ''),
(1452, 12, 165, 'Families and Schools', ''),
(1453, 12, 68, 'Adolescent & Development', ''),
(1454, 25, 57, 'Bertolt Brecht', ''),
(1455, 45, 101, 'Greek Epic', ''),
(1456, 30, 194, 'Special Topics', ''),
(1457, 73, 50, 'Globalization&socialchng', ''),
(1458, 17, 194, 'Advanced Directed Study', ''),
(1459, 55, 182, 'Latin Seminars', ''),
(1460, 27, 123, 'Prac Of Tchg English', ''),
(1461, 74, 92, 'Special Topics', ''),
(1462, 53, 126, 'Roots Jewish Imagination', ''),
(1463, 7, 94, 'Dir Study: Lang Or Lit', ''),
(1464, 12, 181, 'EarlyCare/EducPolicyPrac', ''),
(1465, 71, 22, 'Intro To New Testament', ''),
(1466, 12, 7, 'Child & Educ Process', ''),
(1467, 47, 154, 'Hlth/heal Medieval Eur', ''),
(1468, 74, 124, 'Spn-Eng Translation Wksh', ''),
(1469, 10, 178, 'Seminar In Immunology', ''),
(1470, 70, 98, 'Readings In Psychology', ''),
(1471, 27, 199, 'Field Studies In Educ', ''),
(1472, 49, 82, 'Imagining Environment', ''),
(1473, 33, 161, 'Human Factor Prod Design', ''),
(1474, 69, 138, 'Topics In Compar Pol', ''),
(1475, 47, 37, 'Civil War, Race, & Reconstruct', ''),
(1476, 72, 162, 'Mod Rus Lit 1930-Today', ''),
(1477, 10, 180, 'Sem:conservation Biology', ''),
(1478, 16, 162, 'Chemistry Transition Elm', ''),
(1479, 53, 78, 'Jewish Women', ''),
(1480, 66, 96, 'Senior Thesis B', ''),
(1481, 66, 16, 'Special Topics', ''),
(1482, 71, 104, 'Feminist Theologies', ''),
(1483, 20, 65, 'Journey Of The Hero', ''),
(1484, 53, 191, 'Special Topics', ''),
(1485, 28, 176, 'Art Ed Curric Pre K-8', ''),
(1486, 49, 86, 'Film & Nation:rus&c.asia', ''),
(1487, 24, 92, 'Special Topics', ''),
(1488, 26, 184, 'Number & Size Of Nations', ''),
(1489, 70, 11, 'Developmental Psych', ''),
(1490, 66, 25, 'Biophysics', ''),
(1491, 73, 103, 'Survey Social Theory', ''),
(1492, 69, 491, 'Wash:foreign Pol Sem I', ''),
(1493, 29, 113, 'Semiconduct Device W/lab', ''),
(1494, 71, 78, 'Jewish Women', ''),
(1495, 64, 49, 'Soccer/basketball', ''),
(1496, 43, 94, 'Directed Study', ''),
(1497, 13, 158, 'Occupat & Environ Health', ''),
(1498, 58, 128, 'Numerical Linear Algebra', ''),
(1499, 64, 145, 'Advanced Prin Exercise', ''),
(1500, 31, 153, 'Management Of Innovation', ''),
(1501, 17, 199, 'Senior Honors Thesis', ''),
(1502, 42, 42, 'La Belle Epoque', ''),
(1503, 65, 150, 'Plato''s Socrates', ''),
(1504, 34, 197, 'Advanced GIS', ''),
(1505, 58, 44, 'Honors Calculus III', ''),
(1506, 24, 15, 'Ballet IV', ''),
(1507, 29, 145, 'Adv Digital Signal Proc', ''),
(1508, 20, 31, 'Classics Of Greece', ''),
(1509, 29, 135, 'Adv Electromagnetics', ''),
(1510, 53, 142, 'Jewish Exp On Film', ''),
(1511, 45, 182, 'Greek Seminar', ''),
(1512, 12, 161, 'Adv Pers & Soc Devel', ''),
(1513, 11, 131, 'Prin Medical Imaging', ''),
(1514, 70, 92, 'Research In Psychology', ''),
(1515, 17, 192, 'Special Topics', ''),
(1516, 47, 43, 'Japan Since 1868', ''),
(1517, 15, 94, 'Independent Study', ''),
(1518, 73, 121, 'Sociology Of Law', ''),
(1519, 41, 97, 'Intermediate Web Design', ''),
(1520, 59, 121, 'Biomaterials', ''),
(1521, 59, 112, 'Therm-Fluid Transport II', ''),
(1522, 59, 127, 'Polymer Materials & Proc', ''),
(1523, 36, 10, 'Intro To Materials Sci', ''),
(1524, 9, 15, 'Special Topics', ''),
(1525, 12, 188, 'Seminar In Govt & Family', ''),
(1526, 53, 66, 'Jews and Germans', ''),
(1527, 24, 23, 'Modern III', ''),
(1528, 43, 96, 'Teaching Internship', ''),
(1529, 49, 64, 'Intro Yiddish Culture', ''),
(1530, 11, 166, 'Computer Interface Desig', ''),
(1531, 9, 6, 'Big Bang To Humankind', ''),
(1532, 71, 132, 'Book Of Genesis & Interp', ''),
(1533, 47, 19, 'Modern Latin America', ''),
(1534, 15, 162, 'Molecular Biotechnology', ''),
(1535, 70, 80, 'Psychology Of Music', ''),
(1536, 36, 4, 'Intro Digit Elect W/lab', ''),
(1537, 70, 149, 'Psych Of Language', ''),
(1538, 48, 199, 'Asian Sty Honors Thesis', ''),
(1539, 71, 122, 'Iconoclasm&iconophobia', ''),
(1540, 1, 115, 'Database Systems', ''),
(1541, 51, 192, 'Special Topics', ''),
(1542, 59, 137, 'Advanced Vibrations', ''),
(1543, 17, 128, 'Practical Writing', ''),
(1544, 16, 145, 'Separation Science', ''),
(1545, 10, 46, 'Cell Biology', ''),
(1546, 12, 144, 'Qual Research Methods', ''),
(1547, 15, 39, 'Applied Numerical Method', ''),
(1548, 3, 92, 'Intro to Africana Studies', ''),
(1549, 51, 52, 'Dantes Purgatorio&paradi', ''),
(1550, 25, 199, 'Senior Honors Thesis B', ''),
(1551, 78, 71, 'Scandinavian Lit', ''),
(1552, 58, 72, 'Abstract Linear Algebra', ''),
(1553, 12, 192, 'Apprch To Prob Behavior', ''),
(1554, 17, 52, 'Chinese Characters', ''),
(1555, 77, 92, 'Rape Crisis & Recovery', ''),
(1556, 15, 99, 'Internship In Chbe', ''),
(1557, 32, 74, 'Jazz Age', ''),
(1558, 65, 6, 'Reasoning&crit Think', ''),
(1559, 71, 44, 'Intro To Hinduism', ''),
(1560, 46, 192, 'Directed Study', ''),
(1561, 29, 31, 'Junior Design Project', ''),
(1562, 10, 130, 'Animal Behavior', ''),
(1563, 47, 33, 'WomenInAmerSince1950''s', ''),
(1564, 64, 42, 'Spinning', ''),
(1565, 35, 13, 'Isotope Geochemistry', ''),
(1566, 10, 6, 'Big Bang To Humankind', ''),
(1567, 13, 173, 'Health/risk Assessment', ''),
(1568, 33, 194, 'Special Topics', ''),
(1569, 61, 42, 'History Of Jazz', ''),
(1570, 27, 1, 'School And Society', ''),
(1571, 17, 340, 'Tufts Program Abroad', ''),
(1572, 55, 22, 'Latin Poetry', ''),
(1573, 5, 117, 'Coming of Age Africa', ''),
(1574, 53, 65, 'Intro Yiddish Culture', ''),
(1575, 16, 142, 'Advanced Analytical Meth', ''),
(1576, 20, 186, 'Seminar Ancient History', ''),
(1577, 29, 108, 'Wireless Communications', ''),
(1578, 61, 193, 'Studies In Popular Music', ''),
(1579, 72, 170, 'Gender & Pol in Russ Cult', ''),
(1580, 52, 192, 'Special Topics/seminar', ''),
(1581, 47, 193, 'Research Sem:north Amer', ''),
(1582, 13, 143, 'Site Remediation Tech', ''),
(1583, 16, 163, 'Diffraction Method Str D', ''),
(1584, 52, 194, 'Advanced Directed Study', ''),
(1585, 47, 161, 'Vienna: A Biography', ''),
(1586, 32, 159, 'Contemp Jewish Fiction', ''),
(1587, 46, 22, 'Conversation/composition', ''),
(1588, 43, 182, 'Imagining Environment', ''),
(1589, 32, 51, 'Shakespeare II', ''),
(1590, 49, 162, 'End of the World, Plan B', ''),
(1591, 32, 151, 'Poe/hawthorne/melville', ''),
(1592, 50, 198, 'Senior Honors Thesis B', ''),
(1593, 43, 80, 'Walter Benjamin', ''),
(1594, 35, 194, 'Senior Thesis B', ''),
(1595, 10, 187, 'Mammalian Cns W/lab', ''),
(1596, 34, 152, 'Environmental Negotiations', ''),
(1597, 49, 194, 'Directed Study', ''),
(1598, 61, 66, 'Elec Mus Inst Design', ''),
(1599, 32, 160, 'Env Justice & World Lit', ''),
(1600, 16, 34, 'Physical Chemistry Lab', ''),
(1601, 12, 190, 'Children W/special Needs', ''),
(1602, 64, 24, 'Downhill Skiing/snowboar', ''),
(1603, 65, 124, 'Bioethics', ''),
(1604, 13, 149, 'Earth Support Systems', ''),
(1605, 49, 70, 'Intro to Visual Studies', ''),
(1606, 15, 60, 'Product & Process Design', ''),
(1607, 33, 149, 'Seminar In Enp', ''),
(1608, 10, 108, 'Plant Development', ''),
(1609, 49, 88, 'Warrior Nations: Rus-Us', ''),
(1610, 51, 32, 'Readings Italian Lit II', ''),
(1611, 14, 55, 'Race,Ethnicity & Health', ''),
(1612, 65, 114, 'Topics In Logic', ''),
(1613, 13, 129, 'Bridge Design & Rehab', ''),
(1614, 71, 65, 'Intro Yiddish Culture', ''),
(1615, 47, 164, 'Econ Of Brit Ind Rev', ''),
(1616, 65, 168, 'Newton''s Principia', ''),
(1617, 55, 104, 'Latin Philosophy/oratory', ''),
(1618, 13, 105, 'Finite Elements', ''),
(1619, 13, 132, 'Enviromental Eng Process', ''),
(1620, 47, 13, 'Reconst Afr Past To 1850', ''),
(1621, 27, 127, 'Prac Teach Elem Stem', ''),
(1622, 28, 174, 'Student Teach Art 5-12', ''),
(1623, 5, 20, 'Global Cities', ''),
(1624, 61, 130, 'Jazz Arranging/composit', ''),
(1625, 64, 43, 'Muscle Conditioning', ''),
(1626, 70, 135, 'Leadership&group Dynamic', ''),
(1627, 27, 102, 'Supv Tchg Mid & Sec Sch', ''),
(1628, 29, 192, 'Seminar Elec Enginrg', ''),
(1629, 53, 80, 'Walter Benjamin', ''),
(1630, 38, 192, 'Special Topics', ''),
(1631, 52, 61, 'Intro Japanese Culture', ''),
(1632, 53, 194, 'Directed Study', ''),
(1633, 36, 7, 'Thermodynamics', ''),
(1634, 69, 184, 'Sem: Better than the Truth', ''),
(1635, 61, 52, 'Music Of Middle East', ''),
(1636, 4, 141, 'Innovative Social Enter', ''),
(1637, 12, 140, 'Probs Resrch:statistics', ''),
(1638, 43, 57, 'Bertolt Brecht', ''),
(1639, 66, 153, 'Statistical Mechanics', ''),
(1640, 37, 194, 'Cms Senior Project', ''),
(1641, 77, 72, 'Intro to WGSS', ''),
(1642, 47, 320, 'Lower Level Elective Crd', ''),
(1643, 73, 70, 'Immigration', ''),
(1644, 69, 100, 'Politics of Immigration', ''),
(1645, 34, 164, 'Marine Biology', ''),
(1646, 72, 22, 'Composition/conversation', ''),
(1647, 52, 199, 'Honors Thesis B', ''),
(1648, 47, 56, 'Europe-High Middle Ages', ''),
(1649, 27, 140, 'Behavior Mgmnt In Clsrm', ''),
(1650, 13, 142, 'Advanced Soil Mechanics', ''),
(1651, 17, 94, 'Directed Study', ''),
(1652, 52, 118, 'Haruki Murakami & World Lit', ''),
(1653, 75, 4, 'Intermediate Swahili II', ''),
(1654, 29, 160, 'Cad Of Microwave Cir', ''),
(1655, 32, 20, 'Black World Lit', ''),
(1656, 65, 16, 'Philosophy Of Religion', ''),
(1657, 47, 163, 'Britain&u.s. 2nd Ww-Pres', ''),
(1658, 10, 143, 'Evolutionary Biology', ''),
(1659, 32, 183, 'Gt Depression & Culture', ''),
(1660, 65, 125, 'Racism & Soc Inequal', ''),
(1661, 61, 110, 'African Music System', ''),
(1662, 61, 35, 'Mus On Film/film On Mus', ''),
(1663, 58, 112, 'History Of Mathematics', ''),
(1664, 46, 122, 'Composition & Conversat', ''),
(1665, 71, 23, 'Early Islamic Art', ''),
(1666, 47, 62, 'Modern Russia', ''),
(1667, 70, 155, 'Phonological Theory', ''),
(1668, 71, 6, 'Philosophy Of Religion', ''),
(1669, 12, 310, 'Non Major Credit', ''),
(1670, 29, 26, 'Digital Logic Sys W/lab', ''),
(1671, 35, 152, 'Paleoclimate', ''),
(1672, 69, 42, 'Western Pol Thought II', ''),
(1673, 71, 106, 'Religion, Violence and Sexuali', ''),
(1674, 12, 142, 'Probs Resrch:meth&desgn', ''),
(1675, 69, 150, 'Plato''s Socrates', ''),
(1676, 15, 161, 'Protein Purification', ''),
(1677, 49, 60, 'Intro to Literary & Cultural', ''),
(1678, 71, 40, 'Religion in America 2', ''),
(1679, 17, 101, 'Foundations Chns Thought', ''),
(1680, 61, 30, 'Mus/paris&vienna/20th Ce', ''),
(1681, 27, 167, 'Crts: Issues In Urban Ed', ''),
(1682, 52, 124, 'Advan Read Jpn Culture', ''),
(1683, 27, 104, 'Supervised Teach/ Elementary', ''),
(1684, 13, 128, 'Structural Mechanics', ''),
(1685, 12, 51, 'Intell Devel Yng Child', ''),
(1686, 36, 95, 'Elec Mus Inst Design', ''),
(1687, 25, 16, 'Costume Technology', ''),
(1688, 29, 147, 'Analog&mixed Signal Mos', ''),
(1689, 69, 497, 'Wash:foreign Pol Intern', ''),
(1690, 71, 10, 'Special Topics', ''),
(1691, 16, 171, 'Biochemistry I', ''),
(1692, 16, 32, 'Physical Chem II', ''),
(1693, 7, 194, 'Adv Dir Stdy: Lang/lit', ''),
(1694, 43, 82, 'Imagining Environment', ''),
(1695, 41, 22, 'Photo & Digital Printmak', ''),
(1696, 71, 158, 'MUSIC AND PRAYER IN THE JEWISH', ''),
(1697, 11, 185, 'Drug Product Formulation', ''),
(1698, 61, 54, 'Mus&prayer/jewish Trad', ''),
(1699, 65, 133, 'Philosophy Of Language', ''),
(1700, 40, 53, 'Intro To Painting Cont''d', ''),
(1701, 1, 170, 'Computation Theory', ''),
(1702, 1, 194, 'Directed Study', ''),
(1703, 1, 171, 'Human Computer Interactn', ''),
(1704, 14, 56, 'Introduction to Global Health', ''),
(1705, 13, 32, 'Environmental En Prin', ''),
(1706, 27, 122, 'Prac Of Tchg Math', ''),
(1707, 47, 195, 'Research Sem: South Asia', ''),
(1708, 71, 145, 'Tibetan Buddhism', ''),
(1709, 66, 64, 'Expermtl Modern Physics', ''),
(1710, 11, 4, 'Bme Soph Design/res II', ''),
(1711, 78, 92, 'Seminars In Wrld Lit', ''),
(1712, 10, 131, 'Prin Medical Imaging', ''),
(1713, 56, 133, 'Philosophy Of Language', ''),
(1714, 65, 20, 'Intro to Civic Studies', ''),
(1715, 70, 198, 'Superv Read In Sp Top', ''),
(1716, 65, 39, 'Knowing & Being', ''),
(1717, 58, 146, 'Abstract Algebra II', ''),
(1718, 72, 70, 'Gender & Politics in Russ Cult', ''),
(1719, 38, 15, 'Japanese Architecture', ''),
(1720, 25, 25, 'Stage Management', ''),
(1721, 25, 118, 'Lighting Design II', ''),
(1722, 47, 11, 'Global Hist of Int''l Devel', ''),
(1723, 69, 134, 'Comp Politics Mid East', ''),
(1724, 69, 148, 'Seminar:montesquieu', ''),
(1725, 65, 42, 'Western Pol Thought II', ''),
(1726, 1, 167, 'Computational Biology', ''),
(1727, 43, 92, 'Special Topics', ''),
(1728, 24, 13, 'Ballet II', ''),
(1729, 16, 136, 'Spectroscopy & Molecular', ''),
(1730, 26, 130, 'Topics In Environ Econ', ''),
(1731, 63, 138, 'Mandatory Fieldwork Sem', ''),
(1732, 59, 123, 'Mech Comp & Hetero Matl', ''),
(1733, 65, 152, 'Hist Of Modern Phil', ''),
(1734, 34, 130, 'Animal Behavior', ''),
(1735, 69, 493, 'Wash:foreign Pol Resrch', ''),
(1736, 37, 87, 'Experimental College', ''),
(1737, 28, 173, 'Student Teach Art Prek-8', ''),
(1738, 49, 62, 'Jewish Women', ''),
(1739, 71, 121, 'Early Islamic Art', ''),
(1740, 38, 120, 'Armenian Art,Arch & Pol', ''),
(1741, 71, 120, 'Armenian Art, Arch&pol', ''),
(1742, 10, 133, 'Ecological Models and Data', ''),
(1743, 61, 115, 'Orchestration', ''),
(1744, 49, 72, 'Vienna: A Biography', ''),
(1745, 20, 150, 'Plato''s Socrates', ''),
(1746, 56, 154, 'Phonological Theory', ''),
(1747, 5, 148, 'Medical Anthropology', ''),
(1748, 31, 155, 'Financial Management', ''),
(1749, 69, 120, 'Sem:power & Pol In China', ''),
(1750, 58, 63, 'Number Theory', ''),
(1751, 67, 2, 'Introduction to World Art II', ''),
(1752, 72, 194, 'Advanced Directed Study', ''),
(1753, 8, 164, 'Greek Art & Archaeology', ''),
(1754, 28, 178, 'Art Ed Curric 5-12', ''),
(1755, 29, 50, 'Intro Biomed Engineering', ''),
(1756, 52, 122, 'Advanced Japanese II', ''),
(1757, 10, 10, 'Plants & Humanity', ''),
(1758, 49, 118, 'Haruki Murakami and World Lit', ''),
(1759, 17, 124, 'Adv Reading Chinese Cult', ''),
(1760, 37, 41, 'Experimental College', ''),
(1761, 15, 22, 'Transport Phenomena II', ''),
(1762, 69, 104, 'Sem: New Media, New Politics', ''),
(1763, 27, 129, 'Prac Teach Engineering', ''),
(1764, 47, 41, 'Modern China', ''),
(1765, 26, 118, 'Quant Econ Growth', ''),
(1766, 5, 197, 'Directed Research', ''),
(1767, 76, 188, 'Seminar In Govt & Family', ''),
(1768, 10, 94, 'Intro To Research', ''),
(1769, 29, 131, 'Prin Medical Imaging', ''),
(1770, 70, 48, 'Psychopharm Lab', ''),
(1771, 11, 57, 'Quan Biomaterials Lab II', ''),
(1772, 38, 104, 'Greek Art & Archaeology', ''),
(1773, 47, 132, 'Religion: Japanese Hist', ''),
(1774, 20, 164, 'Greek Art & Archaeology', ''),
(1775, 27, 120, 'Prac Of Tchg His & Pspp', ''),
(1776, 52, 22, 'Reading & Conversation', ''),
(1777, 11, 100, 'Design Of Med Instrument', ''),
(1778, 12, 176, 'Children''s Literature', ''),
(1779, 71, 194, 'Special Topics', ''),
(1780, 34, 94, 'Env Policy,Plan&politics', ''),
(1781, 65, 94, 'Honors Thesis B', ''),
(1782, 76, 94, 'Env Policy,Plan&politics', ''),
(1783, 81, 2, 'Computer Aided Design', 'Intro to CAD');

-- --------------------------------------------------------

--
-- Table structure for table `class_category`
--

CREATE TABLE IF NOT EXISTS `class_category` (
  `id` int(11) NOT NULL AUTO_INCREMENT,
  `name` varchar(256) NOT NULL,
  PRIMARY KEY (`id`),
  UNIQUE KEY `name` (`name`)
) ENGINE=InnoDB  DEFAULT CHARSET=latin1 AUTO_INCREMENT=25 ;

--
-- Dumping data for table `class_category`
--

INSERT INTO `class_category` (`id`, `name`) VALUES
(6, ''),
(16, 'African Culture and Diasporas'),
(18, 'East Asian Culture/Diasporas'),
(24, 'Free Elective'),
(21, 'Germanic Culture'),
(15, 'Hispanic Culture Region of Origin'),
(20, 'Hispanic Culture/Diasporas'),
(13, 'Italian Culture'),
(22, 'Judaic Culture'),
(9, 'LA-Distribution-Arts'),
(8, 'LA-Distribution-Humanities'),
(11, 'LA-Distribution-Mathematics'),
(5, 'LA-Distribution-Natural Sciences'),
(3, 'LA-Distribution-Social Sciences'),
(19, 'Native American Culture'),
(17, 'Russian Culture'),
(23, 'Sign Language/Deaf Culture'),
(4, 'SoE-Engineering'),
(2, 'SoE-HASS-Arts'),
(1, 'SoE-HASS-Humanities'),
(10, 'SoE-HASS-Social Sciences'),
(14, 'SoE-Mathematics'),
(12, 'SoE-Natural Sciences'),
(7, 'World Civilization Requirement');

-- --------------------------------------------------------

--
-- Table structure for table `class_category_rule`
--

CREATE TABLE IF NOT EXISTS `class_category_rule` (
  `id` int(11) NOT NULL AUTO_INCREMENT,
  `category` int(11) NOT NULL,
  `class_id` int(11) DEFAULT NULL,
  PRIMARY KEY (`id`),
  UNIQUE KEY `category` (`category`,`class_id`)
) ENGINE=InnoDB  DEFAULT CHARSET=latin1 AUTO_INCREMENT=3893 ;

--
-- Dumping data for table `class_category_rule`
--

INSERT INTO `class_category_rule` (`id`, `category`, `class_id`) VALUES
(29, 1, 16),
(77, 1, 18),
(85, 1, 23),
(190, 1, 27),
(12, 1, 31),
(5, 1, 39),
(1398, 1, 53),
(62, 1, 56),
(1546, 1, 69),
(176, 1, 102),
(467, 1, 109),
(88, 1, 124),
(171, 1, 128),
(36, 1, 211),
(377, 1, 230),
(203, 1, 241),
(1614, 1, 259),
(1064, 1, 286),
(278, 1, 294),
(553, 1, 327),
(503, 1, 367),
(371, 1, 384),
(166, 1, 476),
(17, 1, 499),
(1609, 1, 597),
(118, 1, 602),
(971, 1, 685),
(766, 1, 696),
(209, 1, 732),
(1110, 1, 927),
(59, 1, 929),
(2109, 1, 1054),
(1192, 1, 1090),
(392, 1, 1146),
(709, 1, 1154),
(1202, 1, 1165),
(1324, 1, 1166),
(198, 1, 1167),
(238, 1, 1174),
(73, 1, 1180),
(1689, 1, 1186),
(92, 1, 1262),
(1680, 1, 1267),
(1595, 1, 1276),
(532, 1, 1279),
(375, 1, 1288),
(434, 1, 1292),
(1448, 1, 1293),
(150, 1, 1297),
(194, 1, 1298),
(1941, 1, 1303),
(888, 1, 1324),
(2, 1, 1336),
(1300, 1, 1350),
(934, 1, 1356),
(1122, 1, 1357),
(291, 1, 1370),
(838, 1, 1375),
(2073, 1, 1379),
(1085, 1, 1391),
(623, 1, 1392),
(359, 1, 1408),
(703, 1, 1418),
(193, 1, 1445),
(16, 1, 1449),
(1660, 1, 1454),
(1955, 1, 1463),
(990, 1, 1543),
(146, 1, 1584),
(236, 1, 1586),
(9, 1, 1587),
(1863, 1, 1593),
(665, 1, 1646),
(1768, 1, 1653),
(1667, 1, 1664),
(1673, 1, 1668),
(1235, 1, 1679),
(1331, 1, 1756),
(794, 1, 1759),
(142, 1, 1776),
(1653, 2, 53),
(230, 2, 107),
(507, 2, 108),
(258, 2, 148),
(13, 2, 229),
(762, 2, 713),
(1713, 2, 982),
(147, 2, 1165),
(11, 2, 1166),
(1805, 2, 1193),
(34, 2, 1206),
(901, 2, 1211),
(217, 2, 1278),
(1847, 2, 1287),
(852, 2, 1506),
(1781, 2, 1527),
(1114, 2, 1605),
(351, 2, 1721),
(173, 2, 1774),
(22, 3, 46),
(218, 3, 55),
(227, 3, 74),
(1, 3, 78),
(1313, 3, 81),
(870, 3, 134),
(57, 3, 145),
(969, 3, 173),
(255, 3, 178),
(1900, 3, 186),
(132, 3, 187),
(1484, 3, 189),
(67, 3, 212),
(495, 3, 244),
(822, 3, 272),
(1732, 3, 274),
(973, 3, 309),
(105, 3, 331),
(1391, 3, 341),
(229, 3, 347),
(1682, 3, 359),
(1929, 3, 360),
(825, 3, 374),
(114, 3, 381),
(999, 3, 387),
(303, 3, 403),
(370, 3, 404),
(272, 3, 425),
(344, 3, 427),
(1835, 3, 436),
(1136, 3, 440),
(1019, 3, 469),
(160, 3, 485),
(54, 3, 506),
(2010, 3, 529),
(169, 3, 530),
(424, 3, 536),
(385, 3, 541),
(1566, 3, 552),
(52, 3, 571),
(712, 3, 598),
(897, 3, 616),
(890, 3, 649),
(1097, 3, 664),
(787, 3, 710),
(75, 3, 712),
(1543, 3, 722),
(1274, 3, 734),
(1402, 3, 737),
(384, 3, 738),
(1073, 3, 741),
(1893, 3, 757),
(87, 3, 765),
(635, 3, 776),
(192, 3, 779),
(30, 3, 789),
(1262, 3, 798),
(1828, 3, 815),
(2008, 3, 831),
(1055, 3, 849),
(1477, 3, 856),
(352, 3, 861),
(1158, 3, 873),
(102, 3, 879),
(589, 3, 884),
(1760, 3, 893),
(288, 3, 925),
(1550, 3, 936),
(399, 3, 940),
(1188, 3, 1004),
(1322, 3, 1006),
(622, 3, 1009),
(2019, 3, 1010),
(1796, 3, 1013),
(744, 3, 1027),
(185, 3, 1032),
(1652, 3, 1049),
(187, 3, 1071),
(405, 3, 1094),
(580, 3, 1095),
(1777, 3, 1102),
(191, 3, 1103),
(1276, 3, 1110),
(896, 3, 1114),
(2042, 3, 1119),
(692, 3, 1124),
(561, 3, 1134),
(578, 3, 1152),
(1666, 3, 1156),
(834, 3, 1159),
(717, 3, 1189),
(81, 3, 1196),
(100, 3, 1205),
(2000, 3, 1208),
(389, 3, 1228),
(587, 3, 1235),
(43, 3, 1237),
(372, 3, 1241),
(18, 3, 1244),
(388, 3, 1246),
(741, 3, 1254),
(48, 3, 1256),
(7, 3, 1257),
(324, 3, 1259),
(957, 3, 1276),
(423, 3, 1280),
(60, 3, 1284),
(1701, 3, 1310),
(704, 3, 1323),
(601, 3, 1328),
(1990, 3, 1329),
(101, 3, 1338),
(679, 3, 1343),
(1926, 3, 1346),
(965, 3, 1353),
(1722, 3, 1362),
(126, 3, 1371),
(1650, 3, 1378),
(1436, 3, 1382),
(6, 3, 1387),
(1838, 3, 1401),
(1157, 3, 1403),
(157, 3, 1429),
(432, 3, 1451),
(844, 3, 1452),
(1908, 3, 1456),
(1179, 3, 1457),
(1561, 3, 1460),
(103, 3, 1466),
(1146, 3, 1467),
(1544, 3, 1470),
(1132, 3, 1474),
(1251, 3, 1475),
(1795, 3, 1488),
(2020, 3, 1489),
(1404, 3, 1491),
(533, 3, 1503),
(134, 3, 1512),
(1479, 3, 1514),
(881, 3, 1518),
(1015, 3, 1535),
(1441, 3, 1537),
(1409, 3, 1553),
(123, 3, 1563),
(222, 3, 1570),
(1980, 3, 1576),
(1998, 3, 1581),
(1397, 3, 1585),
(2064, 3, 1611),
(1002, 3, 1615),
(738, 3, 1623),
(1243, 3, 1626),
(1610, 3, 1627),
(1375, 3, 1634),
(1918, 3, 1636),
(294, 3, 1641),
(2013, 3, 1643),
(1870, 3, 1648),
(2039, 3, 1657),
(1619, 3, 1663),
(1596, 3, 1666),
(961, 3, 1667),
(721, 3, 1672),
(1622, 3, 1675),
(1021, 3, 1681),
(525, 3, 1683),
(1190, 3, 1685),
(576, 3, 1715),
(161, 3, 1722),
(74, 3, 1724),
(1558, 3, 1725),
(2015, 3, 1744),
(327, 3, 1745),
(1214, 3, 1746),
(808, 3, 1762),
(707, 3, 1765),
(1269, 3, 1766),
(1111, 3, 1780),
(1861, 3, 1782),
(90, 4, 41),
(196, 4, 52),
(496, 4, 192),
(1165, 4, 193),
(697, 4, 223),
(1438, 4, 242),
(163, 4, 256),
(1063, 4, 445),
(444, 4, 455),
(1564, 4, 470),
(836, 4, 581),
(531, 4, 652),
(1832, 4, 802),
(131, 4, 843),
(785, 4, 1005),
(869, 4, 1051),
(252, 4, 1096),
(579, 4, 1101),
(1482, 4, 1104),
(1699, 4, 1113),
(200, 4, 1117),
(1001, 4, 1125),
(1244, 4, 1126),
(1238, 4, 1129),
(21, 4, 1132),
(958, 4, 1135),
(1942, 4, 1137),
(219, 4, 1142),
(2071, 4, 1148),
(675, 4, 1157),
(135, 4, 1160),
(1920, 4, 1182),
(575, 4, 1187),
(208, 4, 1197),
(211, 4, 1201),
(1611, 4, 1212),
(921, 4, 1221),
(124, 4, 1222),
(1339, 4, 1233),
(1577, 4, 1236),
(440, 4, 1247),
(1518, 4, 1265),
(1933, 4, 1272),
(26, 4, 1273),
(1189, 4, 1275),
(1108, 4, 1277),
(1268, 4, 1321),
(1793, 4, 1325),
(265, 4, 1331),
(530, 4, 1345),
(529, 4, 1349),
(83, 4, 1365),
(1581, 4, 1366),
(1772, 4, 1372),
(50, 4, 1384),
(1922, 4, 1405),
(1319, 4, 1412),
(456, 4, 1421),
(1321, 4, 1433),
(2051, 4, 1442),
(483, 4, 1443),
(1960, 4, 1473),
(31, 4, 1493),
(1223, 4, 1497),
(2099, 4, 1500),
(799, 4, 1507),
(1081, 4, 1509),
(2086, 4, 1513),
(1602, 4, 1520),
(1854, 4, 1521),
(854, 4, 1522),
(212, 4, 1530),
(1587, 4, 1534),
(923, 4, 1536),
(732, 4, 1542),
(2011, 4, 1547),
(1654, 4, 1561),
(397, 4, 1567),
(1697, 4, 1568),
(1246, 4, 1577),
(1873, 4, 1582),
(228, 4, 1598),
(1401, 4, 1604),
(285, 4, 1606),
(1105, 4, 1613),
(1651, 4, 1618),
(1757, 4, 1619),
(129, 4, 1633),
(1102, 4, 1650),
(1328, 4, 1654),
(950, 4, 1670),
(941, 4, 1676),
(1288, 4, 1684),
(450, 4, 1686),
(1267, 4, 1688),
(569, 4, 1697),
(158, 4, 1705),
(1228, 4, 1710),
(1943, 4, 1732),
(42, 4, 1755),
(174, 4, 1761),
(619, 4, 1769),
(2012, 4, 1771),
(1170, 4, 1777),
(1184, 5, 6),
(70, 5, 20),
(608, 5, 45),
(15, 5, 96),
(914, 5, 271),
(593, 5, 362),
(468, 5, 370),
(334, 5, 542),
(128, 5, 549),
(1185, 5, 583),
(966, 5, 613),
(851, 5, 881),
(782, 5, 916),
(500, 5, 1073),
(981, 5, 1075),
(584, 5, 1091),
(262, 5, 1100),
(729, 5, 1111),
(1506, 5, 1112),
(96, 5, 1115),
(362, 5, 1120),
(139, 5, 1130),
(760, 5, 1139),
(1296, 5, 1143),
(1128, 5, 1147),
(1726, 5, 1151),
(779, 5, 1164),
(206, 5, 1168),
(928, 5, 1170),
(977, 5, 1172),
(195, 5, 1173),
(645, 5, 1192),
(1384, 5, 1194),
(1231, 5, 1198),
(632, 5, 1200),
(287, 5, 1204),
(274, 5, 1218),
(1129, 5, 1224),
(915, 5, 1225),
(735, 5, 1229),
(1458, 5, 1243),
(1423, 5, 1255),
(1963, 5, 1261),
(774, 5, 1289),
(845, 5, 1290),
(1124, 5, 1295),
(568, 5, 1308),
(1133, 5, 1315),
(1286, 5, 1332),
(1381, 5, 1339),
(181, 5, 1351),
(491, 5, 1363),
(1782, 5, 1369),
(44, 5, 1373),
(1035, 5, 1377),
(58, 5, 1381),
(1827, 5, 1395),
(657, 5, 1400),
(1045, 5, 1419),
(464, 5, 1432),
(891, 5, 1435),
(2004, 5, 1436),
(1121, 5, 1444),
(239, 5, 1469),
(460, 5, 1477),
(1630, 5, 1478),
(508, 5, 1480),
(1513, 5, 1481),
(959, 5, 1490),
(38, 5, 1499),
(846, 5, 1524),
(350, 5, 1531),
(731, 5, 1544),
(119, 5, 1562),
(387, 5, 1566),
(1221, 5, 1575),
(1936, 5, 1583),
(1754, 5, 1594),
(323, 5, 1595),
(492, 5, 1608),
(1527, 5, 1616),
(475, 5, 1639),
(1756, 5, 1645),
(1600, 5, 1658),
(2065, 5, 1691),
(437, 5, 1712),
(1575, 5, 1729),
(159, 5, 1734),
(422, 5, 1757),
(674, 5, 1770),
(1474, 6, 4),
(798, 6, 5),
(133, 6, 21),
(1036, 6, 22),
(82, 6, 25),
(268, 6, 28),
(325, 6, 53),
(649, 6, 67),
(127, 6, 70),
(226, 6, 76),
(2048, 6, 83),
(1139, 6, 88),
(78, 6, 90),
(1069, 6, 95),
(1485, 6, 101),
(314, 6, 123),
(1126, 6, 133),
(1116, 6, 141),
(814, 6, 161),
(1380, 6, 163),
(315, 6, 174),
(1559, 6, 182),
(979, 6, 196),
(1557, 6, 219),
(1571, 6, 232),
(1086, 6, 233),
(221, 6, 250),
(1067, 6, 265),
(1144, 6, 267),
(273, 6, 296),
(542, 6, 297),
(369, 6, 303),
(47, 6, 306),
(1005, 6, 324),
(1368, 6, 330),
(1491, 6, 348),
(992, 6, 353),
(859, 6, 381),
(2047, 6, 382),
(1061, 6, 391),
(872, 6, 405),
(330, 6, 406),
(141, 6, 411),
(341, 6, 412),
(611, 6, 423),
(10, 6, 424),
(1797, 6, 432),
(1396, 6, 454),
(719, 6, 458),
(681, 6, 479),
(4, 6, 501),
(97, 6, 516),
(540, 6, 520),
(714, 6, 558),
(792, 6, 561),
(1592, 6, 577),
(1039, 6, 579),
(830, 6, 585),
(1878, 6, 596),
(659, 6, 618),
(1612, 6, 620),
(734, 6, 626),
(257, 6, 629),
(1076, 6, 633),
(887, 6, 642),
(231, 6, 657),
(1183, 6, 669),
(1556, 6, 675),
(1370, 6, 694),
(1117, 6, 699),
(1892, 6, 711),
(393, 6, 716),
(938, 6, 740),
(453, 6, 746),
(270, 6, 768),
(213, 6, 778),
(1173, 6, 780),
(210, 6, 783),
(534, 6, 787),
(1191, 6, 792),
(1309, 6, 810),
(1695, 6, 812),
(295, 6, 825),
(1439, 6, 834),
(848, 6, 848),
(740, 6, 854),
(1706, 6, 855),
(186, 6, 875),
(117, 6, 891),
(1480, 6, 892),
(1974, 6, 906),
(156, 6, 908),
(1411, 6, 949),
(51, 6, 958),
(695, 6, 977),
(109, 6, 986),
(1703, 6, 988),
(566, 6, 994),
(946, 6, 1014),
(331, 6, 1020),
(871, 6, 1024),
(307, 6, 1034),
(1038, 6, 1053),
(590, 6, 1059),
(1820, 6, 1087),
(223, 6, 1091),
(1442, 6, 1093),
(522, 6, 1098),
(880, 6, 1099),
(739, 6, 1116),
(1846, 6, 1123),
(35, 6, 1127),
(1890, 6, 1133),
(69, 6, 1136),
(1142, 6, 1138),
(275, 6, 1140),
(76, 6, 1144),
(1623, 6, 1153),
(1822, 6, 1155),
(577, 6, 1165),
(1388, 6, 1166),
(1134, 6, 1171),
(585, 6, 1175),
(40, 6, 1214),
(3, 6, 1220),
(398, 6, 1226),
(283, 6, 1231),
(1419, 6, 1232),
(1237, 6, 1238),
(45, 6, 1242),
(868, 6, 1248),
(945, 6, 1251),
(1152, 6, 1260),
(1816, 6, 1264),
(182, 6, 1266),
(2022, 6, 1269),
(349, 6, 1270),
(708, 6, 1281),
(698, 6, 1296),
(442, 6, 1299),
(519, 6, 1311),
(2072, 6, 1312),
(93, 6, 1319),
(201, 6, 1320),
(1737, 6, 1326),
(1517, 6, 1330),
(178, 6, 1340),
(1580, 6, 1344),
(537, 6, 1348),
(1694, 6, 1352),
(1258, 6, 1359),
(1011, 6, 1376),
(812, 6, 1383),
(1413, 6, 1388),
(1034, 6, 1396),
(95, 6, 1397),
(685, 6, 1407),
(925, 6, 1410),
(449, 6, 1411),
(243, 6, 1428),
(931, 6, 1437),
(1210, 6, 1438),
(122, 6, 1440),
(592, 6, 1448),
(2102, 6, 1453),
(488, 6, 1459),
(1483, 6, 1464),
(1594, 6, 1471),
(153, 6, 1472),
(586, 6, 1485),
(284, 6, 1492),
(582, 6, 1495),
(2092, 6, 1504),
(425, 6, 1517),
(1280, 6, 1525),
(1022, 6, 1526),
(1070, 6, 1538),
(736, 6, 1546),
(2094, 6, 1554),
(715, 6, 1555),
(49, 6, 1556),
(1027, 6, 1560),
(462, 6, 1564),
(1430, 6, 1588),
(84, 6, 1590),
(1958, 6, 1592),
(1657, 6, 1596),
(1836, 6, 1597),
(505, 6, 1601),
(1569, 6, 1602),
(1952, 6, 1607),
(64, 6, 1621),
(1511, 6, 1622),
(1197, 6, 1625),
(552, 6, 1628),
(1620, 6, 1629),
(493, 6, 1640),
(111, 6, 1649),
(1030, 6, 1652),
(1702, 6, 1671),
(1008, 6, 1674),
(113, 6, 1682),
(1981, 6, 1689),
(1333, 6, 1694),
(1353, 6, 1706),
(299, 6, 1714),
(189, 6, 1731),
(1138, 6, 1735),
(1538, 6, 1736),
(1454, 6, 1737),
(386, 6, 1742),
(1213, 6, 1754),
(37, 6, 1758),
(1790, 6, 1760),
(1914, 6, 1763),
(976, 6, 1767),
(1704, 6, 1768),
(1771, 6, 1775),
(615, 7, 53),
(690, 7, 233),
(400, 7, 240),
(179, 7, 479),
(637, 7, 845),
(481, 7, 976),
(1314, 7, 1107),
(2106, 7, 1118),
(756, 7, 1131),
(960, 7, 1150),
(27, 7, 1165),
(452, 7, 1166),
(1490, 7, 1179),
(686, 7, 1190),
(795, 7, 1219),
(1746, 7, 1230),
(761, 7, 1239),
(827, 7, 1258),
(454, 7, 1268),
(1304, 7, 1274),
(2031, 7, 1302),
(1050, 7, 1306),
(518, 7, 1313),
(240, 7, 1316),
(1247, 7, 1318),
(8, 7, 1327),
(145, 7, 1341),
(2033, 7, 1354),
(564, 7, 1368),
(1973, 7, 1385),
(684, 7, 1386),
(912, 7, 1389),
(1160, 7, 1393),
(431, 7, 1399),
(53, 7, 1404),
(1607, 7, 1418),
(1634, 7, 1422),
(234, 7, 1427),
(1514, 7, 1430),
(1919, 7, 1458),
(849, 7, 1515),
(606, 7, 1516),
(501, 7, 1533),
(280, 7, 1559),
(1198, 7, 1573),
(907, 7, 1580),
(435, 7, 1620),
(120, 7, 1631),
(471, 7, 1635),
(61, 7, 1651),
(2059, 7, 1655),
(489, 7, 1661),
(1976, 7, 1665),
(654, 7, 1704),
(563, 7, 1707),
(1174, 7, 1708),
(810, 7, 1719),
(558, 7, 1723),
(1565, 7, 1739),
(583, 7, 1740),
(1180, 7, 1741),
(909, 7, 1747),
(546, 7, 1749),
(1464, 7, 1764),
(1481, 7, 1773),
(55, 8, 72),
(1969, 8, 167),
(80, 8, 188),
(1531, 8, 204),
(412, 8, 248),
(641, 8, 327),
(292, 8, 334),
(604, 8, 358),
(1567, 8, 459),
(1688, 8, 498),
(466, 8, 844),
(983, 8, 989),
(144, 8, 1042),
(1218, 8, 1048),
(98, 8, 1092),
(769, 8, 1097),
(1311, 8, 1105),
(28, 8, 1106),
(1263, 8, 1109),
(266, 8, 1128),
(336, 8, 1141),
(1537, 8, 1145),
(1089, 8, 1162),
(282, 8, 1163),
(180, 8, 1165),
(499, 8, 1169),
(933, 8, 1176),
(664, 8, 1191),
(411, 8, 1195),
(297, 8, 1199),
(927, 8, 1202),
(322, 8, 1203),
(346, 8, 1215),
(2050, 8, 1227),
(1225, 8, 1234),
(245, 8, 1250),
(130, 8, 1252),
(716, 8, 1263),
(390, 8, 1271),
(1431, 8, 1283),
(366, 8, 1286),
(1930, 8, 1291),
(380, 8, 1309),
(214, 8, 1317),
(1234, 8, 1335),
(333, 8, 1358),
(479, 8, 1364),
(1256, 8, 1367),
(1006, 8, 1374),
(271, 8, 1380),
(313, 8, 1402),
(1776, 8, 1406),
(459, 8, 1414),
(2028, 8, 1415),
(2036, 8, 1416),
(253, 8, 1426),
(1143, 8, 1434),
(1277, 8, 1439),
(1817, 8, 1441),
(1376, 8, 1450),
(875, 8, 1455),
(1020, 8, 1461),
(451, 8, 1462),
(571, 8, 1465),
(1798, 8, 1468),
(1992, 8, 1476),
(953, 8, 1479),
(520, 8, 1482),
(755, 8, 1483),
(39, 8, 1484),
(1547, 8, 1494),
(108, 8, 1496),
(811, 8, 1501),
(536, 8, 1502),
(241, 8, 1508),
(342, 8, 1511),
(407, 8, 1528),
(1292, 8, 1529),
(633, 8, 1532),
(1248, 8, 1539),
(1054, 8, 1548),
(1466, 8, 1549),
(2063, 8, 1551),
(249, 8, 1557),
(1435, 8, 1558),
(164, 8, 1572),
(1686, 8, 1574),
(250, 8, 1579),
(2058, 8, 1589),
(1451, 8, 1591),
(678, 8, 1599),
(1523, 8, 1603),
(1813, 8, 1609),
(1516, 8, 1610),
(1040, 8, 1614),
(1770, 8, 1617),
(1071, 8, 1632),
(1222, 8, 1638),
(1808, 8, 1647),
(737, 8, 1656),
(1729, 8, 1659),
(79, 8, 1660),
(259, 8, 1673),
(167, 8, 1677),
(138, 8, 1690),
(898, 8, 1693),
(302, 8, 1696),
(1747, 8, 1698),
(1944, 8, 1699),
(1427, 8, 1713),
(1147, 8, 1716),
(1626, 8, 1718),
(1471, 8, 1727),
(1774, 8, 1733),
(107, 8, 1738),
(763, 8, 1752),
(486, 8, 1779),
(1940, 8, 1781),
(71, 9, 9),
(1740, 9, 13),
(263, 9, 14),
(312, 9, 15),
(1031, 9, 30),
(1017, 9, 42),
(1762, 9, 58),
(642, 9, 71),
(1172, 9, 73),
(374, 9, 75),
(320, 9, 76),
(581, 9, 88),
(20, 9, 99),
(1615, 9, 101),
(426, 9, 107),
(383, 9, 111),
(1187, 9, 114),
(413, 9, 131),
(104, 9, 142),
(502, 9, 155),
(560, 9, 199),
(1420, 9, 209),
(668, 9, 213),
(364, 9, 246),
(224, 9, 270),
(667, 9, 276),
(567, 9, 277),
(183, 9, 303),
(1745, 9, 306),
(1032, 9, 308),
(216, 9, 321),
(2023, 9, 353),
(972, 9, 355),
(1478, 9, 361),
(663, 9, 378),
(125, 9, 383),
(524, 9, 394),
(2027, 9, 405),
(2066, 9, 416),
(1406, 9, 432),
(497, 9, 437),
(1250, 9, 456),
(2096, 9, 481),
(516, 9, 484),
(669, 9, 486),
(2038, 9, 492),
(277, 9, 494),
(1862, 9, 495),
(1727, 9, 503),
(175, 9, 522),
(56, 9, 527),
(1493, 9, 545),
(746, 9, 553),
(628, 9, 580),
(14, 9, 604),
(86, 9, 615),
(1361, 9, 622),
(89, 9, 625),
(1220, 9, 629),
(886, 9, 660),
(439, 9, 677),
(725, 9, 684),
(1663, 9, 708),
(1691, 9, 713),
(1672, 9, 718),
(647, 9, 744),
(1449, 9, 745),
(964, 9, 751),
(1360, 9, 752),
(1354, 9, 764),
(1845, 9, 768),
(1504, 9, 812),
(1885, 9, 818),
(269, 9, 824),
(72, 9, 827),
(1641, 9, 834),
(1916, 9, 853),
(1371, 9, 854),
(106, 9, 876),
(1395, 9, 880),
(1088, 9, 890),
(1245, 9, 907),
(1606, 9, 909),
(310, 9, 922),
(110, 9, 938),
(1459, 9, 939),
(448, 9, 942),
(1643, 9, 946),
(1505, 9, 950),
(1849, 9, 955),
(1013, 9, 972),
(140, 9, 990),
(884, 9, 1000),
(1743, 9, 1001),
(1462, 9, 1021),
(1429, 9, 1025),
(640, 9, 1052),
(1646, 9, 1061),
(948, 9, 1072),
(188, 9, 1089),
(1416, 9, 1121),
(877, 9, 1122),
(232, 9, 1178),
(1789, 9, 1184),
(626, 9, 1188),
(276, 9, 1216),
(775, 9, 1240),
(91, 9, 1245),
(1628, 9, 1249),
(974, 9, 1253),
(381, 9, 1285),
(329, 9, 1294),
(356, 9, 1300),
(1092, 9, 1301),
(1217, 9, 1322),
(1004, 9, 1334),
(517, 9, 1342),
(478, 9, 1347),
(1341, 9, 1390),
(1632, 9, 1409),
(545, 9, 1417),
(41, 9, 1424),
(225, 9, 1425),
(676, 9, 1447),
(99, 9, 1487),
(1334, 9, 1510),
(1475, 9, 1519),
(1113, 9, 1550),
(1310, 9, 1569),
(1751, 9, 1578),
(463, 9, 1624),
(832, 9, 1630),
(332, 9, 1662),
(1355, 9, 1680),
(1212, 9, 1687),
(1830, 9, 1695),
(63, 9, 1700),
(596, 9, 1720),
(1307, 9, 1728),
(772, 9, 1743),
(1763, 9, 1751),
(1044, 9, 1753),
(1461, 9, 1772),
(864, 9, 1778),
(916, 10, 33),
(490, 10, 53),
(2006, 10, 187),
(1542, 10, 194),
(378, 10, 215),
(321, 10, 485),
(1098, 10, 1166),
(988, 10, 1181),
(311, 10, 1207),
(600, 10, 1213),
(335, 10, 1223),
(202, 10, 1244),
(1842, 10, 1304),
(246, 10, 1307),
(857, 10, 1333),
(694, 10, 1337),
(1977, 10, 1355),
(32, 10, 1361),
(1779, 10, 1423),
(598, 10, 1431),
(783, 10, 1446),
(1301, 10, 1642),
(112, 10, 1644),
(290, 10, 1669),
(1167, 10, 1678),
(556, 10, 1730),
(1639, 10, 1748),
(1366, 11, 1),
(438, 11, 52),
(1285, 11, 61),
(515, 11, 79),
(162, 11, 85),
(1299, 11, 86),
(94, 11, 87),
(199, 11, 126),
(773, 11, 242),
(165, 11, 264),
(1236, 11, 311),
(1787, 11, 376),
(730, 11, 389),
(402, 11, 397),
(406, 11, 431),
(549, 11, 502),
(1023, 11, 578),
(903, 11, 671),
(574, 11, 772),
(541, 11, 799),
(136, 11, 829),
(506, 11, 904),
(699, 11, 953),
(1891, 11, 1028),
(602, 11, 1031),
(835, 11, 1088),
(1841, 11, 1108),
(1393, 11, 1158),
(155, 11, 1161),
(46, 11, 1177),
(1731, 11, 1185),
(1024, 11, 1209),
(705, 11, 1210),
(2001, 11, 1282),
(306, 11, 1305),
(1968, 11, 1314),
(1446, 11, 1413),
(562, 11, 1420),
(149, 11, 1498),
(1638, 11, 1505),
(1927, 11, 1540),
(893, 11, 1612),
(2069, 11, 1637),
(480, 11, 1701),
(661, 11, 1702),
(1389, 11, 1703),
(1671, 11, 1717),
(1378, 11, 1726),
(1507, 11, 1750),
(711, 12, 6),
(177, 12, 20),
(472, 12, 45),
(66, 12, 96),
(768, 12, 314),
(1082, 12, 1147),
(33, 12, 1149),
(900, 12, 1204),
(207, 12, 1229),
(23, 12, 1394),
(143, 12, 1398),
(1773, 12, 1523),
(658, 12, 1545),
(1365, 12, 1565),
(1621, 12, 1600),
(1166, 12, 1692),
(672, 12, 1709),
(995, 13, 896),
(154, 13, 1165),
(251, 13, 1183),
(733, 13, 1217),
(651, 13, 1360),
(215, 13, 1541),
(839, 14, 262),
(554, 14, 376),
(65, 14, 410),
(264, 14, 488),
(629, 14, 517),
(638, 14, 609),
(565, 14, 638),
(300, 14, 852),
(1362, 14, 871),
(970, 14, 1552),
(1058, 15, 104),
(597, 16, 1166),
(754, 17, 1486),
(1831, 18, 1571),
(298, 19, 53),
(441, 20, 53),
(1806, 20, 1165),
(1693, 21, 1165),
(233, 22, 1165),
(1074, 22, 1711),
(1647, 23, 674),
(2110, 24, 1),
(2111, 24, 2),
(2112, 24, 3),
(2113, 24, 4),
(2114, 24, 5),
(2115, 24, 6),
(2116, 24, 7),
(2117, 24, 8),
(2118, 24, 9),
(2119, 24, 10),
(2120, 24, 11),
(2121, 24, 12),
(2122, 24, 13),
(2123, 24, 14),
(2124, 24, 15),
(2125, 24, 16),
(2126, 24, 17),
(2127, 24, 18),
(2128, 24, 19),
(2129, 24, 20),
(2130, 24, 21),
(2131, 24, 22),
(2132, 24, 23),
(2133, 24, 24),
(2134, 24, 25),
(2135, 24, 26),
(2136, 24, 27),
(2137, 24, 28),
(2138, 24, 29),
(2139, 24, 30),
(2140, 24, 31),
(2141, 24, 32),
(2142, 24, 33),
(2143, 24, 34),
(2144, 24, 35),
(2145, 24, 36),
(2146, 24, 37),
(2147, 24, 38),
(2148, 24, 39),
(2149, 24, 40),
(2150, 24, 41),
(2151, 24, 42),
(2152, 24, 43),
(2153, 24, 44),
(2154, 24, 45),
(2155, 24, 46),
(2156, 24, 47),
(2157, 24, 48),
(2158, 24, 49),
(2159, 24, 50),
(2160, 24, 51),
(2161, 24, 52),
(2162, 24, 53),
(2163, 24, 54),
(2164, 24, 55),
(2165, 24, 56),
(2166, 24, 57),
(2167, 24, 58),
(2168, 24, 59),
(2169, 24, 60),
(2170, 24, 61),
(2171, 24, 62),
(2172, 24, 63),
(2173, 24, 64),
(2174, 24, 65),
(2175, 24, 66),
(2176, 24, 67),
(2177, 24, 68),
(2178, 24, 69),
(2179, 24, 70),
(2180, 24, 71),
(2181, 24, 72),
(2182, 24, 73),
(2183, 24, 74),
(2184, 24, 75),
(2185, 24, 76),
(2186, 24, 77),
(2187, 24, 78),
(2188, 24, 79),
(2189, 24, 80),
(2190, 24, 81),
(2191, 24, 82),
(2192, 24, 83),
(2193, 24, 84),
(2194, 24, 85),
(2195, 24, 86),
(2196, 24, 87),
(2197, 24, 88),
(2198, 24, 89),
(2199, 24, 90),
(2200, 24, 91),
(2201, 24, 92),
(2202, 24, 93),
(2203, 24, 94),
(2204, 24, 95),
(2205, 24, 96),
(2206, 24, 97),
(2207, 24, 98),
(2208, 24, 99),
(2209, 24, 100),
(2210, 24, 101),
(2211, 24, 102),
(2212, 24, 103),
(2213, 24, 104),
(2214, 24, 105),
(2215, 24, 106),
(2216, 24, 107),
(2217, 24, 108),
(2218, 24, 109),
(2219, 24, 110),
(2220, 24, 111),
(2221, 24, 112),
(2222, 24, 113),
(2223, 24, 114),
(2224, 24, 115),
(2225, 24, 116),
(2226, 24, 117),
(2227, 24, 118),
(2228, 24, 119),
(2229, 24, 120),
(2230, 24, 121),
(2231, 24, 122),
(2232, 24, 123),
(2233, 24, 124),
(2234, 24, 125),
(2235, 24, 126),
(2236, 24, 127),
(2237, 24, 128),
(2238, 24, 129),
(2239, 24, 130),
(2240, 24, 131),
(2241, 24, 132),
(2242, 24, 133),
(2243, 24, 134),
(2244, 24, 135),
(2245, 24, 136),
(2246, 24, 137),
(2247, 24, 138),
(2248, 24, 139),
(2249, 24, 140),
(2250, 24, 141),
(2251, 24, 142),
(2252, 24, 143),
(2253, 24, 144),
(2254, 24, 145),
(2255, 24, 146),
(2256, 24, 147),
(2257, 24, 148),
(2258, 24, 149),
(2259, 24, 150),
(2260, 24, 151),
(2261, 24, 152),
(2262, 24, 153),
(2263, 24, 154),
(2264, 24, 155),
(2265, 24, 156),
(2266, 24, 157),
(2267, 24, 158),
(2268, 24, 159),
(2269, 24, 160),
(2270, 24, 161),
(2271, 24, 162),
(2272, 24, 163),
(2273, 24, 164),
(2274, 24, 165),
(2275, 24, 166),
(2276, 24, 167),
(2277, 24, 168),
(2278, 24, 169),
(2279, 24, 170),
(2280, 24, 171),
(2281, 24, 172),
(2282, 24, 173),
(2283, 24, 174),
(2284, 24, 175),
(2285, 24, 176),
(2286, 24, 177),
(2287, 24, 178),
(2288, 24, 179),
(2289, 24, 180),
(2290, 24, 181),
(2291, 24, 182),
(2292, 24, 183),
(2293, 24, 184),
(2294, 24, 185),
(2295, 24, 186),
(2296, 24, 187),
(2297, 24, 188),
(2298, 24, 189),
(2299, 24, 190),
(2300, 24, 191),
(2301, 24, 192),
(2302, 24, 193),
(2303, 24, 194),
(2304, 24, 195),
(2305, 24, 196),
(2306, 24, 197),
(2307, 24, 198),
(2308, 24, 199),
(2309, 24, 200),
(2310, 24, 201),
(2311, 24, 202),
(2312, 24, 203),
(2313, 24, 204),
(2314, 24, 205),
(2315, 24, 206),
(2316, 24, 207),
(2317, 24, 208),
(2318, 24, 209),
(2319, 24, 210),
(2320, 24, 211),
(2321, 24, 212),
(2322, 24, 213),
(2323, 24, 214),
(2324, 24, 215),
(2325, 24, 216),
(2326, 24, 217),
(2327, 24, 218),
(2328, 24, 219),
(2329, 24, 220),
(2330, 24, 221),
(2331, 24, 222),
(2332, 24, 223),
(2333, 24, 224),
(2334, 24, 225),
(2335, 24, 226),
(2336, 24, 227),
(2337, 24, 228),
(2338, 24, 229),
(2339, 24, 230),
(2340, 24, 231),
(2341, 24, 232),
(2342, 24, 233),
(2343, 24, 234),
(2344, 24, 235),
(2345, 24, 236),
(2346, 24, 237),
(2347, 24, 238),
(2348, 24, 239),
(2349, 24, 240),
(2350, 24, 241),
(2351, 24, 242),
(2352, 24, 243),
(2353, 24, 244),
(2354, 24, 245),
(2355, 24, 246),
(2356, 24, 247),
(2357, 24, 248),
(2358, 24, 249),
(2359, 24, 250),
(2360, 24, 251),
(2361, 24, 252),
(2362, 24, 253),
(2363, 24, 254),
(2364, 24, 255),
(2365, 24, 256),
(2366, 24, 257),
(2367, 24, 258),
(2368, 24, 259),
(2369, 24, 260),
(2370, 24, 261),
(2371, 24, 262),
(2372, 24, 263),
(2373, 24, 264),
(2374, 24, 265),
(2375, 24, 266),
(2376, 24, 267),
(2377, 24, 268),
(2378, 24, 269),
(2379, 24, 270),
(2380, 24, 271),
(2381, 24, 272),
(2382, 24, 273),
(2383, 24, 274),
(2384, 24, 275),
(2385, 24, 276),
(2386, 24, 277),
(2387, 24, 278),
(2388, 24, 279),
(2389, 24, 280),
(2390, 24, 281),
(2391, 24, 282),
(2392, 24, 283),
(2393, 24, 284),
(2394, 24, 285),
(2395, 24, 286),
(2396, 24, 287),
(2397, 24, 288),
(2398, 24, 289),
(2399, 24, 290),
(2400, 24, 291),
(2401, 24, 292),
(2402, 24, 293),
(2403, 24, 294),
(2404, 24, 295),
(2405, 24, 296),
(2406, 24, 297),
(2407, 24, 298),
(2408, 24, 299),
(2409, 24, 300),
(2410, 24, 301),
(2411, 24, 302),
(2412, 24, 303),
(2413, 24, 304),
(2414, 24, 305),
(2415, 24, 306),
(2416, 24, 307),
(2417, 24, 308),
(2418, 24, 309),
(2419, 24, 310),
(2420, 24, 311),
(2421, 24, 312),
(2422, 24, 313),
(2423, 24, 314),
(2424, 24, 315),
(2425, 24, 316),
(2426, 24, 317),
(2427, 24, 318),
(2428, 24, 319),
(2429, 24, 320),
(2430, 24, 321),
(2431, 24, 322),
(2432, 24, 323),
(2433, 24, 324),
(2434, 24, 325),
(2435, 24, 326),
(2436, 24, 327),
(2437, 24, 328),
(2438, 24, 329),
(2439, 24, 330),
(2440, 24, 331),
(2441, 24, 332),
(2442, 24, 333),
(2443, 24, 334),
(2444, 24, 335),
(2445, 24, 336),
(2446, 24, 337),
(2447, 24, 338),
(2448, 24, 339),
(2449, 24, 340),
(2450, 24, 341),
(2451, 24, 342),
(2452, 24, 343),
(2453, 24, 344),
(2454, 24, 345),
(2455, 24, 346),
(2456, 24, 347),
(2457, 24, 348),
(2458, 24, 349),
(2459, 24, 350),
(2460, 24, 351),
(2461, 24, 352),
(2462, 24, 353),
(2463, 24, 354),
(2464, 24, 355),
(2465, 24, 356),
(2466, 24, 357),
(2467, 24, 358),
(2468, 24, 359),
(2469, 24, 360),
(2470, 24, 361),
(2471, 24, 362),
(2472, 24, 363),
(2473, 24, 364),
(2474, 24, 365),
(2475, 24, 366),
(2476, 24, 367),
(2477, 24, 368),
(2478, 24, 369),
(2479, 24, 370),
(2480, 24, 371),
(2481, 24, 372),
(2482, 24, 373),
(2483, 24, 374),
(2484, 24, 375),
(2485, 24, 376),
(2486, 24, 377),
(2487, 24, 378),
(2488, 24, 379),
(2489, 24, 380),
(2490, 24, 381),
(2491, 24, 382),
(2492, 24, 383),
(2493, 24, 384),
(2494, 24, 385),
(2495, 24, 386),
(2496, 24, 387),
(2497, 24, 388),
(2498, 24, 389),
(2499, 24, 390),
(2500, 24, 391),
(2501, 24, 392),
(2502, 24, 393),
(2503, 24, 394),
(2504, 24, 395),
(2505, 24, 396),
(2506, 24, 397),
(2507, 24, 398),
(2508, 24, 399),
(2509, 24, 400),
(2510, 24, 401),
(2511, 24, 402),
(2512, 24, 403),
(2513, 24, 404),
(2514, 24, 405),
(2515, 24, 406),
(2516, 24, 407),
(2517, 24, 408),
(2518, 24, 409),
(2519, 24, 410),
(2520, 24, 411),
(2521, 24, 412),
(2522, 24, 413),
(2523, 24, 414),
(2524, 24, 415),
(2525, 24, 416),
(2526, 24, 417),
(2527, 24, 418),
(2528, 24, 419),
(2529, 24, 420),
(2530, 24, 421),
(2531, 24, 422),
(2532, 24, 423),
(2533, 24, 424),
(2534, 24, 425),
(2535, 24, 426),
(2536, 24, 427),
(2537, 24, 428),
(2538, 24, 429),
(2539, 24, 430),
(2540, 24, 431),
(2541, 24, 432),
(2542, 24, 433),
(2543, 24, 434),
(2544, 24, 435),
(2545, 24, 436),
(2546, 24, 437),
(2547, 24, 438),
(2548, 24, 439),
(2549, 24, 440),
(2550, 24, 441),
(2551, 24, 442),
(2552, 24, 443),
(2553, 24, 444),
(2554, 24, 445),
(2555, 24, 446),
(2556, 24, 447),
(2557, 24, 448),
(2558, 24, 449),
(2559, 24, 450),
(2560, 24, 451),
(2561, 24, 452),
(2562, 24, 453),
(2563, 24, 454),
(2564, 24, 455),
(2565, 24, 456),
(2566, 24, 457),
(2567, 24, 458),
(2568, 24, 459),
(2569, 24, 460),
(2570, 24, 461),
(2571, 24, 462),
(2572, 24, 463),
(2573, 24, 464),
(2574, 24, 465),
(2575, 24, 466),
(2576, 24, 467),
(2577, 24, 468),
(2578, 24, 469),
(2579, 24, 470),
(2580, 24, 471),
(2581, 24, 472),
(2582, 24, 473),
(2583, 24, 474),
(2584, 24, 475),
(2585, 24, 476),
(2586, 24, 477),
(2587, 24, 478),
(2588, 24, 479),
(2589, 24, 480),
(2590, 24, 481),
(2591, 24, 482),
(2592, 24, 483),
(2593, 24, 484),
(2594, 24, 485),
(2595, 24, 486),
(2596, 24, 487),
(2597, 24, 488),
(2598, 24, 489),
(2599, 24, 490),
(2600, 24, 491),
(2601, 24, 492),
(2602, 24, 493),
(2603, 24, 494),
(2604, 24, 495),
(2605, 24, 496),
(2606, 24, 497),
(2607, 24, 498),
(2608, 24, 499),
(2609, 24, 500),
(2610, 24, 501),
(2611, 24, 502),
(2612, 24, 503),
(2613, 24, 504),
(2614, 24, 505),
(2615, 24, 506),
(2616, 24, 507),
(2617, 24, 508),
(2618, 24, 509),
(2619, 24, 510),
(2620, 24, 511),
(2621, 24, 512),
(2622, 24, 513),
(2623, 24, 514),
(2624, 24, 515),
(2625, 24, 516),
(2626, 24, 517),
(2627, 24, 518),
(2628, 24, 519),
(2629, 24, 520),
(2630, 24, 521),
(2631, 24, 522),
(2632, 24, 523),
(2633, 24, 524),
(2634, 24, 525),
(2635, 24, 526),
(2636, 24, 527),
(2637, 24, 528),
(2638, 24, 529),
(2639, 24, 530),
(2640, 24, 531),
(2641, 24, 532),
(2642, 24, 533),
(2643, 24, 534),
(2644, 24, 535),
(2645, 24, 536),
(2646, 24, 537),
(2647, 24, 538),
(2648, 24, 539),
(2649, 24, 540),
(2650, 24, 541),
(2651, 24, 542),
(2652, 24, 543),
(2653, 24, 544),
(2654, 24, 545),
(2655, 24, 546),
(2656, 24, 547),
(2657, 24, 548),
(2658, 24, 549),
(2659, 24, 550),
(2660, 24, 551),
(2661, 24, 552),
(2662, 24, 553),
(2663, 24, 554),
(2664, 24, 555),
(2665, 24, 556),
(2666, 24, 557),
(2667, 24, 558),
(2668, 24, 559),
(2669, 24, 560),
(2670, 24, 561),
(2671, 24, 562),
(2672, 24, 563),
(2673, 24, 564),
(2674, 24, 565),
(2675, 24, 566),
(2676, 24, 567),
(2677, 24, 568),
(2678, 24, 569),
(2679, 24, 570),
(2680, 24, 571),
(2681, 24, 572),
(2682, 24, 573),
(2683, 24, 574),
(2684, 24, 575),
(2685, 24, 576),
(2686, 24, 577),
(2687, 24, 578),
(2688, 24, 579),
(2689, 24, 580),
(2690, 24, 581),
(2691, 24, 582),
(2692, 24, 583),
(2693, 24, 584),
(2694, 24, 585),
(2695, 24, 586),
(2696, 24, 587),
(2697, 24, 588),
(2698, 24, 589),
(2699, 24, 590),
(2700, 24, 591),
(2701, 24, 592),
(2702, 24, 593),
(2703, 24, 594),
(2704, 24, 595),
(2705, 24, 596),
(2706, 24, 597),
(2707, 24, 598),
(2708, 24, 599),
(2709, 24, 600),
(2710, 24, 601),
(2711, 24, 602),
(2712, 24, 603),
(2713, 24, 604),
(2714, 24, 605),
(2715, 24, 606),
(2716, 24, 607),
(2717, 24, 608),
(2718, 24, 609),
(2719, 24, 610),
(2720, 24, 611),
(2721, 24, 612),
(2722, 24, 613),
(2723, 24, 614),
(2724, 24, 615),
(2725, 24, 616),
(2726, 24, 617),
(2727, 24, 618),
(2728, 24, 619),
(2729, 24, 620),
(2730, 24, 621),
(2731, 24, 622),
(2732, 24, 623),
(2733, 24, 624),
(2734, 24, 625),
(2735, 24, 626),
(2736, 24, 627),
(2737, 24, 628),
(2738, 24, 629),
(2739, 24, 630),
(2740, 24, 631),
(2741, 24, 632),
(2742, 24, 633),
(2743, 24, 634),
(2744, 24, 635),
(2745, 24, 636),
(2746, 24, 637),
(2747, 24, 638),
(2748, 24, 639),
(2749, 24, 640),
(2750, 24, 641),
(2751, 24, 642),
(2752, 24, 643),
(2753, 24, 644),
(2754, 24, 645),
(2755, 24, 646),
(2756, 24, 647),
(2757, 24, 648),
(2758, 24, 649),
(2759, 24, 650),
(2760, 24, 651),
(2761, 24, 652),
(2762, 24, 653),
(2763, 24, 654),
(2764, 24, 655),
(2765, 24, 656),
(2766, 24, 657),
(2767, 24, 658),
(2768, 24, 659),
(2769, 24, 660),
(2770, 24, 661),
(2771, 24, 662),
(2772, 24, 663),
(2773, 24, 664),
(2774, 24, 665),
(2775, 24, 666),
(2776, 24, 667),
(2777, 24, 668),
(2778, 24, 669),
(2779, 24, 670),
(2780, 24, 671),
(2781, 24, 672),
(2782, 24, 673),
(2783, 24, 674),
(2784, 24, 675),
(2785, 24, 676),
(2786, 24, 677),
(2787, 24, 678),
(2788, 24, 679),
(2789, 24, 680),
(2790, 24, 681),
(2791, 24, 682),
(2792, 24, 683),
(2793, 24, 684),
(2794, 24, 685),
(2795, 24, 686),
(2796, 24, 687),
(2797, 24, 688),
(2798, 24, 689),
(2799, 24, 690),
(2800, 24, 691),
(2801, 24, 692),
(2802, 24, 693),
(2803, 24, 694),
(2804, 24, 695),
(2805, 24, 696),
(2806, 24, 697),
(2807, 24, 698),
(2808, 24, 699),
(2809, 24, 700),
(2810, 24, 701),
(2811, 24, 702),
(2812, 24, 703),
(2813, 24, 704),
(2814, 24, 705),
(2815, 24, 706),
(2816, 24, 707),
(2817, 24, 708),
(2818, 24, 709),
(2819, 24, 710),
(2820, 24, 711),
(2821, 24, 712),
(2822, 24, 713),
(2823, 24, 714),
(2824, 24, 715),
(2825, 24, 716),
(2826, 24, 717),
(2827, 24, 718),
(2828, 24, 719),
(2829, 24, 720),
(2830, 24, 721),
(2831, 24, 722),
(2832, 24, 723),
(2833, 24, 724),
(2834, 24, 725),
(2835, 24, 726),
(2836, 24, 727),
(2837, 24, 728),
(2838, 24, 729),
(2839, 24, 730),
(2840, 24, 731),
(2841, 24, 732),
(2842, 24, 733),
(2843, 24, 734),
(2844, 24, 735),
(2845, 24, 736),
(2846, 24, 737),
(2847, 24, 738),
(2848, 24, 739),
(2849, 24, 740),
(2850, 24, 741),
(2851, 24, 742),
(2852, 24, 743),
(2853, 24, 744),
(2854, 24, 745),
(2855, 24, 746),
(2856, 24, 747),
(2857, 24, 748),
(2858, 24, 749),
(2859, 24, 750),
(2860, 24, 751),
(2861, 24, 752),
(2862, 24, 753),
(2863, 24, 754),
(2864, 24, 755),
(2865, 24, 756),
(2866, 24, 757),
(2867, 24, 758),
(2868, 24, 759),
(2869, 24, 760),
(2870, 24, 761),
(2871, 24, 762),
(2872, 24, 763),
(2873, 24, 764),
(2874, 24, 765),
(2875, 24, 766),
(2876, 24, 767),
(2877, 24, 768),
(2878, 24, 769),
(2879, 24, 770),
(2880, 24, 771),
(2881, 24, 772),
(2882, 24, 773),
(2883, 24, 774),
(2884, 24, 775),
(2885, 24, 776),
(2886, 24, 777),
(2887, 24, 778),
(2888, 24, 779),
(2889, 24, 780),
(2890, 24, 781),
(2891, 24, 782),
(2892, 24, 783),
(2893, 24, 784),
(2894, 24, 785),
(2895, 24, 786),
(2896, 24, 787),
(2897, 24, 788),
(2898, 24, 789),
(2899, 24, 790),
(2900, 24, 791),
(2901, 24, 792),
(2902, 24, 793),
(2903, 24, 794),
(2904, 24, 795),
(2905, 24, 796),
(2906, 24, 797),
(2907, 24, 798),
(2908, 24, 799),
(2909, 24, 800),
(2910, 24, 801),
(2911, 24, 802),
(2912, 24, 803),
(2913, 24, 804),
(2914, 24, 805),
(2915, 24, 806),
(2916, 24, 807),
(2917, 24, 808),
(2918, 24, 809),
(2919, 24, 810),
(2920, 24, 811),
(2921, 24, 812),
(2922, 24, 813),
(2923, 24, 814),
(2924, 24, 815),
(2925, 24, 816),
(2926, 24, 817),
(2927, 24, 818),
(2928, 24, 819),
(2929, 24, 820),
(2930, 24, 821),
(2931, 24, 822),
(2932, 24, 823),
(2933, 24, 824),
(2934, 24, 825),
(2935, 24, 826),
(2936, 24, 827),
(2937, 24, 828),
(2938, 24, 829),
(2939, 24, 830),
(2940, 24, 831),
(2941, 24, 832),
(2942, 24, 833),
(2943, 24, 834),
(2944, 24, 835),
(2945, 24, 836),
(2946, 24, 837),
(2947, 24, 838),
(2948, 24, 839),
(2949, 24, 840),
(2950, 24, 841),
(2951, 24, 842),
(2952, 24, 843),
(2953, 24, 844),
(2954, 24, 845),
(2955, 24, 846),
(2956, 24, 847),
(2957, 24, 848),
(2958, 24, 849),
(2959, 24, 850),
(2960, 24, 851),
(2961, 24, 852),
(2962, 24, 853),
(2963, 24, 854),
(2964, 24, 855),
(2965, 24, 856),
(2966, 24, 857),
(2967, 24, 858),
(2968, 24, 859),
(2969, 24, 860),
(2970, 24, 861),
(2971, 24, 862),
(2972, 24, 863),
(2973, 24, 864),
(2974, 24, 865),
(2975, 24, 866),
(2976, 24, 867),
(2977, 24, 868),
(2978, 24, 869),
(2979, 24, 870),
(2980, 24, 871),
(2981, 24, 872),
(2982, 24, 873),
(2983, 24, 874),
(2984, 24, 875),
(2985, 24, 876),
(2986, 24, 877),
(2987, 24, 878),
(2988, 24, 879),
(2989, 24, 880),
(2990, 24, 881),
(2991, 24, 882),
(2992, 24, 883),
(2993, 24, 884),
(2994, 24, 885),
(2995, 24, 886),
(2996, 24, 887),
(2997, 24, 888),
(2998, 24, 889),
(2999, 24, 890),
(3000, 24, 891),
(3001, 24, 892),
(3002, 24, 893),
(3003, 24, 894),
(3004, 24, 895),
(3005, 24, 896),
(3006, 24, 897),
(3007, 24, 898),
(3008, 24, 899),
(3009, 24, 900),
(3010, 24, 901),
(3011, 24, 902),
(3012, 24, 903),
(3013, 24, 904),
(3014, 24, 905),
(3015, 24, 906),
(3016, 24, 907),
(3017, 24, 908),
(3018, 24, 909),
(3019, 24, 910),
(3020, 24, 911),
(3021, 24, 912),
(3022, 24, 913),
(3023, 24, 914),
(3024, 24, 915),
(3025, 24, 916),
(3026, 24, 917),
(3027, 24, 918),
(3028, 24, 919),
(3029, 24, 920),
(3030, 24, 921),
(3031, 24, 922),
(3032, 24, 923),
(3033, 24, 924),
(3034, 24, 925),
(3035, 24, 926),
(3036, 24, 927),
(3037, 24, 928),
(3038, 24, 929),
(3039, 24, 930),
(3040, 24, 931),
(3041, 24, 932),
(3042, 24, 933),
(3043, 24, 934),
(3044, 24, 935),
(3045, 24, 936),
(3046, 24, 937),
(3047, 24, 938),
(3048, 24, 939),
(3049, 24, 940),
(3050, 24, 941),
(3051, 24, 942),
(3052, 24, 943),
(3053, 24, 944),
(3054, 24, 945),
(3055, 24, 946),
(3056, 24, 947),
(3057, 24, 948),
(3058, 24, 949),
(3059, 24, 950),
(3060, 24, 951),
(3061, 24, 952),
(3062, 24, 953),
(3063, 24, 954),
(3064, 24, 955),
(3065, 24, 956),
(3066, 24, 957),
(3067, 24, 958),
(3068, 24, 959),
(3069, 24, 960),
(3070, 24, 961),
(3071, 24, 962),
(3072, 24, 963),
(3073, 24, 964),
(3074, 24, 965),
(3075, 24, 966),
(3076, 24, 967),
(3077, 24, 968),
(3078, 24, 969),
(3079, 24, 970),
(3080, 24, 971),
(3081, 24, 972),
(3082, 24, 973),
(3083, 24, 974),
(3084, 24, 975),
(3085, 24, 976),
(3086, 24, 977),
(3087, 24, 978),
(3088, 24, 979),
(3089, 24, 980),
(3090, 24, 981),
(3091, 24, 982),
(3092, 24, 983),
(3093, 24, 984),
(3094, 24, 985),
(3095, 24, 986),
(3096, 24, 987),
(3097, 24, 988),
(3098, 24, 989),
(3099, 24, 990),
(3100, 24, 991),
(3101, 24, 992),
(3102, 24, 993),
(3103, 24, 994),
(3104, 24, 995),
(3105, 24, 996),
(3106, 24, 997),
(3107, 24, 998),
(3108, 24, 999),
(3109, 24, 1000),
(3110, 24, 1001),
(3111, 24, 1002),
(3112, 24, 1003),
(3113, 24, 1004),
(3114, 24, 1005),
(3115, 24, 1006),
(3116, 24, 1007),
(3117, 24, 1008),
(3118, 24, 1009),
(3119, 24, 1010),
(3120, 24, 1011),
(3121, 24, 1012),
(3122, 24, 1013),
(3123, 24, 1014),
(3124, 24, 1015),
(3125, 24, 1016),
(3126, 24, 1017),
(3127, 24, 1018),
(3128, 24, 1019),
(3129, 24, 1020),
(3130, 24, 1021),
(3131, 24, 1022),
(3132, 24, 1023),
(3133, 24, 1024),
(3134, 24, 1025),
(3135, 24, 1026),
(3136, 24, 1027),
(3137, 24, 1028),
(3138, 24, 1029),
(3139, 24, 1030),
(3140, 24, 1031),
(3141, 24, 1032),
(3142, 24, 1033),
(3143, 24, 1034),
(3144, 24, 1035),
(3145, 24, 1036),
(3146, 24, 1037),
(3147, 24, 1038),
(3148, 24, 1039),
(3149, 24, 1040),
(3150, 24, 1041),
(3151, 24, 1042),
(3152, 24, 1043),
(3153, 24, 1044),
(3154, 24, 1045),
(3155, 24, 1046),
(3156, 24, 1047),
(3157, 24, 1048),
(3158, 24, 1049),
(3159, 24, 1050),
(3160, 24, 1051),
(3161, 24, 1052),
(3162, 24, 1053),
(3163, 24, 1054),
(3164, 24, 1055),
(3165, 24, 1056),
(3166, 24, 1057),
(3167, 24, 1058),
(3168, 24, 1059),
(3169, 24, 1060),
(3170, 24, 1061),
(3171, 24, 1062),
(3172, 24, 1063),
(3173, 24, 1064),
(3174, 24, 1065),
(3175, 24, 1066),
(3176, 24, 1067),
(3177, 24, 1068),
(3178, 24, 1069),
(3179, 24, 1070),
(3180, 24, 1071),
(3181, 24, 1072),
(3182, 24, 1073),
(3183, 24, 1074),
(3184, 24, 1075),
(3185, 24, 1076),
(3186, 24, 1077),
(3187, 24, 1078),
(3188, 24, 1079),
(3189, 24, 1080),
(3190, 24, 1081),
(3191, 24, 1082),
(3192, 24, 1083),
(3193, 24, 1084),
(3194, 24, 1085),
(3195, 24, 1086),
(3196, 24, 1087),
(3197, 24, 1088),
(3198, 24, 1089),
(3199, 24, 1090),
(3200, 24, 1091),
(3201, 24, 1092),
(3202, 24, 1093),
(3203, 24, 1094),
(3204, 24, 1095),
(3205, 24, 1096),
(3206, 24, 1097),
(3207, 24, 1098),
(3208, 24, 1099),
(3209, 24, 1100),
(3210, 24, 1101),
(3211, 24, 1102),
(3212, 24, 1103),
(3213, 24, 1104),
(3214, 24, 1105),
(3215, 24, 1106),
(3216, 24, 1107),
(3217, 24, 1108),
(3218, 24, 1109),
(3219, 24, 1110),
(3220, 24, 1111),
(3221, 24, 1112),
(3222, 24, 1113),
(3223, 24, 1114),
(3224, 24, 1115),
(3225, 24, 1116),
(3226, 24, 1117),
(3227, 24, 1118),
(3228, 24, 1119),
(3229, 24, 1120),
(3230, 24, 1121),
(3231, 24, 1122),
(3232, 24, 1123),
(3233, 24, 1124),
(3234, 24, 1125),
(3235, 24, 1126),
(3236, 24, 1127),
(3237, 24, 1128),
(3238, 24, 1129),
(3239, 24, 1130),
(3240, 24, 1131),
(3241, 24, 1132),
(3242, 24, 1133),
(3243, 24, 1134),
(3244, 24, 1135),
(3245, 24, 1136),
(3246, 24, 1137),
(3247, 24, 1138),
(3248, 24, 1139),
(3249, 24, 1140),
(3250, 24, 1141),
(3251, 24, 1142),
(3252, 24, 1143),
(3253, 24, 1144),
(3254, 24, 1145),
(3255, 24, 1146),
(3256, 24, 1147),
(3257, 24, 1148),
(3258, 24, 1149),
(3259, 24, 1150),
(3260, 24, 1151),
(3261, 24, 1152),
(3262, 24, 1153),
(3263, 24, 1154),
(3264, 24, 1155),
(3265, 24, 1156),
(3266, 24, 1157),
(3267, 24, 1158),
(3268, 24, 1159),
(3269, 24, 1160),
(3270, 24, 1161),
(3271, 24, 1162),
(3272, 24, 1163),
(3273, 24, 1164),
(3274, 24, 1165),
(3275, 24, 1166),
(3276, 24, 1167),
(3277, 24, 1168),
(3278, 24, 1169),
(3279, 24, 1170),
(3280, 24, 1171),
(3281, 24, 1172),
(3282, 24, 1173),
(3283, 24, 1174),
(3284, 24, 1175),
(3285, 24, 1176),
(3286, 24, 1177),
(3287, 24, 1178),
(3288, 24, 1179),
(3289, 24, 1180),
(3290, 24, 1181),
(3291, 24, 1182),
(3292, 24, 1183),
(3293, 24, 1184),
(3294, 24, 1185),
(3295, 24, 1186),
(3296, 24, 1187),
(3297, 24, 1188),
(3298, 24, 1189),
(3299, 24, 1190),
(3300, 24, 1191),
(3301, 24, 1192),
(3302, 24, 1193),
(3303, 24, 1194),
(3304, 24, 1195),
(3305, 24, 1196),
(3306, 24, 1197),
(3307, 24, 1198),
(3308, 24, 1199),
(3309, 24, 1200),
(3310, 24, 1201),
(3311, 24, 1202),
(3312, 24, 1203),
(3313, 24, 1204),
(3314, 24, 1205),
(3315, 24, 1206),
(3316, 24, 1207),
(3317, 24, 1208),
(3318, 24, 1209),
(3319, 24, 1210),
(3320, 24, 1211),
(3321, 24, 1212),
(3322, 24, 1213),
(3323, 24, 1214),
(3324, 24, 1215),
(3325, 24, 1216),
(3326, 24, 1217),
(3327, 24, 1218),
(3328, 24, 1219),
(3329, 24, 1220),
(3330, 24, 1221),
(3331, 24, 1222),
(3332, 24, 1223),
(3333, 24, 1224),
(3334, 24, 1225),
(3335, 24, 1226),
(3336, 24, 1227),
(3337, 24, 1228),
(3338, 24, 1229),
(3339, 24, 1230),
(3340, 24, 1231),
(3341, 24, 1232),
(3342, 24, 1233),
(3343, 24, 1234),
(3344, 24, 1235),
(3345, 24, 1236),
(3346, 24, 1237),
(3347, 24, 1238),
(3348, 24, 1239),
(3349, 24, 1240),
(3350, 24, 1241),
(3351, 24, 1242),
(3352, 24, 1243),
(3353, 24, 1244),
(3354, 24, 1245),
(3355, 24, 1246),
(3356, 24, 1247),
(3357, 24, 1248),
(3358, 24, 1249),
(3359, 24, 1250),
(3360, 24, 1251),
(3361, 24, 1252),
(3362, 24, 1253),
(3363, 24, 1254),
(3364, 24, 1255),
(3365, 24, 1256),
(3366, 24, 1257),
(3367, 24, 1258),
(3368, 24, 1259),
(3369, 24, 1260),
(3370, 24, 1261),
(3371, 24, 1262),
(3372, 24, 1263),
(3373, 24, 1264),
(3374, 24, 1265),
(3375, 24, 1266),
(3376, 24, 1267),
(3377, 24, 1268),
(3378, 24, 1269),
(3379, 24, 1270),
(3380, 24, 1271),
(3381, 24, 1272),
(3382, 24, 1273),
(3383, 24, 1274),
(3384, 24, 1275),
(3385, 24, 1276),
(3386, 24, 1277),
(3387, 24, 1278),
(3388, 24, 1279),
(3389, 24, 1280),
(3390, 24, 1281),
(3391, 24, 1282),
(3392, 24, 1283),
(3393, 24, 1284),
(3394, 24, 1285),
(3395, 24, 1286),
(3396, 24, 1287),
(3397, 24, 1288),
(3398, 24, 1289),
(3399, 24, 1290),
(3400, 24, 1291),
(3401, 24, 1292),
(3402, 24, 1293),
(3403, 24, 1294),
(3404, 24, 1295),
(3405, 24, 1296),
(3406, 24, 1297),
(3407, 24, 1298),
(3408, 24, 1299),
(3409, 24, 1300),
(3410, 24, 1301),
(3411, 24, 1302),
(3412, 24, 1303),
(3413, 24, 1304),
(3414, 24, 1305),
(3415, 24, 1306),
(3416, 24, 1307),
(3417, 24, 1308),
(3418, 24, 1309),
(3419, 24, 1310),
(3420, 24, 1311),
(3421, 24, 1312),
(3422, 24, 1313),
(3423, 24, 1314),
(3424, 24, 1315),
(3425, 24, 1316),
(3426, 24, 1317),
(3427, 24, 1318),
(3428, 24, 1319),
(3429, 24, 1320),
(3430, 24, 1321),
(3431, 24, 1322),
(3432, 24, 1323),
(3433, 24, 1324),
(3434, 24, 1325),
(3435, 24, 1326),
(3436, 24, 1327),
(3437, 24, 1328),
(3438, 24, 1329),
(3439, 24, 1330),
(3440, 24, 1331),
(3441, 24, 1332),
(3442, 24, 1333),
(3443, 24, 1334),
(3444, 24, 1335),
(3445, 24, 1336),
(3446, 24, 1337),
(3447, 24, 1338),
(3448, 24, 1339),
(3449, 24, 1340),
(3450, 24, 1341),
(3451, 24, 1342),
(3452, 24, 1343),
(3453, 24, 1344),
(3454, 24, 1345),
(3455, 24, 1346),
(3456, 24, 1347),
(3457, 24, 1348),
(3458, 24, 1349),
(3459, 24, 1350),
(3460, 24, 1351),
(3461, 24, 1352),
(3462, 24, 1353),
(3463, 24, 1354),
(3464, 24, 1355),
(3465, 24, 1356),
(3466, 24, 1357),
(3467, 24, 1358),
(3468, 24, 1359),
(3469, 24, 1360),
(3470, 24, 1361),
(3471, 24, 1362),
(3472, 24, 1363),
(3473, 24, 1364),
(3474, 24, 1365),
(3475, 24, 1366),
(3476, 24, 1367),
(3477, 24, 1368),
(3478, 24, 1369),
(3479, 24, 1370),
(3480, 24, 1371),
(3481, 24, 1372),
(3482, 24, 1373),
(3483, 24, 1374),
(3484, 24, 1375),
(3485, 24, 1376),
(3486, 24, 1377),
(3487, 24, 1378),
(3488, 24, 1379),
(3489, 24, 1380),
(3490, 24, 1381),
(3491, 24, 1382),
(3492, 24, 1383),
(3493, 24, 1384),
(3494, 24, 1385),
(3495, 24, 1386),
(3496, 24, 1387),
(3497, 24, 1388),
(3498, 24, 1389),
(3499, 24, 1390),
(3500, 24, 1391),
(3501, 24, 1392),
(3502, 24, 1393),
(3503, 24, 1394),
(3504, 24, 1395),
(3505, 24, 1396),
(3506, 24, 1397),
(3507, 24, 1398),
(3508, 24, 1399),
(3509, 24, 1400),
(3510, 24, 1401),
(3511, 24, 1402),
(3512, 24, 1403),
(3513, 24, 1404),
(3514, 24, 1405),
(3515, 24, 1406),
(3516, 24, 1407),
(3517, 24, 1408),
(3518, 24, 1409),
(3519, 24, 1410),
(3520, 24, 1411),
(3521, 24, 1412),
(3522, 24, 1413),
(3523, 24, 1414),
(3524, 24, 1415),
(3525, 24, 1416),
(3526, 24, 1417),
(3527, 24, 1418),
(3528, 24, 1419),
(3529, 24, 1420),
(3530, 24, 1421),
(3531, 24, 1422),
(3532, 24, 1423),
(3533, 24, 1424),
(3534, 24, 1425),
(3535, 24, 1426),
(3536, 24, 1427),
(3537, 24, 1428),
(3538, 24, 1429),
(3539, 24, 1430),
(3540, 24, 1431),
(3541, 24, 1432),
(3542, 24, 1433),
(3543, 24, 1434),
(3544, 24, 1435),
(3545, 24, 1436),
(3546, 24, 1437),
(3547, 24, 1438),
(3548, 24, 1439),
(3549, 24, 1440),
(3550, 24, 1441),
(3551, 24, 1442),
(3552, 24, 1443),
(3553, 24, 1444),
(3554, 24, 1445),
(3555, 24, 1446),
(3556, 24, 1447),
(3557, 24, 1448),
(3558, 24, 1449),
(3559, 24, 1450),
(3560, 24, 1451),
(3561, 24, 1452),
(3562, 24, 1453),
(3563, 24, 1454),
(3564, 24, 1455),
(3565, 24, 1456),
(3566, 24, 1457),
(3567, 24, 1458),
(3568, 24, 1459),
(3569, 24, 1460),
(3570, 24, 1461),
(3571, 24, 1462),
(3572, 24, 1463),
(3573, 24, 1464),
(3574, 24, 1465),
(3575, 24, 1466),
(3576, 24, 1467),
(3577, 24, 1468),
(3578, 24, 1469),
(3579, 24, 1470),
(3580, 24, 1471),
(3581, 24, 1472),
(3582, 24, 1473),
(3583, 24, 1474),
(3584, 24, 1475),
(3585, 24, 1476),
(3586, 24, 1477),
(3587, 24, 1478),
(3588, 24, 1479),
(3589, 24, 1480),
(3590, 24, 1481),
(3591, 24, 1482),
(3592, 24, 1483),
(3593, 24, 1484),
(3594, 24, 1485),
(3595, 24, 1486),
(3596, 24, 1487),
(3597, 24, 1488),
(3598, 24, 1489),
(3599, 24, 1490),
(3600, 24, 1491),
(3601, 24, 1492),
(3602, 24, 1493),
(3603, 24, 1494),
(3604, 24, 1495),
(3605, 24, 1496),
(3606, 24, 1497),
(3607, 24, 1498),
(3608, 24, 1499),
(3609, 24, 1500),
(3610, 24, 1501),
(3611, 24, 1502),
(3612, 24, 1503),
(3613, 24, 1504),
(3614, 24, 1505),
(3615, 24, 1506),
(3616, 24, 1507),
(3617, 24, 1508),
(3618, 24, 1509),
(3619, 24, 1510),
(3620, 24, 1511),
(3621, 24, 1512),
(3622, 24, 1513),
(3623, 24, 1514),
(3624, 24, 1515),
(3625, 24, 1516),
(3626, 24, 1517),
(3627, 24, 1518),
(3628, 24, 1519),
(3629, 24, 1520),
(3630, 24, 1521),
(3631, 24, 1522),
(3632, 24, 1523),
(3633, 24, 1524),
(3634, 24, 1525),
(3635, 24, 1526),
(3636, 24, 1527),
(3637, 24, 1528),
(3638, 24, 1529),
(3639, 24, 1530),
(3640, 24, 1531),
(3641, 24, 1532),
(3642, 24, 1533),
(3643, 24, 1534),
(3644, 24, 1535),
(3645, 24, 1536),
(3646, 24, 1537),
(3647, 24, 1538),
(3648, 24, 1539),
(3649, 24, 1540),
(3650, 24, 1541),
(3651, 24, 1542),
(3652, 24, 1543),
(3653, 24, 1544),
(3654, 24, 1545),
(3655, 24, 1546),
(3656, 24, 1547),
(3657, 24, 1548),
(3658, 24, 1549),
(3659, 24, 1550),
(3660, 24, 1551),
(3661, 24, 1552),
(3662, 24, 1553),
(3663, 24, 1554),
(3664, 24, 1555),
(3665, 24, 1556),
(3666, 24, 1557),
(3667, 24, 1558),
(3668, 24, 1559),
(3669, 24, 1560),
(3670, 24, 1561),
(3671, 24, 1562),
(3672, 24, 1563),
(3673, 24, 1564),
(3674, 24, 1565),
(3675, 24, 1566),
(3676, 24, 1567),
(3677, 24, 1568),
(3678, 24, 1569),
(3679, 24, 1570),
(3680, 24, 1571),
(3681, 24, 1572),
(3682, 24, 1573),
(3683, 24, 1574),
(3684, 24, 1575),
(3685, 24, 1576),
(3686, 24, 1577),
(3687, 24, 1578),
(3688, 24, 1579),
(3689, 24, 1580),
(3690, 24, 1581),
(3691, 24, 1582),
(3692, 24, 1583),
(3693, 24, 1584),
(3694, 24, 1585),
(3695, 24, 1586),
(3696, 24, 1587),
(3697, 24, 1588),
(3698, 24, 1589),
(3699, 24, 1590),
(3700, 24, 1591),
(3701, 24, 1592),
(3702, 24, 1593),
(3703, 24, 1594),
(3704, 24, 1595),
(3705, 24, 1596),
(3706, 24, 1597),
(3707, 24, 1598),
(3708, 24, 1599),
(3709, 24, 1600),
(3710, 24, 1601),
(3711, 24, 1602),
(3712, 24, 1603),
(3713, 24, 1604),
(3714, 24, 1605),
(3715, 24, 1606),
(3716, 24, 1607),
(3717, 24, 1608),
(3718, 24, 1609),
(3719, 24, 1610),
(3720, 24, 1611),
(3721, 24, 1612),
(3722, 24, 1613),
(3723, 24, 1614),
(3724, 24, 1615),
(3725, 24, 1616),
(3726, 24, 1617),
(3727, 24, 1618),
(3728, 24, 1619),
(3729, 24, 1620),
(3730, 24, 1621),
(3731, 24, 1622),
(3732, 24, 1623),
(3733, 24, 1624),
(3734, 24, 1625),
(3735, 24, 1626),
(3736, 24, 1627),
(3737, 24, 1628),
(3738, 24, 1629),
(3739, 24, 1630),
(3740, 24, 1631),
(3741, 24, 1632),
(3742, 24, 1633),
(3743, 24, 1634),
(3744, 24, 1635),
(3745, 24, 1636),
(3746, 24, 1637),
(3747, 24, 1638),
(3748, 24, 1639),
(3749, 24, 1640),
(3750, 24, 1641),
(3751, 24, 1642),
(3752, 24, 1643),
(3753, 24, 1644),
(3754, 24, 1645),
(3755, 24, 1646),
(3756, 24, 1647),
(3757, 24, 1648),
(3758, 24, 1649),
(3759, 24, 1650),
(3760, 24, 1651),
(3761, 24, 1652),
(3762, 24, 1653),
(3763, 24, 1654),
(3764, 24, 1655),
(3765, 24, 1656),
(3766, 24, 1657),
(3767, 24, 1658),
(3768, 24, 1659),
(3769, 24, 1660),
(3770, 24, 1661),
(3771, 24, 1662),
(3772, 24, 1663),
(3773, 24, 1664),
(3774, 24, 1665),
(3775, 24, 1666),
(3776, 24, 1667),
(3777, 24, 1668),
(3778, 24, 1669),
(3779, 24, 1670),
(3780, 24, 1671),
(3781, 24, 1672),
(3782, 24, 1673),
(3783, 24, 1674),
(3784, 24, 1675),
(3785, 24, 1676),
(3786, 24, 1677),
(3787, 24, 1678),
(3788, 24, 1679),
(3789, 24, 1680),
(3790, 24, 1681),
(3791, 24, 1682),
(3792, 24, 1683),
(3793, 24, 1684),
(3794, 24, 1685),
(3795, 24, 1686),
(3796, 24, 1687),
(3797, 24, 1688),
(3798, 24, 1689),
(3799, 24, 1690),
(3800, 24, 1691),
(3801, 24, 1692),
(3802, 24, 1693),
(3803, 24, 1694),
(3804, 24, 1695),
(3805, 24, 1696),
(3806, 24, 1697),
(3807, 24, 1698),
(3808, 24, 1699),
(3809, 24, 1700),
(3810, 24, 1701),
(3811, 24, 1702),
(3812, 24, 1703),
(3813, 24, 1704),
(3814, 24, 1705),
(3815, 24, 1706),
(3816, 24, 1707),
(3817, 24, 1708),
(3818, 24, 1709),
(3819, 24, 1710),
(3820, 24, 1711),
(3821, 24, 1712),
(3822, 24, 1713),
(3823, 24, 1714),
(3824, 24, 1715),
(3825, 24, 1716),
(3826, 24, 1717),
(3827, 24, 1718),
(3828, 24, 1719),
(3829, 24, 1720),
(3830, 24, 1721),
(3831, 24, 1722),
(3832, 24, 1723),
(3833, 24, 1724),
(3834, 24, 1725),
(3835, 24, 1726),
(3836, 24, 1727),
(3837, 24, 1728),
(3838, 24, 1729),
(3839, 24, 1730),
(3840, 24, 1731),
(3841, 24, 1732),
(3842, 24, 1733),
(3843, 24, 1734),
(3844, 24, 1735),
(3845, 24, 1736),
(3846, 24, 1737),
(3847, 24, 1738),
(3848, 24, 1739),
(3849, 24, 1740),
(3850, 24, 1741),
(3851, 24, 1742),
(3852, 24, 1743),
(3853, 24, 1744),
(3854, 24, 1745),
(3855, 24, 1746),
(3856, 24, 1747),
(3857, 24, 1748),
(3858, 24, 1749),
(3859, 24, 1750),
(3860, 24, 1751),
(3861, 24, 1752),
(3862, 24, 1753),
(3863, 24, 1754),
(3864, 24, 1755),
(3865, 24, 1756),
(3866, 24, 1757),
(3867, 24, 1758),
(3868, 24, 1759),
(3869, 24, 1760),
(3870, 24, 1761),
(3871, 24, 1762),
(3872, 24, 1763),
(3873, 24, 1764),
(3874, 24, 1765),
(3875, 24, 1766),
(3876, 24, 1767),
(3877, 24, 1768),
(3878, 24, 1769),
(3879, 24, 1770),
(3880, 24, 1771),
(3881, 24, 1772),
(3882, 24, 1773),
(3883, 24, 1774),
(3884, 24, 1775),
(3885, 24, 1776),
(3886, 24, 1777),
(3887, 24, 1778),
(3888, 24, 1779),
(3889, 24, 1780),
(3890, 24, 1781),
(3891, 24, 1782),
(3892, 24, 1783);

-- --------------------------------------------------------

--
-- Table structure for table `class_section`
--

CREATE TABLE IF NOT EXISTS `class_section` (
  `id` int(11) NOT NULL,
  `class_id` int(11) NOT NULL,
  `section` varchar(16) NOT NULL,
  `instructor_id` int(11) NOT NULL,
  `location` text NOT NULL
) ENGINE=InnoDB DEFAULT CHARSET=latin1;

--
-- Dumping data for table `class_section`
--

INSERT INTO `class_section` (`id`, `class_id`, `section`, `instructor_id`, `location`) VALUES
(0, 1, '02', 605, ''),
(0, 2, '01', 99, ''),
(0, 3, '09', 205, ''),
(0, 4, '06', 159, ''),
(0, 5, '10', 118, ''),
(0, 6, 'RC', 55, ''),
(0, 7, '01', 624, ''),
(0, 8, '01', 31, ''),
(0, 9, '11', 383, ''),
(0, 10, 'A', 11, ''),
(0, 11, '04', 756, ''),
(0, 12, '01', 22, ''),
(0, 13, '01', 253, ''),
(0, 14, '01', 255, ''),
(0, 15, 'B', 481, ''),
(0, 16, 'C', 525, ''),
(0, 17, '01', 578, ''),
(0, 18, 'FGA', 299, ''),
(0, 19, '01', 570, ''),
(0, 20, 'LK', 171, ''),
(0, 21, '01', 94, ''),
(0, 22, '01', 748, ''),
(0, 23, '09', 376, ''),
(0, 24, '01', 680, ''),
(0, 25, '01', 796, ''),
(0, 26, '02', 48, ''),
(0, 27, 'FL', 12, ''),
(0, 28, 'FM', 13, ''),
(0, 29, '01', 480, ''),
(0, 30, '01', 494, ''),
(0, 23, '12', 375, ''),
(0, 31, 'J', 782, ''),
(0, 32, '01', 281, ''),
(0, 33, 'CE', 338, ''),
(0, 34, 'B', 539, ''),
(0, 35, 'LG', 11, ''),
(0, 36, 'A', 61, ''),
(0, 37, 'A', 11, ''),
(0, 38, '01', 631, ''),
(0, 39, 'E', 529, ''),
(0, 40, 'L01', 11, ''),
(0, 27, 'FG', 299, ''),
(0, 41, '10', 160, ''),
(0, 20, 'RE', 171, ''),
(0, 42, '01', 116, ''),
(0, 9, '09', 382, ''),
(0, 43, '04', 401, ''),
(0, 44, 'C', 35, ''),
(0, 45, 'RC', 11, ''),
(0, 46, 'E', 280, ''),
(0, 47, '01', 133, ''),
(0, 48, '01', 206, ''),
(0, 49, 'B', 588, ''),
(0, 50, '01', 411, ''),
(0, 51, 'A', 788, ''),
(0, 52, '04', 221, ''),
(0, 53, '09', 20, ''),
(0, 54, '01', 415, ''),
(0, 55, '01', 274, ''),
(0, 56, 'K', 775, ''),
(0, 57, '01', 188, ''),
(0, 58, '01', 501, ''),
(0, 59, '01', 597, ''),
(0, 60, '05', 404, ''),
(0, 61, '01', 716, ''),
(0, 62, '01', 198, ''),
(0, 63, '01', 204, ''),
(0, 64, '01', 571, ''),
(0, 31, 'RM', 11, ''),
(0, 65, '01', 603, ''),
(0, 66, '11', 557, ''),
(0, 67, '01', 11, ''),
(0, 68, '02', 592, ''),
(0, 69, 'C', 768, ''),
(0, 70, 'FM', 13, ''),
(0, 71, 'A', 500, ''),
(0, 72, '04', 674, ''),
(0, 73, '01', 237, ''),
(0, 74, '13', 713, ''),
(0, 75, 'C', 496, ''),
(0, 76, 'NC', 642, ''),
(0, 77, '01', 198, ''),
(0, 78, 'FLC', 12, ''),
(0, 79, 'RC', 269, ''),
(0, 80, 'F', 11, ''),
(0, 81, '01', 332, ''),
(0, 82, '02R', 256, ''),
(0, 83, 'A', 663, ''),
(0, 20, 'LF', 171, ''),
(0, 84, '01', 601, ''),
(0, 46, 'F', 280, ''),
(0, 16, 'D', 526, ''),
(0, 85, 'F', 453, ''),
(0, 86, '02', 603, ''),
(0, 87, '04', 1, ''),
(0, 88, 'NC', 643, ''),
(0, 89, '02', 567, ''),
(0, 90, '09', 17, ''),
(0, 91, '01', 479, ''),
(0, 92, 'LB', 632, ''),
(0, 93, '02', 545, ''),
(0, 94, 'D', 193, ''),
(0, 95, '01', 73, ''),
(0, 96, 'LC', 172, ''),
(0, 97, '01', 533, ''),
(0, 98, 'B', 149, ''),
(0, 98, 'D', 149, ''),
(0, 99, '01', 491, ''),
(0, 100, 'LC', 696, ''),
(0, 101, '01', 644, ''),
(0, 102, 'RC', 11, ''),
(0, 35, 'LM', 11, ''),
(0, 103, '01', 144, ''),
(0, 104, '01', 2, ''),
(0, 105, '06', 571, ''),
(0, 6, 'RD', 55, ''),
(0, 5, '11', 106, ''),
(0, 106, '01', 300, ''),
(0, 107, '02', 244, ''),
(0, 108, 'FM', 13, ''),
(0, 109, 'A', 585, ''),
(0, 110, '01', 467, ''),
(0, 111, '02', 493, ''),
(0, 112, '01', 318, ''),
(0, 113, 'FMA', 13, ''),
(0, 114, '01', 479, ''),
(0, 115, 'II', 177, ''),
(0, 116, 'LH', 55, ''),
(0, 117, '20', 560, ''),
(0, 118, 'G', 11, ''),
(0, 119, '03', 394, ''),
(0, 120, '01', 753, ''),
(0, 121, 'CE', 11, ''),
(0, 122, '01', 163, ''),
(0, 123, '13', 351, ''),
(0, 124, 'RD', 11, ''),
(0, 5, '15', 90, ''),
(0, 125, '01', 542, ''),
(0, 126, '01', 270, ''),
(0, 127, '08', 555, ''),
(0, 128, 'A', 582, ''),
(0, 129, '13', 790, ''),
(0, 45, 'RH', 11, ''),
(0, 130, '01', 41, ''),
(0, 123, '19', 11, ''),
(0, 131, '01', 479, ''),
(0, 96, '01', 172, ''),
(0, 132, '01', 52, ''),
(0, 133, '01', 150, ''),
(0, 134, '01', 760, ''),
(0, 135, 'LA', 5, ''),
(0, 136, '01', 594, ''),
(0, 5, '04', 101, ''),
(0, 137, 'A', 35, ''),
(0, 128, 'RB', 586, ''),
(0, 138, '01', 755, ''),
(0, 139, '01', 206, ''),
(0, 140, '02', 623, ''),
(0, 141, '01', 11, ''),
(0, 142, '02', 479, ''),
(0, 143, '01', 18, ''),
(0, 144, '01', 14, ''),
(0, 145, '02', 152, ''),
(0, 146, '02', 202, ''),
(0, 3, 'RD', 205, ''),
(0, 147, '01', 241, ''),
(0, 148, 'FM', 13, ''),
(0, 149, '01', 197, ''),
(0, 150, '01', 11, ''),
(0, 151, '21', 562, ''),
(0, 148, 'FLA', 12, ''),
(0, 41, '01', 162, ''),
(0, 152, '01', 76, ''),
(0, 153, 'A', 569, ''),
(0, 154, '01', 727, ''),
(0, 74, '45', 722, ''),
(0, 155, '01', 237, ''),
(0, 156, '01', 2, ''),
(0, 157, 'ACE', 136, ''),
(0, 41, '06', 167, ''),
(0, 158, '01', 11, ''),
(0, 159, '01', 11, ''),
(0, 160, '01', 205, ''),
(0, 161, '01', 654, ''),
(0, 9, '07', 381, ''),
(0, 162, '01', 548, ''),
(0, 163, 'F', 442, ''),
(0, 164, '01', 785, ''),
(0, 165, '01', 699, ''),
(0, 5, '17', 89, ''),
(0, 166, '01', 202, ''),
(0, 167, '01', 594, ''),
(0, 168, '02', 536, ''),
(0, 169, '01', 749, ''),
(0, 124, 'RG', 11, ''),
(0, 72, '08', 674, ''),
(0, 23, '02R', 347, ''),
(0, 170, '01', 653, ''),
(0, 85, 'C', 453, ''),
(0, 123, '02', 340, ''),
(0, 171, '01', 79, ''),
(0, 172, '01', 227, ''),
(0, 173, '01', 730, ''),
(0, 45, 'RR', 11, ''),
(0, 174, 'A', 670, ''),
(0, 175, '27', 561, ''),
(0, 176, '01', 220, ''),
(0, 177, 'L2', 620, ''),
(0, 1, '01', 604, ''),
(0, 178, 'B', 88, ''),
(0, 179, '01', 712, ''),
(0, 180, '01', 11, ''),
(0, 181, '01', 156, ''),
(0, 182, '01', 34, ''),
(0, 183, '01', 75, ''),
(0, 184, 'B', 124, ''),
(0, 185, '10', 11, ''),
(0, 186, '01', 275, ''),
(0, 187, 'RO', 262, ''),
(0, 188, 'FLC', 12, ''),
(0, 43, '03', 403, ''),
(0, 189, '01', 27, ''),
(0, 190, '01', 23, ''),
(0, 69, 'G', 769, ''),
(0, 191, '01', 206, ''),
(0, 124, 'H', 771, ''),
(0, 192, '01', 84, ''),
(0, 193, '01', 628, ''),
(0, 194, '01', 741, ''),
(0, 195, 'C', 534, ''),
(0, 196, '03', 152, ''),
(0, 197, '01', 144, ''),
(0, 198, '06', 543, ''),
(0, 199, 'A', 486, ''),
(0, 200, '27', 551, ''),
(0, 52, 'MM', 226, ''),
(0, 60, '13', 405, ''),
(0, 201, '01', 393, ''),
(0, 202, '01', 249, ''),
(0, 56, 'H', 776, ''),
(0, 203, '04', 11, ''),
(0, 35, 'LO', 11, ''),
(0, 204, '01', 399, ''),
(0, 20, 'LO', 171, ''),
(0, 187, 'RH', 262, ''),
(0, 205, '01', 568, ''),
(0, 70, 'FMA', 13, ''),
(0, 206, 'A', 566, ''),
(0, 207, '01', 11, ''),
(0, 208, '01', 41, ''),
(0, 209, '04', 385, ''),
(0, 210, '01', 178, ''),
(0, 211, 'RD', 11, ''),
(0, 212, '01', 113, ''),
(0, 213, '01', 318, ''),
(0, 87, '03', 1, ''),
(0, 214, '01', 463, ''),
(0, 187, 'RP', 262, ''),
(0, 215, 'ACE', 337, ''),
(0, 216, '01', 466, ''),
(0, 217, 'C', 790, ''),
(0, 40, 'L02', 11, ''),
(0, 40, 'L10', 11, ''),
(0, 187, 'RI', 262, ''),
(0, 123, '11', 349, ''),
(0, 218, '02', 255, ''),
(0, 219, 'A', 658, ''),
(0, 220, '01', 123, ''),
(0, 221, '01', 649, ''),
(0, 222, '03', 570, ''),
(0, 223, 'MSE', 323, ''),
(0, 224, '01', 281, ''),
(0, 164, '08', 576, ''),
(0, 225, 'F', 427, ''),
(0, 226, 'F', 437, ''),
(0, 222, '01', 2, ''),
(0, 112, 'NC', 318, ''),
(0, 203, '09', 11, ''),
(0, 35, 'LW', 11, ''),
(0, 227, '13', 558, ''),
(0, 148, 'FMB', 13, ''),
(0, 228, 'RC', 11, ''),
(0, 116, 'LB', 55, ''),
(0, 94, 'B', 194, ''),
(0, 20, 'LD', 171, ''),
(0, 229, 'FG', 299, ''),
(0, 230, '01', 41, ''),
(0, 116, 'LJ', 55, ''),
(0, 231, 'B', 195, ''),
(0, 232, '01', 94, ''),
(0, 156, '05', 539, ''),
(0, 233, '01', 647, ''),
(0, 234, '01', 11, ''),
(0, 235, '01', 685, ''),
(0, 236, '01', 11, ''),
(0, 237, 'RZ', 11, ''),
(0, 238, '01', 11, ''),
(0, 239, '03', 537, ''),
(0, 240, '01', 646, ''),
(0, 241, 'D', 528, ''),
(0, 198, '05', 539, ''),
(0, 242, '02', 212, ''),
(0, 82, '01', 240, ''),
(0, 243, '01', 714, ''),
(0, 244, '02', 563, ''),
(0, 245, 'F', 11, ''),
(0, 246, '04', 462, ''),
(0, 241, 'RG', 11, ''),
(0, 247, '01', 477, ''),
(0, 56, 'E', 774, ''),
(0, 248, '03', 251, ''),
(0, 249, '01', 213, ''),
(0, 34, 'C', 11, ''),
(0, 250, '01', 153, ''),
(0, 251, '02', 700, ''),
(0, 252, '01', 679, ''),
(0, 253, 'R', 46, ''),
(0, 254, 'C', 11, ''),
(0, 255, 'RB', 694, ''),
(0, 40, 'R03', 226, ''),
(0, 256, '01', 161, ''),
(0, 123, '16', 354, ''),
(0, 257, '01', 679, ''),
(0, 258, '01', 464, ''),
(0, 40, 'L08', 11, ''),
(0, 259, '01', 591, ''),
(0, 260, '01', 211, ''),
(0, 261, '01', 69, ''),
(0, 262, '03', 613, ''),
(0, 20, 'LT', 171, ''),
(0, 263, 'B', 537, ''),
(0, 264, '02', 619, ''),
(0, 265, 'R', 208, ''),
(0, 266, '01', 18, ''),
(0, 35, 'LX', 11, ''),
(0, 241, 'RB', 11, ''),
(0, 267, '01', 413, ''),
(0, 253, 'A', 46, ''),
(0, 268, '01', 686, ''),
(0, 269, '01', 410, ''),
(0, 102, 'XB', 783, ''),
(0, 187, 'RF', 262, ''),
(0, 46, 'D', 280, ''),
(0, 270, 'A', 505, ''),
(0, 271, 'FLH', 12, ''),
(0, 272, '05', 266, ''),
(0, 273, '01', 736, ''),
(0, 123, '26', 11, ''),
(0, 135, 'LE', 9, ''),
(0, 178, '01', 88, ''),
(0, 129, '03', 770, ''),
(0, 274, '02', 278, ''),
(0, 275, '03', 143, ''),
(0, 118, 'J', 11, ''),
(0, 276, 'TC', 11, ''),
(0, 277, '03', 633, ''),
(0, 278, 'F', 455, ''),
(0, 279, '04', 259, ''),
(0, 280, 'L', 42, ''),
(0, 281, '01', 464, ''),
(0, 282, '01', 190, ''),
(0, 283, 'A', 539, ''),
(0, 187, '01', 262, ''),
(0, 284, '01', 88, ''),
(0, 285, 'ME', 425, ''),
(0, 31, 'RJ', 11, ''),
(0, 286, '01', 386, ''),
(0, 5, '16', 109, ''),
(0, 287, 'A', 569, ''),
(0, 288, '03', 795, ''),
(0, 289, '01', 759, ''),
(0, 290, '01', 27, ''),
(0, 119, '02', 39, ''),
(0, 291, '01', 162, ''),
(0, 292, 'F', 438, ''),
(0, 92, '02', 649, ''),
(0, 98, 'J', 149, ''),
(0, 293, '01', 170, ''),
(0, 97, '08', 534, ''),
(0, 102, 'RB', 11, ''),
(0, 294, 'RH', 11, ''),
(0, 295, '01', 174, ''),
(0, 94, 'A', 194, ''),
(0, 296, 'BF', 457, ''),
(0, 158, '02', 579, ''),
(0, 297, '01', 413, ''),
(0, 298, '01', 747, ''),
(0, 299, '01', 593, ''),
(0, 119, '01', 201, ''),
(0, 108, 'FLB', 12, ''),
(0, 300, 'BME', 81, ''),
(0, 85, '01', 453, ''),
(0, 301, 'A', 547, ''),
(0, 302, '01', 154, ''),
(0, 259, '02', 592, ''),
(0, 303, 'NC2', 634, ''),
(0, 40, 'L11', 11, ''),
(0, 304, '01', 678, ''),
(0, 305, '01', 324, ''),
(0, 306, '01', 640, ''),
(0, 307, '05', 553, ''),
(0, 5, '18', 94, ''),
(0, 308, '01', 479, ''),
(0, 309, '03', 329, ''),
(0, 126, '05', 272, ''),
(0, 310, '03', 24, ''),
(0, 96, 'LZ', 172, ''),
(0, 311, '01', 227, ''),
(0, 312, 'A', 192, ''),
(0, 313, '19', 564, ''),
(0, 312, 'B', 192, ''),
(0, 314, 'LI', 11, ''),
(0, 248, '01', 251, ''),
(0, 212, '02', 112, ''),
(0, 78, 'FLD', 12, ''),
(0, 315, '01', 594, ''),
(0, 26, 'LC', 49, ''),
(0, 118, 'B', 11, ''),
(0, 275, '05', 417, ''),
(0, 53, '07', 25, ''),
(0, 241, 'C', 531, ''),
(0, 229, 'FM', 13, ''),
(0, 316, 'A', 710, ''),
(0, 53, '10', 11, ''),
(0, 119, '06', 545, ''),
(0, 317, 'B', 38, ''),
(0, 318, '05', 11, ''),
(0, 124, 'E', 779, ''),
(0, 319, '01', 155, ''),
(0, 320, '01', 326, ''),
(0, 321, '01', 648, ''),
(0, 322, 'R02', 204, ''),
(0, 323, 'A', 472, ''),
(0, 28, 'FLB', 12, ''),
(0, 187, 'RG', 262, ''),
(0, 324, 'F', 460, ''),
(0, 325, 'LA', 414, ''),
(0, 326, '01', 752, ''),
(0, 52, '09', 223, ''),
(0, 128, 'RA', 586, ''),
(0, 253, 'B', 46, ''),
(0, 327, '03', 11, ''),
(0, 328, 'TC', 11, ''),
(0, 314, 'LC', 11, ''),
(0, 329, 'JD', 3, ''),
(0, 330, 'A', 661, ''),
(0, 331, 'FM', 13, ''),
(0, 332, '01', 265, ''),
(0, 60, '09', 403, ''),
(0, 129, '11', 787, ''),
(0, 333, '04', 588, ''),
(0, 3, 'RE', 205, ''),
(0, 334, '03', 550, ''),
(0, 80, '01', 461, ''),
(0, 335, '01', 464, ''),
(0, 97, '03', 535, ''),
(0, 336, '01', 237, ''),
(0, 337, '03', 76, ''),
(0, 338, '01', 45, ''),
(0, 157, 'BR', 140, ''),
(0, 82, '05', 240, ''),
(0, 339, 'L', 121, ''),
(0, 96, 'LD', 172, ''),
(0, 123, '48', 370, ''),
(0, 115, 'O', 177, ''),
(0, 177, 'L1', 620, ''),
(0, 340, '01', 2, ''),
(0, 341, '09', 17, ''),
(0, 102, 'E', 786, ''),
(0, 241, 'A', 530, ''),
(0, 342, '01', 556, ''),
(0, 320, 'WIN', 315, ''),
(0, 343, '01', 68, ''),
(0, 78, 'FM', 13, ''),
(0, 79, 'RB', 269, ''),
(0, 113, 'FLA', 12, ''),
(0, 90, '04', 112, ''),
(0, 187, 'RR', 262, ''),
(0, 344, '01', 311, ''),
(0, 345, '01', 197, ''),
(0, 23, '03', 373, ''),
(0, 346, '01', 123, ''),
(0, 89, '05', 281, ''),
(0, 101, 'NC', 644, ''),
(0, 347, '01', 724, ''),
(0, 348, '01', 11, ''),
(0, 349, '01', 706, ''),
(0, 350, '01', 416, ''),
(0, 351, '01', 566, ''),
(0, 164, '11', 790, ''),
(0, 352, '01', 477, ''),
(0, 353, '02', 640, ''),
(0, 187, 'RQ', 262, ''),
(0, 354, '02', 793, ''),
(0, 102, 'B', 784, ''),
(0, 115, 'A', 177, ''),
(0, 102, 'RA', 11, ''),
(0, 228, 'RB', 173, ''),
(0, 355, '01', 237, ''),
(0, 356, '01', 11, ''),
(0, 357, '14', 559, ''),
(0, 358, 'AT', 11, ''),
(0, 359, '01', 283, ''),
(0, 356, 'B', 471, ''),
(0, 168, '03', 535, ''),
(0, 360, '01', 717, ''),
(0, 361, '01', 516, ''),
(0, 362, 'D', 730, ''),
(0, 363, '10', 11, ''),
(0, 364, '01', 730, ''),
(0, 113, 'TCH', 11, ''),
(0, 365, '01', 300, ''),
(0, 366, '01', 308, ''),
(0, 23, '01', 372, ''),
(0, 367, 'A', 711, ''),
(0, 368, '01', 621, ''),
(0, 369, '02', 656, ''),
(0, 78, 'FLH', 12, ''),
(0, 370, '01', 735, ''),
(0, 306, 'NC', 640, ''),
(0, 371, 'F', 11, ''),
(0, 372, '01', 306, ''),
(0, 373, '01', 590, ''),
(0, 374, '01', 334, ''),
(0, 375, '01', 50, ''),
(0, 52, '01', 220, ''),
(0, 78, 'FLA', 12, ''),
(0, 31, 'G', 783, ''),
(0, 376, '01', 215, ''),
(0, 35, 'LR', 11, ''),
(0, 60, '17', 407, ''),
(0, 217, 'B', 572, ''),
(0, 314, 'LE', 11, ''),
(0, 377, '04', 590, ''),
(0, 98, 'C', 149, ''),
(0, 5, '09', 104, ''),
(0, 40, 'L05', 11, ''),
(0, 378, 'NC', 638, ''),
(0, 20, 'LC', 171, ''),
(0, 379, 'A', 466, ''),
(0, 380, '01', 11, ''),
(0, 381, '25', 33, ''),
(0, 382, 'DI', 11, ''),
(0, 20, 'LQ', 171, ''),
(0, 383, '01', 462, ''),
(0, 76, '01', 642, ''),
(0, 384, 'A', 520, ''),
(0, 385, '01', 479, ''),
(0, 320, 'MMD', 226, ''),
(0, 35, 'LB', 11, ''),
(0, 386, '01', 760, ''),
(0, 387, '06', 721, ''),
(0, 387, '03', 714, ''),
(0, 388, '01', 71, ''),
(0, 123, '32', 362, ''),
(0, 116, 'LD', 55, ''),
(0, 322, 'R03', 204, ''),
(0, 389, '08', 602, ''),
(0, 390, 'MU', 312, ''),
(0, 391, '01', 672, ''),
(0, 392, '01', 305, ''),
(0, 393, '01', 160, ''),
(0, 394, '01', 479, ''),
(0, 395, '01', 733, ''),
(0, 113, 'FPA', 11, ''),
(0, 396, 'B', 122, ''),
(0, 129, '07', 783, ''),
(0, 397, '02', 214, ''),
(0, 146, '06', 571, ''),
(0, 398, 'A', 11, ''),
(0, 399, '01', 164, ''),
(0, 400, 'B', 532, ''),
(0, 401, '01', 475, ''),
(0, 123, '20', 11, ''),
(0, 383, '02', 468, ''),
(0, 20, 'LA', 171, ''),
(0, 402, '01', 756, ''),
(0, 195, 'D', 535, ''),
(0, 403, '01', 726, ''),
(0, 35, 'RI', 11, ''),
(0, 40, 'R06', 420, ''),
(0, 404, '01', 762, ''),
(0, 81, '02', 333, ''),
(0, 405, '01', 639, ''),
(0, 280, '01', 42, ''),
(0, 406, '03', 100, ''),
(0, 407, '01', 34, ''),
(0, 408, '01', 20, ''),
(0, 409, 'RZ', 69, ''),
(0, 410, '03', 615, ''),
(0, 288, '04', 11, ''),
(0, 411, 'AF', 441, ''),
(0, 412, 'F', 456, ''),
(0, 148, 'FLB', 12, ''),
(0, 413, '01', 416, ''),
(0, 414, '12', 410, ''),
(0, 415, '01', 203, ''),
(0, 416, 'A', 490, ''),
(0, 35, 'LV', 11, ''),
(0, 271, 'FLG', 12, ''),
(0, 417, 'LA', 316, ''),
(0, 5, '06', 103, ''),
(0, 418, '01', 315, ''),
(0, 276, 'TCE', 11, ''),
(0, 310, '04', 40, ''),
(0, 419, '01', 579, ''),
(0, 242, '04', 212, ''),
(0, 44, 'A', 38, ''),
(0, 20, 'RI', 171, ''),
(0, 420, '01', 68, ''),
(0, 421, '15', 562, ''),
(0, 422, '01', 203, ''),
(0, 56, 'B', 773, ''),
(0, 423, '1A', 11, ''),
(0, 424, '07', 22, ''),
(0, 123, '27', 360, ''),
(0, 425, '07', 719, ''),
(0, 9, '02', 378, ''),
(0, 426, '01', 391, ''),
(0, 427, '01', 758, ''),
(0, 60, '03', 388, ''),
(0, 428, '01', 305, ''),
(0, 241, 'RC', 11, ''),
(0, 429, '01', 730, ''),
(0, 430, '01', 157, ''),
(0, 431, '04', 610, ''),
(0, 432, 'NC', 645, ''),
(0, 433, '05', 42, ''),
(0, 434, '01', 706, ''),
(0, 5, '07', 113, ''),
(0, 435, '01', 11, ''),
(0, 96, 'RD', 172, ''),
(0, 436, '01', 287, ''),
(0, 80, 'C', 11, ''),
(0, 437, '01', 463, ''),
(0, 438, '01', 651, ''),
(0, 92, '01', 637, ''),
(0, 439, '01', 412, ''),
(0, 440, '06', 28, ''),
(0, 231, 'A', 196, ''),
(0, 441, '01', 157, ''),
(0, 442, '01', 744, ''),
(0, 123, '15', 353, ''),
(0, 443, '01', 152, ''),
(0, 40, 'L06', 11, ''),
(0, 115, 'F', 177, ''),
(0, 444, '01', 549, ''),
(0, 445, 'CE', 333, ''),
(0, 446, '02', 37, ''),
(0, 391, '02', 10, ''),
(0, 447, '02', 377, ''),
(0, 400, 'A', 520, ''),
(0, 448, 'AF', 433, ''),
(0, 102, 'A', 781, ''),
(0, 164, '06', 789, ''),
(0, 449, '01', 147, ''),
(0, 450, '01', 705, ''),
(0, 451, '01', 203, ''),
(0, 452, 'D', 11, ''),
(0, 453, '01', 614, ''),
(0, 454, '01', 11, ''),
(0, 455, 'A', 137, ''),
(0, 118, 'K', 11, ''),
(0, 456, '01', 648, ''),
(0, 457, '01', 463, ''),
(0, 35, 'LK', 11, ''),
(0, 124, 'RE', 11, ''),
(0, 458, '01', 307, ''),
(0, 271, 'FLI', 12, ''),
(0, 459, 'AT', 11, ''),
(0, 460, '01', 684, ''),
(0, 46, 'C', 280, ''),
(0, 40, 'R01', 418, ''),
(0, 116, 'LL', 55, ''),
(0, 113, 'TCG', 11, ''),
(0, 461, 'C', 192, ''),
(0, 462, '01', 42, ''),
(0, 241, 'B', 529, ''),
(0, 463, 'HT', 554, ''),
(0, 3, 'RA', 205, ''),
(0, 20, 'LY', 171, ''),
(0, 464, '01', 542, ''),
(0, 333, '03', 587, ''),
(0, 115, 'H', 177, ''),
(0, 20, 'RA', 171, ''),
(0, 409, 'RA', 69, ''),
(0, 20, 'LM', 171, ''),
(0, 294, 'RC', 11, ''),
(0, 37, 'B', 539, ''),
(0, 465, '01', 739, ''),
(0, 23, '06R', 347, ''),
(0, 466, '01', 47, ''),
(0, 467, '01', 198, ''),
(0, 468, '01', 625, ''),
(0, 469, '01', 31, ''),
(0, 41, '11', 68, ''),
(0, 470, '01', 123, ''),
(0, 471, 'A', 789, ''),
(0, 472, '01', 77, ''),
(0, 331, 'FLB', 12, ''),
(0, 473, '01', 190, ''),
(0, 474, '01', 17, ''),
(0, 475, 'A', 786, ''),
(0, 476, 'FLB', 12, ''),
(0, 477, '01', 550, ''),
(0, 69, 'B', 766, ''),
(0, 452, '01', 461, ''),
(0, 461, 'A', 191, ''),
(0, 478, '01', 318, ''),
(0, 124, 'RM', 11, ''),
(0, 479, 'NC', 40, ''),
(0, 480, '01', 631, ''),
(0, 481, '01', 252, ''),
(0, 482, 'A', 59, ''),
(0, 461, 'D', 193, ''),
(0, 483, '01', 592, ''),
(0, 484, '02', 11, ''),
(0, 46, 'A', 280, ''),
(0, 113, 'FLB', 12, ''),
(0, 158, '03', 11, ''),
(0, 485, '02', 289, ''),
(0, 148, 'FLD', 12, ''),
(0, 31, 'RD', 11, ''),
(0, 69, 'A', 766, ''),
(0, 123, '01', 339, ''),
(0, 486, '01', 492, ''),
(0, 318, '02', 11, ''),
(0, 487, '15', 240, ''),
(0, 384, 'E', 521, ''),
(0, 26, 'LA', 47, ''),
(0, 488, '01', 608, ''),
(0, 489, 'F', 440, ''),
(0, 5, '20', 110, ''),
(0, 116, 'LO', 56, ''),
(0, 490, '01', 44, ''),
(0, 491, '03', 682, ''),
(0, 35, 'LL', 11, ''),
(0, 492, 'A', 484, ''),
(0, 493, '01', 209, ''),
(0, 494, '02', 41, ''),
(0, 495, '01', 479, ''),
(0, 496, '01', 512, ''),
(0, 497, 'MMD', 226, ''),
(0, 498, '01', 751, ''),
(0, 499, 'A', 786, ''),
(0, 500, '01', 715, ''),
(0, 501, '01', 704, ''),
(0, 502, '01', 595, ''),
(0, 20, 'RP', 171, ''),
(0, 123, '34', 361, ''),
(0, 333, '01', 575, ''),
(0, 503, '01', 509, ''),
(0, 504, '01', 706, ''),
(0, 505, '01', 507, ''),
(0, 506, '01', 713, ''),
(0, 14, '03', 242, ''),
(0, 507, 'C', 572, ''),
(0, 129, '04', 776, ''),
(0, 23, '04', 373, ''),
(0, 262, '01', 606, ''),
(0, 378, 'LA', 638, ''),
(0, 97, '06', 526, ''),
(0, 74, '25', 721, ''),
(0, 35, 'LQ', 11, ''),
(0, 102, 'F', 772, ''),
(0, 508, '01', 480, ''),
(0, 509, '01', 718, ''),
(0, 353, 'NC2', 640, ''),
(0, 510, 'F', 451, ''),
(0, 511, '01', 685, ''),
(0, 512, '02', 625, ''),
(0, 513, '01', 11, ''),
(0, 491, '01', 681, ''),
(0, 39, 'F', 525, ''),
(0, 379, 'B', 466, ''),
(0, 137, 'B', 36, ''),
(0, 514, '01', 542, ''),
(0, 196, '04', 153, ''),
(0, 515, '01', 80, ''),
(0, 414, '08', 135, ''),
(0, 156, '02', 542, ''),
(0, 75, 'B', 495, ''),
(0, 516, '01', 11, ''),
(0, 123, '46', 366, ''),
(0, 98, 'H', 149, ''),
(0, 60, '11', 199, ''),
(0, 517, '05', 608, ''),
(0, 325, 'LB', 415, ''),
(0, 518, '01', 11, ''),
(0, 294, 'F', 772, ''),
(0, 56, 'L', 775, ''),
(0, 517, '04', 605, ''),
(0, 5, '05', 102, ''),
(0, 519, 'C', 589, ''),
(0, 195, 'B', 533, ''),
(0, 211, 'D', 526, ''),
(0, 115, 'N', 177, ''),
(0, 520, 'A', 11, ''),
(0, 116, 'LA', 56, ''),
(0, 294, 'RJ', 11, ''),
(0, 168, '07', 521, ''),
(0, 521, '01', 302, ''),
(0, 522, '01', 503, ''),
(0, 254, 'E', 429, ''),
(0, 126, '03', 271, ''),
(0, 520, 'C', 659, ''),
(0, 523, '01', 90, ''),
(0, 466, 'B', 47, ''),
(0, 296, 'F', 456, ''),
(0, 524, '01', 2, ''),
(0, 150, 'NC', 11, ''),
(0, 405, 'NC', 639, ''),
(0, 525, 'F', 426, ''),
(0, 105, '02', 202, ''),
(0, 519, 'A', 589, ''),
(0, 526, '01', 412, ''),
(0, 20, 'LB', 171, ''),
(0, 527, '01', 648, ''),
(0, 244, '50', 20, ''),
(0, 246, '01', 469, ''),
(0, 528, '01', 11, ''),
(0, 60, '07', 396, ''),
(0, 529, '01', 263, ''),
(0, 178, 'A', 88, ''),
(0, 276, 'TCA', 11, ''),
(0, 530, '01', 336, ''),
(0, 92, 'LA', 632, ''),
(0, 531, '01', 95, ''),
(0, 198, '07', 305, ''),
(0, 532, '1', 473, ''),
(0, 86, '01', 11, ''),
(0, 20, '01', 171, ''),
(0, 533, '01', 94, ''),
(0, 534, '01', 18, ''),
(0, 535, '01', 462, ''),
(0, 228, 'LA', 173, ''),
(0, 128, 'B', 584, ''),
(0, 536, '01', 267, ''),
(0, 60, '15', 19, ''),
(0, 537, '01', 248, ''),
(0, 538, 'F', 11, ''),
(0, 487, '01', 11, ''),
(0, 539, '01', 542, ''),
(0, 540, '01', 133, ''),
(0, 410, '04', 11, ''),
(0, 102, 'RL', 11, ''),
(0, 541, '01', 729, ''),
(0, 542, '04', 74, ''),
(0, 543, '01', 597, ''),
(0, 35, 'LN', 11, ''),
(0, 544, '01', 543, ''),
(0, 228, 'RA', 173, ''),
(0, 115, 'E', 177, ''),
(0, 545, '03', 482, ''),
(0, 384, 'B', 521, ''),
(0, 464, '03', 542, ''),
(0, 196, '02', 11, ''),
(0, 121, 'LB1', 11, ''),
(0, 546, '01', 21, ''),
(0, 547, '01', 86, ''),
(0, 378, 'LB', 638, ''),
(0, 294, 'RD', 11, ''),
(0, 479, '01', 40, ''),
(0, 548, 'PT', 519, ''),
(0, 82, '06', 257, ''),
(0, 44, 'B', 36, ''),
(0, 549, '01', 61, ''),
(0, 82, '08', 11, ''),
(0, 550, '01', 650, ''),
(0, 31, 'RL', 11, ''),
(0, 551, '01', 76, ''),
(0, 552, '01', 281, ''),
(0, 553, '01', 390, ''),
(0, 168, '06', 526, ''),
(0, 129, '09', 784, ''),
(0, 102, 'RD', 11, ''),
(0, 105, '05', 589, ''),
(0, 554, 'LA', 321, ''),
(0, 123, '39', 366, ''),
(0, 555, 'CF', 448, ''),
(0, 35, 'RG', 11, ''),
(0, 341, '20', 552, ''),
(0, 115, 'L', 177, ''),
(0, 135, 'LC', 7, ''),
(0, 20, 'RC', 171, ''),
(0, 274, '01', 277, ''),
(0, 556, '01', 180, ''),
(0, 557, 'MU', 314, ''),
(0, 294, 'D', 582, ''),
(0, 119, '04', 19, ''),
(0, 558, '01', 11, ''),
(0, 242, '03', 212, ''),
(0, 559, '01', 23, ''),
(0, 35, 'LY', 11, ''),
(0, 560, '01', 742, ''),
(0, 102, 'XC', 772, ''),
(0, 384, 'C', 522, ''),
(0, 507, 'B', 791, ''),
(0, 561, '01', 34, ''),
(0, 562, 'F', 435, ''),
(0, 56, 'G', 770, ''),
(0, 563, '01', 94, ''),
(0, 72, '05', 674, ''),
(0, 564, 'A', 548, ''),
(0, 565, '01', 57, ''),
(0, 367, 'RA', 711, ''),
(0, 566, '01', 198, ''),
(0, 567, '01', 182, ''),
(0, 337, '01', 77, ''),
(0, 568, '01', 209, ''),
(0, 569, '01', 92, ''),
(0, 570, '01', 180, ''),
(0, 571, '01', 290, ''),
(0, 572, '01', 544, ''),
(0, 573, '03', 222, ''),
(0, 574, '01', 11, ''),
(0, 575, '01', 207, ''),
(0, 576, '01', 396, ''),
(0, 115, 'MM', 177, ''),
(0, 577, '01', 127, ''),
(0, 578, '01', 220, ''),
(0, 579, '01', 25, ''),
(0, 580, 'R', 253, ''),
(0, 581, '01', 624, ''),
(0, 389, '06', 602, ''),
(0, 113, 'FM', 13, ''),
(0, 314, 'LD', 11, ''),
(0, 31, 'RA', 11, ''),
(0, 582, '01', 734, ''),
(0, 583, '01', 728, ''),
(0, 56, 'J', 770, ''),
(0, 584, '01', 210, ''),
(0, 188, 'FLD', 12, ''),
(0, 585, '01', 95, ''),
(0, 586, '01', 741, ''),
(0, 119, '10', 544, ''),
(0, 587, '01', 588, ''),
(0, 466, '02', 48, ''),
(0, 588, '01', 89, ''),
(0, 589, '01', 472, ''),
(0, 264, '01', 618, ''),
(0, 275, '01', 415, ''),
(0, 31, 'RH', 11, ''),
(0, 212, '04', 91, ''),
(0, 590, '01', 179, ''),
(0, 591, '01', 306, ''),
(0, 228, 'LC', 173, ''),
(0, 592, 'R', 394, ''),
(0, 593, 'F', 439, ''),
(0, 594, '01', 116, ''),
(0, 43, '01', 398, ''),
(0, 115, 'J', 177, ''),
(0, 79, 'RF', 269, ''),
(0, 9, '04', 379, ''),
(0, 595, '01', 475, ''),
(0, 96, 'RC', 172, ''),
(0, 596, 'A', 662, ''),
(0, 31, 'A', 774, ''),
(0, 39, 'C', 527, ''),
(0, 597, '01', 97, ''),
(0, 164, '07', 784, ''),
(0, 314, 'RA', 11, ''),
(0, 135, 'LD', 8, ''),
(0, 598, '01', 330, ''),
(0, 389, '09', 602, ''),
(0, 599, '01', 300, ''),
(0, 600, '01', 26, ''),
(0, 23, '07', 375, ''),
(0, 53, '05', 24, ''),
(0, 601, '01', 194, ''),
(0, 602, 'D', 523, ''),
(0, 603, '01', 640, ''),
(0, 207, '03', 258, ''),
(0, 604, 'A', 482, ''),
(0, 410, '02', 614, ''),
(0, 20, 'RR', 171, ''),
(0, 251, '01', 11, ''),
(0, 605, 'CF', 257, ''),
(0, 606, '01', 11, ''),
(0, 607, 'A', 787, ''),
(0, 608, '01', 305, ''),
(0, 279, '01', 259, ''),
(0, 271, 'FLB', 12, ''),
(0, 609, '01', 215, ''),
(0, 168, '08', 534, ''),
(0, 353, 'NC', 641, ''),
(0, 389, '05', 11, ''),
(0, 4, '03', 11, ''),
(0, 80, 'B', 11, ''),
(0, 484, '02N', 11, ''),
(0, 294, 'RB', 11, ''),
(0, 123, '49', 11, ''),
(0, 187, 'RM', 262, ''),
(0, 610, 'LB', 696, ''),
(0, 124, 'RL', 11, ''),
(0, 611, 'A', 767, ''),
(0, 123, '17', 11, ''),
(0, 612, 'CE', 132, ''),
(0, 613, '01', 176, ''),
(0, 614, '07', 39, ''),
(0, 89, '03', 580, ''),
(0, 615, '01', 511, ''),
(0, 96, 'LX', 172, ''),
(0, 53, '03', 23, ''),
(0, 616, '01', 284, ''),
(0, 35, 'LS', 11, ''),
(0, 617, '01', 598, ''),
(0, 618, '01', 38, ''),
(0, 619, 'MU', 313, ''),
(0, 620, 'RC', 11, ''),
(0, 621, '01', 678, ''),
(0, 622, '01', 389, ''),
(0, 160, 'RA', 11, ''),
(0, 303, 'NC1', 640, ''),
(0, 623, '01', 162, ''),
(0, 35, 'LA', 11, ''),
(0, 624, 'A', 537, ''),
(0, 124, 'A', 778, ''),
(0, 625, '01', 506, ''),
(0, 626, '01', 235, ''),
(0, 211, 'B', 524, ''),
(0, 80, 'A', 11, ''),
(0, 20, 'RG', 171, ''),
(0, 123, '04', 342, ''),
(0, 627, '12', 558, ''),
(0, 70, 'FMD', 13, ''),
(0, 628, '01', 161, ''),
(0, 102, 'XA', 779, ''),
(0, 314, '01', 693, ''),
(0, 629, 'NC', 632, ''),
(0, 630, 'LA', 691, ''),
(0, 631, '01', 204, ''),
(0, 123, '37', 364, ''),
(0, 632, '01', 542, ''),
(0, 633, '01', 11, ''),
(0, 188, 'FLA', 12, ''),
(0, 634, '01', 142, ''),
(0, 635, '01', 652, ''),
(0, 636, 'F', 11, ''),
(0, 637, '01', 797, ''),
(0, 277, '01', 11, ''),
(0, 638, '03', 11, ''),
(0, 102, 'RE', 11, ''),
(0, 639, '01', 752, ''),
(0, 333, '05', 589, ''),
(0, 78, 'FG', 299, ''),
(0, 75, 'A', 494, ''),
(0, 35, 'RR', 11, ''),
(0, 49, 'C', 588, ''),
(0, 640, '01', 421, ''),
(0, 641, '01', 655, ''),
(0, 123, '21', 356, ''),
(0, 333, '02', 202, ''),
(0, 610, 'LA', 696, ''),
(0, 96, 'LE', 172, ''),
(0, 237, '01', 176, ''),
(0, 123, '09', 347, ''),
(0, 642, '01', 657, ''),
(0, 53, '11', 11, ''),
(0, 643, '01', 473, ''),
(0, 644, 'A', 784, ''),
(0, 645, '22', 554, ''),
(0, 56, 'F', 775, ''),
(0, 646, '01', 636, ''),
(0, 647, 'FLI', 12, ''),
(0, 211, 'RE', 11, ''),
(0, 398, 'B', 11, ''),
(0, 648, '01', 479, ''),
(0, 123, '18', 355, ''),
(0, 60, '04', 393, ''),
(0, 649, '10', 32, ''),
(0, 650, '01', 91, ''),
(0, 187, 'RC', 262, ''),
(0, 651, '01', 401, ''),
(0, 60, '18', 11, ''),
(0, 652, 'A', 134, ''),
(0, 294, 'E', 771, ''),
(0, 331, 'FLC', 12, ''),
(0, 653, '01', 204, ''),
(0, 654, '01', 416, ''),
(0, 123, '12', 350, ''),
(0, 655, '01', 502, ''),
(0, 108, 'FLA', 12, ''),
(0, 512, '01', 423, ''),
(0, 488, '04', 11, ''),
(0, 20, 'LZ', 171, ''),
(0, 31, 'C', 781, ''),
(0, 656, '06', 17, ''),
(0, 466, 'A', 47, ''),
(0, 657, '01', 648, ''),
(0, 658, '01', 29, ''),
(0, 45, 'RI', 11, ''),
(0, 248, '02', 251, ''),
(0, 659, '02', 569, ''),
(0, 275, '02', 414, ''),
(0, 660, 'A', 479, ''),
(0, 536, '03', 268, ''),
(0, 661, '01', 627, ''),
(0, 406, '02', 112, ''),
(0, 662, 'A', 11, ''),
(0, 275, '04', 42, ''),
(0, 663, '01', 14, ''),
(0, 433, '01', 414, ''),
(0, 664, '01', 289, ''),
(0, 9, '01', 378, ''),
(0, 665, 'A', 589, ''),
(0, 329, '01', 2, ''),
(0, 119, '07', 543, ''),
(0, 60, '01', 401, ''),
(0, 228, 'LZ', 173, ''),
(0, 666, '01', 66, ''),
(0, 35, 'LJ', 11, ''),
(0, 667, '01', 41, ''),
(0, 452, 'E', 11, ''),
(0, 82, '07', 257, ''),
(0, 668, 'F', 11, ''),
(0, 669, '02', 15, ''),
(0, 536, '02', 267, ''),
(0, 670, '01', 57, ''),
(0, 54, 'L', 415, ''),
(0, 671, '01', 218, ''),
(0, 672, '01', 199, ''),
(0, 673, '01', 11, ''),
(0, 674, '01', 97, ''),
(0, 675, '01', 41, ''),
(0, 212, '15', 114, ''),
(0, 211, 'RF', 11, ''),
(0, 337, '02', 75, ''),
(0, 676, '01', 46, ''),
(0, 677, '01', 479, ''),
(0, 536, '04', 268, ''),
(0, 272, '01', 264, ''),
(0, 279, '03', 11, ''),
(0, 90, '07', 708, ''),
(0, 218, '01', 242, ''),
(0, 573, '02', 222, ''),
(0, 678, '01', 715, ''),
(0, 679, '02', 198, ''),
(0, 116, '02', 54, ''),
(0, 506, 'RA', 11, ''),
(0, 680, '01', 165, ''),
(0, 22, '02', 744, ''),
(0, 681, '01', 705, ''),
(0, 135, 'LB', 6, ''),
(0, 271, 'FLD', 12, ''),
(0, 682, '01', 16, ''),
(0, 9, '08', 381, ''),
(0, 683, 'RD', 11, ''),
(0, 246, '03', 461, ''),
(0, 684, '02', 387, ''),
(0, 685, 'B', 780, ''),
(0, 683, '01', 205, ''),
(0, 686, '01', 138, ''),
(0, 652, 'S', 138, ''),
(0, 687, '01', 87, ''),
(0, 98, 'E', 149, ''),
(0, 28, 'FMB', 13, ''),
(0, 625, '03', 506, ''),
(0, 688, '01', 709, ''),
(0, 683, 'RA', 11, ''),
(0, 35, 'RF', 11, ''),
(0, 389, '04', 11, ''),
(0, 689, '01', 11, ''),
(0, 126, '02', 270, ''),
(0, 52, '10', 11, ''),
(0, 16, 'A', 522, ''),
(0, 78, 'FLF', 12, ''),
(0, 690, '01', 392, ''),
(0, 691, '01', 34, ''),
(0, 215, 'BCE', 337, ''),
(0, 27, 'FP', 538, ''),
(0, 692, '01', 698, ''),
(0, 116, 'LC', 55, ''),
(0, 693, '01', 11, ''),
(0, 20, 'LI', 171, ''),
(0, 417, '01', 316, ''),
(0, 148, 'FMC', 13, ''),
(0, 314, 'LH', 11, ''),
(0, 119, '05', 199, ''),
(0, 113, 'TCE', 11, ''),
(0, 694, '01', 73, ''),
(0, 37, 'C', 541, ''),
(0, 542, '02', 72, ''),
(0, 187, 'RN', 262, ''),
(0, 177, '01', 620, ''),
(0, 695, '01', 411, ''),
(0, 82, '02', 256, ''),
(0, 696, 'A', 582, ''),
(0, 697, '01', 747, ''),
(0, 698, '01', 39, ''),
(0, 116, 'LF', 55, ''),
(0, 699, 'A', 658, ''),
(0, 41, '07', 163, ''),
(0, 700, '01', 115, ''),
(0, 701, 'BF', 101, ''),
(0, 157, 'BCE', 140, ''),
(0, 188, 'FLF', 12, ''),
(0, 702, '01', 542, ''),
(0, 703, '01', 570, ''),
(0, 485, '01', 275, ''),
(0, 79, 'RD', 269, ''),
(0, 704, '01', 425, ''),
(0, 69, 'F', 769, ''),
(0, 705, '01', 465, ''),
(0, 98, 'G', 149, ''),
(0, 706, '01', 702, ''),
(0, 124, 'C', 778, ''),
(0, 707, '01', 114, ''),
(0, 708, '01', 479, ''),
(0, 517, '01', 606, ''),
(0, 35, 'LU', 11, ''),
(0, 517, '03', 11, ''),
(0, 31, 'RG', 11, ''),
(0, 115, 'JJ', 177, ''),
(0, 709, '01', 11, ''),
(0, 710, '01', 285, ''),
(0, 711, '01', 470, ''),
(0, 237, 'RD', 176, ''),
(0, 712, '04', 758, ''),
(0, 713, '01N', 11, ''),
(0, 714, '01', 463, ''),
(0, 715, '01', 39, ''),
(0, 716, '01', 242, ''),
(0, 271, 'FLJ', 12, ''),
(0, 271, 'FLE', 12, ''),
(0, 717, '01', 31, ''),
(0, 79, 'RA', 269, ''),
(0, 685, 'C', 785, ''),
(0, 123, '47', 367, ''),
(0, 187, 'RA', 262, ''),
(0, 237, 'RB', 176, ''),
(0, 333, '06', 571, ''),
(0, 718, '01', 479, ''),
(0, 339, '01', 121, ''),
(0, 116, 'LE', 55, ''),
(0, 719, '01', 124, ''),
(0, 720, '01', 203, ''),
(0, 721, '01', 151, ''),
(0, 310, '02', 24, ''),
(0, 98, '01', 149, ''),
(0, 34, 'A', 305, ''),
(0, 722, '01', 288, ''),
(0, 723, '01', 719, ''),
(0, 684, '03', 388, ''),
(0, 142, '01', 479, ''),
(0, 160, 'RB', 11, ''),
(0, 124, 'RF', 11, ''),
(0, 432, '01', 645, ''),
(0, 277, '02', 632, ''),
(0, 724, '1', 11, ''),
(0, 725, '01', 41, ''),
(0, 381, '24', 22, ''),
(0, 396, 'A', 122, ''),
(0, 6, 'RB', 55, ''),
(0, 233, 'NC', 647, ''),
(0, 726, '01', 462, ''),
(0, 137, 'G', 37, ''),
(0, 727, 'CE', 131, ''),
(0, 683, 'RC', 205, ''),
(0, 728, '01', 513, ''),
(0, 115, 'FF', 177, ''),
(0, 729, '01', 255, ''),
(0, 506, 'RB', 11, ''),
(0, 730, '01', 206, ''),
(0, 314, 'RB', 11, ''),
(0, 573, '01', 308, ''),
(0, 731, '01', 20, ''),
(0, 31, 'RN', 11, ''),
(0, 97, '02', 536, ''),
(0, 732, 'FL', 12, ''),
(0, 733, '21', 553, ''),
(0, 734, '01', 737, ''),
(0, 314, 'LA', 11, ''),
(0, 735, '01', 718, ''),
(0, 381, '19', 32, ''),
(0, 736, '01', 51, ''),
(0, 491, '02', 210, ''),
(0, 111, '01', 479, ''),
(0, 98, 'F', 149, ''),
(0, 271, 'FLC', 12, ''),
(0, 737, '01', 298, ''),
(0, 738, '01', 273, ''),
(0, 739, '01', 695, ''),
(0, 740, '01', 672, ''),
(0, 60, '02', 389, ''),
(0, 187, 'RJ', 262, ''),
(0, 741, '01', 30, ''),
(0, 331, 'FLA', 12, ''),
(0, 20, 'LS', 171, ''),
(0, 351, '03', 537, ''),
(0, 156, '06', 543, ''),
(0, 742, '01', 534, ''),
(0, 743, '01', 678, ''),
(0, 744, '01', 500, ''),
(0, 28, 'FMA', 13, ''),
(0, 745, '01', 479, ''),
(0, 746, '01', 11, ''),
(0, 115, 'B', 177, ''),
(0, 713, '02N', 11, ''),
(0, 747, '01', 28, ''),
(0, 748, '01', 325, ''),
(0, 749, '01', 116, ''),
(0, 331, 'FLF', 12, ''),
(0, 396, '01', 122, ''),
(0, 35, 'LI', 11, ''),
(0, 20, 'RS', 171, ''),
(0, 750, '01', 52, ''),
(0, 203, '07', 11, ''),
(0, 751, '01', 485, ''),
(0, 752, '01', 483, ''),
(0, 753, '01', 286, ''),
(0, 754, '01', 478, ''),
(0, 755, '01', 61, ''),
(0, 40, 'L07', 11, ''),
(0, 567, '02', 184, ''),
(0, 353, '01', 641, ''),
(0, 756, '01', 578, ''),
(0, 757, '01', 5, ''),
(0, 732, 'FM', 13, ''),
(0, 554, '01', 321, ''),
(0, 758, '01', 317, ''),
(0, 146, '04', 588, ''),
(0, 759, '01', 543, ''),
(0, 309, '02', 328, ''),
(0, 303, '01', 640, ''),
(0, 760, '01', 634, ''),
(0, 761, '01', 635, ''),
(0, 762, '01', 207, ''),
(0, 763, '01', 476, ''),
(0, 377, '02', 546, ''),
(0, 263, 'D', 534, ''),
(0, 764, '01', 504, ''),
(0, 765, '01', 732, ''),
(0, 137, 'D', 35, ''),
(0, 145, '01', 759, ''),
(0, 115, 'EE', 177, ''),
(0, 116, 'LG', 55, ''),
(0, 766, '01', 177, ''),
(0, 198, '02', 542, ''),
(0, 767, 'B', 119, ''),
(0, 45, 'RJ', 11, ''),
(0, 331, 'FLE', 12, ''),
(0, 68, '01', 591, ''),
(0, 768, 'NC', 633, ''),
(0, 325, 'LE', 415, ''),
(0, 157, 'CR', 11, ''),
(0, 418, 'LA', 315, ''),
(0, 602, 'C', 531, ''),
(0, 769, '01', 11, ''),
(0, 102, 'RJ', 11, ''),
(0, 768, '01', 633, ''),
(0, 770, '04', 552, ''),
(0, 5, '03', 99, ''),
(0, 23, '13', 368, ''),
(0, 5, '13', 90, ''),
(0, 771, '01', 29, ''),
(0, 123, '35', 357, ''),
(0, 772, '01', 595, ''),
(0, 222, '04', 590, ''),
(0, 773, 'F', 11, ''),
(0, 240, '02', 646, ''),
(0, 464, '02', 542, ''),
(0, 228, '01', 173, ''),
(0, 774, '01', 636, ''),
(0, 775, '01', 541, ''),
(0, 102, 'RG', 11, ''),
(0, 776, '01', 269, ''),
(0, 777, '01', 465, ''),
(0, 209, '02', 384, ''),
(0, 778, '01', 11, ''),
(0, 779, '01', 763, ''),
(0, 327, '01', 677, ''),
(0, 780, '01', 11, ''),
(0, 156, '07', 305, ''),
(0, 41, '05', 164, ''),
(0, 781, '01', 700, ''),
(0, 782, '1', 322, ''),
(0, 423, '1B', 211, ''),
(0, 783, '01', 598, ''),
(0, 129, '08', 789, ''),
(0, 39, 'A', 522, ''),
(0, 784, 'A', 711, ''),
(0, 446, '01', 37, ''),
(0, 45, 'RG', 11, ''),
(0, 785, 'F', 431, ''),
(0, 123, '52', 371, ''),
(0, 786, '01', 207, ''),
(0, 20, 'LE', 171, ''),
(0, 545, '01', 497, ''),
(0, 410, '01', 613, ''),
(0, 276, 'TCD', 11, ''),
(0, 433, '06', 416, ''),
(0, 10, '01', 179, ''),
(0, 787, 'F', 459, ''),
(0, 116, '01', 54, ''),
(0, 211, 'RB', 11, ''),
(0, 369, '01', 11, ''),
(0, 102, 'C', 784, ''),
(0, 788, '01', 706, ''),
(0, 452, 'F', 11, ''),
(0, 123, '28', 356, ''),
(0, 789, '01', 150, ''),
(0, 790, '01', 148, ''),
(0, 506, 'RD', 11, ''),
(0, 791, '01', 11, ''),
(0, 105, '03', 587, ''),
(0, 239, '02', 586, ''),
(0, 129, '02', 785, ''),
(0, 40, 'R07', 11, ''),
(0, 662, 'B', 11, ''),
(0, 362, 'B', 730, ''),
(0, 187, 'RK', 262, ''),
(0, 5, '12', 107, ''),
(0, 792, 'B', 669, ''),
(0, 20, 'RD', 171, ''),
(0, 137, 'F', 36, ''),
(0, 56, 'D', 774, ''),
(0, 28, 'FLD', 12, ''),
(0, 793, 'CE', 131, ''),
(0, 794, '01', 27, ''),
(0, 795, '01', 75, ''),
(0, 796, 'CF', 11, ''),
(0, 318, '04', 11, ''),
(0, 797, '01', 390, ''),
(0, 798, '01', 84, ''),
(0, 598, '02', 331, ''),
(0, 767, 'A', 119, ''),
(0, 799, '02', 227, ''),
(0, 800, '01', 146, ''),
(0, 801, '23', 555, ''),
(0, 802, '01', 84, ''),
(0, 124, 'F', 771, ''),
(0, 414, '04', 230, ''),
(0, 803, '01', 601, ''),
(0, 748, 'LA', 325, ''),
(0, 31, 'H', 782, ''),
(0, 804, '01', 50, ''),
(0, 294, 'RF', 11, ''),
(0, 377, '01', 2, ''),
(0, 610, 'LC', 696, ''),
(0, 805, '01', 740, ''),
(0, 806, '01', 550, ''),
(0, 334, '02', 751, ''),
(0, 26, '01', 47, ''),
(0, 31, 'D', 782, ''),
(0, 807, '01', 302, ''),
(0, 808, 'A', 711, ''),
(0, 809, '01', 43, ''),
(0, 799, '01', 227, ''),
(0, 123, '05', 343, ''),
(0, 810, '01', 242, ''),
(0, 811, '01', 143, ''),
(0, 812, 'NC', 633, ''),
(0, 813, '19', 561, ''),
(0, 814, '01', 165, ''),
(0, 100, 'LB', 696, ''),
(0, 4, '05', 151, ''),
(0, 815, '01', 725, ''),
(0, 314, 'RD', 11, ''),
(0, 241, 'RE', 11, ''),
(0, 9, '03', 379, ''),
(0, 816, '01', 208, ''),
(0, 41, '04', 75, ''),
(0, 817, '01', 733, ''),
(0, 713, '02', 11, ''),
(0, 240, 'NC', 646, ''),
(0, 818, 'A', 497, ''),
(0, 792, 'A', 668, ''),
(0, 389, '03', 11, ''),
(0, 819, '01', 303, ''),
(0, 301, 'B', 547, ''),
(0, 312, 'C', 191, ''),
(0, 9, '06', 380, ''),
(0, 820, '22', 557, ''),
(0, 36, 'B', 60, ''),
(0, 821, '01', 61, ''),
(0, 822, '01', 322, ''),
(0, 241, 'RA', 11, ''),
(0, 414, '02', 423, ''),
(0, 823, '07', 554, ''),
(0, 602, 'RD', 11, ''),
(0, 118, 'E', 11, ''),
(0, 177, '02', 621, ''),
(0, 824, '01', 250, ''),
(0, 825, 'RE', 42, ''),
(0, 174, 'B', 671, ''),
(0, 826, '01', 11, ''),
(0, 174, 'C', 663, ''),
(0, 545, '02', 499, ''),
(0, 484, '01', 11, ''),
(0, 827, 'A', 482, ''),
(0, 35, 'LH', 11, ''),
(0, 64, 'R', 571, ''),
(0, 354, '01', 793, ''),
(0, 828, '06', 581, ''),
(0, 23, '11', 376, ''),
(0, 56, 'C', 773, ''),
(0, 35, 'LD', 11, ''),
(0, 28, 'FLC', 12, ''),
(0, 123, '10', 348, ''),
(0, 829, 'RA', 271, ''),
(0, 17, '02', 755, ''),
(0, 124, 'RH', 11, ''),
(0, 295, 'RB', 174, ''),
(0, 610, '01', 696, ''),
(0, 203, '08', 11, ''),
(0, 830, '01', 68, ''),
(0, 831, '01', 757, ''),
(0, 85, 'B', 453, ''),
(0, 461, 'E', 193, ''),
(0, 832, '01', 117, ''),
(0, 833, '01', 145, ''),
(0, 834, 'NC', 637, ''),
(0, 317, 'A', 38, ''),
(0, 168, '04', 520, ''),
(0, 476, 'FLA', 12, ''),
(0, 98, 'A', 149, ''),
(0, 835, '01', 282, ''),
(0, 836, '01', 260, ''),
(0, 184, 'A', 124, ''),
(0, 387, '04', 722, ''),
(0, 837, 'F', 446, ''),
(0, 838, '01', 269, ''),
(0, 4, '04', 11, ''),
(0, 20, 'RQ', 171, ''),
(0, 696, 'D', 585, ''),
(0, 237, 'RC', 176, ''),
(0, 839, 'F', 453, ''),
(0, 840, 'F', 447, ''),
(0, 239, '01', 566, ''),
(0, 123, '40', 367, ''),
(0, 31, 'F', 782, ''),
(0, 45, '01', 692, ''),
(0, 217, 'A', 789, ''),
(0, 841, 'ME3', 170, ''),
(0, 367, 'RB', 711, ''),
(0, 842, 'F', 11, ''),
(0, 105, '04', 588, ''),
(0, 825, 'RD', 42, ''),
(0, 124, 'RB', 11, ''),
(0, 475, 'C', 788, ''),
(0, 843, '01', 624, ''),
(0, 211, 'RC', 11, ''),
(0, 482, 'B', 58, ''),
(0, 844, '01', 570, ''),
(0, 96, 'LF', 172, ''),
(0, 28, 'FLA', 12, ''),
(0, 845, '01', 11, ''),
(0, 102, 'D', 785, ''),
(0, 677, '02', 493, ''),
(0, 846, '01', 479, ''),
(0, 671, '02', 218, ''),
(0, 847, '01', 63, ''),
(0, 848, 'B', 665, ''),
(0, 376, '04', 217, ''),
(0, 849, '01', 27, ''),
(0, 850, '01', 612, ''),
(0, 851, '20', 565, ''),
(0, 124, 'D', 776, ''),
(0, 105, '01', 575, ''),
(0, 123, '43', 364, ''),
(0, 261, 'RA', 69, ''),
(0, 295, 'RC', 174, ''),
(0, 69, 'E', 769, ''),
(0, 852, 'RB', 130, ''),
(0, 409, '01', 69, ''),
(0, 853, 'A', 490, ''),
(0, 854, '01', 637, ''),
(0, 855, '01', 694, ''),
(0, 856, '01', 745, ''),
(0, 40, 'R04', 419, ''),
(0, 11, '01', 578, ''),
(0, 854, 'NC', 637, ''),
(0, 160, 'RC', 205, ''),
(0, 123, '25', 359, ''),
(0, 857, '01', 792, ''),
(0, 45, 'RB', 11, ''),
(0, 20, 'LU', 171, ''),
(0, 683, 'RB', 11, ''),
(0, 858, '01', 304, ''),
(0, 126, 'RA', 271, ''),
(0, 859, '01', 320, ''),
(0, 860, '01', 461, ''),
(0, 861, '01', 703, ''),
(0, 424, '04', 19, ''),
(0, 862, '01', 750, ''),
(0, 102, 'RK', 11, ''),
(0, 72, '02', 673, ''),
(0, 414, '06', 232, ''),
(0, 31, 'B', 781, ''),
(0, 314, 'RE', 11, ''),
(0, 863, 'F', 428, ''),
(0, 254, 'A', 11, ''),
(0, 217, 'D', 791, ''),
(0, 864, '01', 151, ''),
(0, 327, '02', 11, ''),
(0, 841, 'ME1', 421, ''),
(0, 865, '01', 727, ''),
(0, 314, 'LG', 11, ''),
(0, 20, 'LG', 171, ''),
(0, 389, '02', 602, ''),
(0, 116, 'LI', 55, ''),
(0, 331, 'FLD', 12, ''),
(0, 93, '01', 544, ''),
(0, 866, '01', 168, ''),
(0, 602, 'A', 520, ''),
(0, 867, '01', 103, ''),
(0, 868, '01', 635, ''),
(0, 869, '01', 11, ''),
(0, 211, 'A', 521, ''),
(0, 115, 'I', 177, ''),
(0, 148, 'FMA', 13, ''),
(0, 433, '04', 417, ''),
(0, 80, 'E', 11, ''),
(0, 870, '01', 213, ''),
(0, 825, 'RF', 42, ''),
(0, 487, '05', 239, ''),
(0, 128, 'RD', 586, ''),
(0, 88, '01', 643, ''),
(0, 118, 'H', 11, ''),
(0, 146, '03', 587, ''),
(0, 27, 'FM', 13, ''),
(0, 31, 'E', 783, ''),
(0, 74, '11', 720, ''),
(0, 871, '01', 144, ''),
(0, 609, '04', 217, ''),
(0, 488, '03', 607, ''),
(0, 318, '03', 11, ''),
(0, 625, '02', 506, ''),
(0, 872, '01', 219, ''),
(0, 410, '07', 11, ''),
(0, 873, '01', 724, ''),
(0, 146, '01', 575, ''),
(0, 124, 'RC', 11, ''),
(0, 20, 'LX', 171, ''),
(0, 592, '01', 394, ''),
(0, 874, '01', 209, ''),
(0, 187, 'RD', 262, ''),
(0, 342, '02', 559, ''),
(0, 461, 'B', 191, ''),
(0, 60, '16', 406, ''),
(0, 178, 'C', 88, ''),
(0, 875, 'A', 667, ''),
(0, 118, 'C', 11, ''),
(0, 52, '07', 225, ''),
(0, 43, '06', 397, ''),
(0, 257, '02', 685, ''),
(0, 447, '03', 368, ''),
(0, 424, '05', 20, ''),
(0, 378, '01', 638, ''),
(0, 876, '01', 493, ''),
(0, 877, '01', 596, ''),
(0, 878, '01', 593, ''),
(0, 376, '02', 216, ''),
(0, 879, '01', 276, ''),
(0, 20, 'LR', 171, ''),
(0, 880, '01', 648, ''),
(0, 249, '02', 1, ''),
(0, 506, 'RE', 11, ''),
(0, 881, '01', 63, ''),
(0, 882, '01', 40, ''),
(0, 74, '06', 26, ''),
(0, 883, '01', 756, ''),
(0, 118, 'A', 11, ''),
(0, 5, '01', 100, ''),
(0, 90, '08', 211, ''),
(0, 211, 'RG', 11, ''),
(0, 389, '07', 602, ''),
(0, 102, 'RH', 11, ''),
(0, 808, 'RA', 11, ''),
(0, 157, 'CCE', 11, ''),
(0, 20, 'LN', 171, ''),
(0, 884, '08', 717, ''),
(0, 885, '01', 70, ''),
(0, 886, '01', 8, ''),
(0, 887, '01', 4, ''),
(0, 888, '01', 698, ''),
(0, 52, '03', 222, ''),
(0, 124, 'G', 779, ''),
(0, 889, '01', 15, ''),
(0, 254, 'F', 11, ''),
(0, 124, 'B', 778, ''),
(0, 276, 'TCB', 11, ''),
(0, 20, 'RT', 171, ''),
(0, 890, '01', 386, ''),
(0, 891, '01', 159, ''),
(0, 517, '06', 609, ''),
(0, 23, '06', 347, ''),
(0, 892, '01', 620, ''),
(0, 609, '02', 216, ''),
(0, 40, 'L09', 11, ''),
(0, 893, '01', 279, ''),
(0, 894, '01', 590, ''),
(0, 895, '18', 560, ''),
(0, 222, '02', 546, ''),
(0, 896, '01', 630, ''),
(0, 5, '19', 105, ''),
(0, 897, '01', 310, ''),
(0, 448, 'BF', 432, ''),
(0, 188, 'FLG', 12, ''),
(0, 209, '01', 384, ''),
(0, 506, 'RC', 11, ''),
(0, 3, 'RB', 205, ''),
(0, 898, '01', 391, ''),
(0, 116, 'LM', 55, ''),
(0, 411, 'BF', 444, ''),
(0, 580, '01', 253, ''),
(0, 899, '01', 684, ''),
(0, 482, 'R', 59, ''),
(0, 40, 'ECE', 226, ''),
(0, 900, '01', 26, ''),
(0, 901, '01', 413, ''),
(0, 902, '01', 143, ''),
(0, 903, '01', 604, ''),
(0, 43, '02', 402, ''),
(0, 78, 'FLG', 12, ''),
(0, 209, '03', 385, ''),
(0, 60, '14', 400, ''),
(0, 123, '07', 345, ''),
(0, 3, 'RC', 205, ''),
(0, 123, '45', 369, ''),
(0, 904, '01', 271, ''),
(0, 507, 'D', 790, ''),
(0, 31, 'RC', 11, ''),
(0, 90, '01', 707, ''),
(0, 905, 'LA', 319, ''),
(0, 906, '01', 25, ''),
(0, 231, 'D', 196, ''),
(0, 907, 'A', 500, ''),
(0, 115, '01', 177, ''),
(0, 908, '01', 26, ''),
(0, 909, '01', 254, ''),
(0, 910, '01', 21, ''),
(0, 911, '01', 203, ''),
(0, 912, '01', 79, ''),
(0, 913, '01', 393, ''),
(0, 914, '01', 196, ''),
(0, 452, 'B', 11, ''),
(0, 652, 'C', 138, ''),
(0, 164, '02', 770, ''),
(0, 630, '01', 691, ''),
(0, 487, '06', 239, ''),
(0, 915, '01', 620, ''),
(0, 916, '01', 44, ''),
(0, 294, 'B', 766, ''),
(0, 164, '04', 572, ''),
(0, 237, 'RI', 176, ''),
(0, 113, 'TCF', 11, ''),
(0, 917, '01', 123, ''),
(0, 164, '10', 791, ''),
(0, 384, 'D', 523, ''),
(0, 53, '08', 14, ''),
(0, 918, '01', 708, ''),
(0, 100, 'LA', 696, ''),
(0, 329, 'JH', 4, ''),
(0, 919, '01', 508, ''),
(0, 351, '02', 586, ''),
(0, 920, '07', 11, ''),
(0, 199, 'C', 487, ''),
(0, 921, '01', 543, ''),
(0, 922, 'B', 489, ''),
(0, 52, '02', 221, ''),
(0, 237, 'RR', 176, ''),
(0, 923, '01', 11, ''),
(0, 52, '06', 224, ''),
(0, 609, '03', 11, ''),
(0, 207, '02', 252, ''),
(0, 387, '05', 723, ''),
(0, 924, '01', 219, ''),
(0, 925, '01', 113, ''),
(0, 926, '01', 238, ''),
(0, 927, '01', 382, ''),
(0, 928, '01', 88, ''),
(0, 929, 'A', 586, ''),
(0, 87, '01', 1, ''),
(0, 684, '01', 387, ''),
(0, 72, '03', 595, ''),
(0, 638, '01', 11, ''),
(0, 188, 'FLE', 12, ''),
(0, 930, '01', 208, ''),
(0, 931, '01', 575, ''),
(0, 506, 'RG', 11, ''),
(0, 72, '09', 676, ''),
(0, 157, 'AR', 136, ''),
(0, 254, 'B', 11, ''),
(0, 115, 'M', 177, ''),
(0, 932, 'A', 566, ''),
(0, 107, '01', 243, ''),
(0, 49, 'A', 587, ''),
(0, 160, 'RD', 11, ''),
(0, 325, '01', 414, ''),
(0, 933, '01', 11, ''),
(0, 934, '01', 2, ''),
(0, 935, 'R', 11, ''),
(0, 60, '20', 14, ''),
(0, 936, '01', 597, ''),
(0, 520, 'D', 660, ''),
(0, 271, 'FLA', 12, ''),
(0, 937, '01', 11, ''),
(0, 938, '01', 517, ''),
(0, 939, '01', 240, ''),
(0, 940, '01', 289, ''),
(0, 506, 'RF', 11, ''),
(0, 941, 'F', 452, ''),
(0, 879, '02', 276, ''),
(0, 767, '01', 119, ''),
(0, 942, '01', 479, ''),
(0, 943, '01', 65, ''),
(0, 156, '03', 546, ''),
(0, 905, '01', 319, ''),
(0, 309, '01', 327, ''),
(0, 97, '07', 521, ''),
(0, 251, '05', 692, ''),
(0, 294, 'C', 770, ''),
(0, 475, 'B', 576, ''),
(0, 638, '02', 599, ''),
(0, 944, 'A', 780, ''),
(0, 945, '01', 409, ''),
(0, 946, 'A', 484, ''),
(0, 947, '01', 397, ''),
(0, 148, 'TCA', 11, ''),
(0, 212, '19', 100, ''),
(0, 123, '23', 11, ''),
(0, 948, 'MU', 313, ''),
(0, 43, '05', 392, ''),
(0, 949, '01', 11, ''),
(0, 950, '01', 485, ''),
(0, 31, 'RB', 11, ''),
(0, 5, '08', 88, ''),
(0, 951, '01', 575, ''),
(0, 952, '01', 170, ''),
(0, 35, 'LF', 11, ''),
(0, 573, '04', 304, ''),
(0, 376, '03', 11, ''),
(0, 310, '01', 24, ''),
(0, 953, '02', 213, ''),
(0, 35, 'LC', 11, ''),
(0, 126, '04', 11, ''),
(0, 437, '03', 464, ''),
(0, 954, '01', 131, ''),
(0, 294, 'RA', 11, ''),
(0, 955, '01', 479, ''),
(0, 96, 'RZ', 172, ''),
(0, 956, 'CF', 450, ''),
(0, 72, '11', 677, ''),
(0, 957, '01', 462, ''),
(0, 6, '01', 55, ''),
(0, 958, 'CF', 457, ''),
(0, 389, '01', 602, ''),
(0, 959, '01', 2, ''),
(0, 168, '01', 533, ''),
(0, 960, '01', 202, ''),
(0, 653, '02', 204, ''),
(0, 961, '01', 181, ''),
(0, 962, '01', 201, ''),
(0, 263, 'A', 533, ''),
(0, 829, '01', 271, ''),
(0, 60, '06', 394, ''),
(0, 70, 'FMB', 13, ''),
(0, 35, 'LT', 11, ''),
(0, 212, '03', 112, ''),
(0, 963, '01', 11, ''),
(0, 964, '01', 690, ''),
(0, 452, 'A', 11, ''),
(0, 965, '01', 463, ''),
(0, 695, '02', 411, ''),
(0, 123, '50', 364, ''),
(0, 13, 'R', 253, ''),
(0, 276, 'FG', 299, ''),
(0, 276, 'TCC', 11, ''),
(0, 588, 'C', 89, ''),
(0, 414, '09', 121, ''),
(0, 966, '01', 11, ''),
(0, 967, '01', 697, ''),
(0, 968, '01', 62, ''),
(0, 969, 'F', 430, ''),
(0, 303, '02', 640, ''),
(0, 20, 'LV', 171, ''),
(0, 23, '05', 374, ''),
(0, 848, 'A', 664, ''),
(0, 115, 'NN', 177, ''),
(0, 118, 'D', 11, ''),
(0, 398, '01', 181, ''),
(0, 119, '09', 569, ''),
(0, 970, '01', 579, ''),
(0, 971, '01', 11, ''),
(0, 129, '10', 576, ''),
(0, 972, '01', 483, ''),
(0, 124, 'RA', 11, ''),
(0, 123, '51', 369, ''),
(0, 60, '12', 402, ''),
(0, 16, 'B', 524, ''),
(0, 40, 'L03', 11, ''),
(0, 973, '01', 143, ''),
(0, 974, '01', 323, ''),
(0, 56, 'M', 777, ''),
(0, 412, 'PF', 456, ''),
(0, 153, 'B', 754, ''),
(0, 701, 'AF', 460, ''),
(0, 14, '04', 248, ''),
(0, 123, '44', 363, ''),
(0, 198, '01', 2, ''),
(0, 975, '01', 310, ''),
(0, 102, 'RF', 11, ''),
(0, 976, '01', 11, ''),
(0, 977, 'FM', 13, ''),
(0, 121, 'LB2', 11, ''),
(0, 978, '26', 11, ''),
(0, 517, '02', 607, ''),
(0, 146, '05', 589, ''),
(0, 979, '01', 20, ''),
(0, 980, '01', 305, ''),
(0, 164, '09', 787, ''),
(0, 981, '01', 41, ''),
(0, 41, '09', 168, ''),
(0, 123, '42', 11, ''),
(0, 26, 'LB', 47, ''),
(0, 630, 'LB', 691, ''),
(0, 982, 'FLB', 12, ''),
(0, 187, 'RL', 262, ''),
(0, 294, 'RK', 11, ''),
(0, 983, '01', 160, ''),
(0, 984, '02', 226, ''),
(0, 295, 'RA', 174, ''),
(0, 985, '01', 587, ''),
(0, 241, 'RF', 11, ''),
(0, 20, 'RJ', 171, ''),
(0, 263, 'C', 534, ''),
(0, 986, '01', 11, ''),
(0, 116, 'LN', 55, ''),
(0, 63, 'R0', 204, ''),
(0, 987, '01', 395, ''),
(0, 123, '36', 362, ''),
(0, 452, 'C', 11, ''),
(0, 542, '03', 73, ''),
(0, 122, '02', 163, ''),
(0, 988, '01', 11, ''),
(0, 859, 'LA', 320, ''),
(0, 437, '02', 467, ''),
(0, 989, '01', 752, ''),
(0, 990, '01', 483, ''),
(0, 991, 'F', 11, ''),
(0, 675, '02', 29, ''),
(0, 992, '01', 4, ''),
(0, 60, '19', 392, ''),
(0, 72, '10', 677, ''),
(0, 993, '01', 474, ''),
(0, 90, '10', 707, ''),
(0, 301, 'RB', 11, ''),
(0, 198, '03', 546, ''),
(0, 466, 'C', 49, ''),
(0, 80, 'G', 11, ''),
(0, 115, 'P', 177, ''),
(0, 137, 'C', 36, ''),
(0, 39, 'B', 527, ''),
(0, 107, '05', 247, ''),
(0, 994, '01', 261, ''),
(0, 852, 'RA', 130, ''),
(0, 199, 'D', 488, ''),
(0, 995, '02', 569, ''),
(0, 996, '01', 596, ''),
(0, 997, '01', 27, ''),
(0, 78, 'FLB', 12, ''),
(0, 60, '10', 398, ''),
(0, 787, 'AF', 458, ''),
(0, 35, 'LE', 11, ''),
(0, 433, '02', 143, ''),
(0, 476, 'FLC', 12, ''),
(0, 379, '01', 466, ''),
(0, 998, '01', 652, ''),
(0, 41, '02', 166, ''),
(0, 652, 'B', 136, ''),
(0, 999, '01', 409, ''),
(0, 271, 'FLF', 12, ''),
(0, 272, '02', 264, ''),
(0, 1000, '01', 634, ''),
(0, 1001, 'A', 499, ''),
(0, 41, '08', 161, ''),
(0, 841, 'ME2', 422, ''),
(0, 1002, '01', 46, ''),
(0, 128, 'C', 583, ''),
(0, 74, '01', 708, ''),
(0, 1003, 'F', 454, ''),
(0, 414, '05A', 424, ''),
(0, 272, '03', 265, ''),
(0, 1004, '01', 309, ''),
(0, 1005, '01', 410, ''),
(0, 85, 'E', 453, ''),
(0, 1006, '01', 274, ''),
(0, 1007, '01', 67, ''),
(0, 1008, '02', 712, ''),
(0, 414, '05B', 424, ''),
(0, 1009, '01', 566, ''),
(0, 72, '07', 675, ''),
(0, 184, '01', 124, ''),
(0, 1010, '01', 729, ''),
(0, 123, '14', 352, ''),
(0, 140, '01', 622, ''),
(0, 94, 'C', 195, ''),
(0, 275, '06', 416, ''),
(0, 128, 'RC', 586, ''),
(0, 588, 'B', 89, ''),
(0, 1011, '01', 119, ''),
(0, 410, '06', 11, ''),
(0, 107, '03', 245, ''),
(0, 1012, '01', 596, ''),
(0, 1013, '01', 762, ''),
(0, 757, '02', 5, ''),
(0, 1014, 'CF', 457, ''),
(0, 1015, '01', 184, ''),
(0, 115, 'K', 177, ''),
(0, 246, '05', 466, ''),
(0, 1016, '01', 226, ''),
(0, 1017, '01', 275, ''),
(0, 272, '04', 266, ''),
(0, 1018, '01', 569, ''),
(0, 696, 'B', 583, ''),
(0, 1019, '01', 742, ''),
(0, 520, 'B', 659, ''),
(0, 296, 'AF', 456, ''),
(0, 1020, '02', 14, ''),
(0, 1021, '01', 479, ''),
(0, 1022, '01', 235, ''),
(0, 602, 'RB', 11, ''),
(0, 79, 'RE', 269, ''),
(0, 240, 'NC2', 646, ''),
(0, 1023, '01', 85, ''),
(0, 1024, 'F', 456, ''),
(0, 9, '10', 383, ''),
(0, 1025, '01', 485, ''),
(0, 1026, '01', 85, ''),
(0, 35, 'LZ', 11, ''),
(0, 433, '03', 415, ''),
(0, 123, '41', 368, ''),
(0, 283, 'B', 305, ''),
(0, 1027, '01', 15, ''),
(0, 1028, '02', 220, ''),
(0, 237, 'RU', 176, ''),
(0, 542, '01', 53, ''),
(0, 123, '08', 346, ''),
(0, 124, 'RJ', 11, ''),
(0, 1029, '01', 765, ''),
(0, 123, '24', 358, ''),
(0, 424, '02', 18, ''),
(0, 1030, '01', 579, ''),
(0, 67, 'LST', 23, ''),
(0, 301, 'RA', 11, ''),
(0, 992, 'F', 4, ''),
(0, 100, '01', 696, ''),
(0, 14, '02', 249, ''),
(0, 1031, '01', 227, ''),
(0, 248, '04', 251, ''),
(0, 1032, '01', 731, ''),
(0, 31, 'RK', 11, ''),
(0, 602, 'B', 532, ''),
(0, 70, 'FMC', 13, ''),
(0, 1033, '01', 16, ''),
(0, 1034, '12', 157, ''),
(0, 23, '02', 347, ''),
(0, 602, 'RG', 11, ''),
(0, 1035, '01', 318, ''),
(0, 852, 'CE', 130, ''),
(0, 1036, '01', 147, ''),
(0, 45, 'RD', 11, ''),
(0, 1037, '01', 11, ''),
(0, 123, '06', 344, ''),
(0, 1038, 'A', 586, ''),
(0, 1039, '01', 64, ''),
(0, 78, 'FLE', 12, ''),
(0, 1040, '01', 164, ''),
(0, 70, 'TC', 11, ''),
(0, 1041, '01', 794, ''),
(0, 1042, '1B', 392, ''),
(0, 586, '02', 738, ''),
(0, 1043, '01', 548, ''),
(0, 40, 'R05', 11, ''),
(0, 294, 'RG', 11, ''),
(0, 1044, '01', 570, ''),
(0, 211, 'C', 530, ''),
(0, 602, 'RE', 11, ''),
(0, 212, '06', 99, ''),
(0, 40, 'L04', 11, ''),
(0, 6, 'RA', 55, ''),
(0, 187, 'RB', 262, ''),
(0, 1045, '01', 398, ''),
(0, 1046, '01', 93, ''),
(0, 519, 'B', 587, ''),
(0, 123, '29', 4, ''),
(0, 1047, '01', 11, ''),
(0, 113, 'FLC', 12, ''),
(0, 1048, 'AT', 790, ''),
(0, 686, '02', 26, ''),
(0, 616, '02', 274, ''),
(0, 696, 'C', 584, ''),
(0, 1049, '23', 551, ''),
(0, 1050, '01', 146, ''),
(0, 685, 'A', 780, ''),
(0, 35, 'RB', 11, ''),
(0, 72, '06', 675, ''),
(0, 314, 'LB', 11, ''),
(0, 1028, '01', 220, ''),
(0, 602, 'RF', 11, ''),
(0, 231, 'C', 195, ''),
(0, 52, '05', 223, ''),
(0, 732, 'FG', 299, ''),
(0, 56, 'A', 773, ''),
(0, 148, 'FLC', 12, ''),
(0, 388, '02', 72, ''),
(0, 1051, '01', 123, ''),
(0, 1052, '01', 630, ''),
(0, 452, 'G', 11, ''),
(0, 1053, 'A', 666, ''),
(0, 1054, '01', 97, ''),
(0, 1055, 'MU', 312, ''),
(0, 384, 'F', 523, ''),
(0, 80, 'D', 11, ''),
(0, 5, '02', 112, ''),
(0, 123, '38', 365, ''),
(0, 262, '02', 613, ''),
(0, 328, '01', 11, ''),
(0, 1056, '01', 303, ''),
(0, 129, '12', 791, ''),
(0, 1057, '01', 34, ''),
(0, 812, '01', 633, ''),
(0, 20, 'RF', 171, ''),
(0, 60, '08', 395, ''),
(0, 1058, '01', 76, ''),
(0, 410, '05', 616, ''),
(0, 431, '03', 215, ''),
(0, 135, 'LF', 10, ''),
(0, 507, 'A', 576, ''),
(0, 279, '05', 11, ''),
(0, 1059, 'F', 441, ''),
(0, 1060, '01', 30, ''),
(0, 1061, '01', 498, ''),
(0, 1062, '01', 242, ''),
(0, 1063, '01', 301, ''),
(0, 1064, '01', 241, ''),
(0, 1065, '01', 701, ''),
(0, 602, 'RA', 11, ''),
(0, 263, 'E', 535, ''),
(0, 1020, '01', 15, ''),
(0, 40, 'R02', 11, ''),
(0, 1066, '01', 11, ''),
(0, 188, 'FLB', 12, ''),
(0, 115, 'G', 177, ''),
(0, 98, 'I', 149, ''),
(0, 1067, '01', 388, ''),
(0, 588, 'A', 89, ''),
(0, 825, 'RC', 42, ''),
(0, 1068, 'F', 11, ''),
(0, 242, '01', 212, ''),
(0, 1069, '01', 212, ''),
(0, 362, '01', 730, ''),
(0, 5, '14', 95, ''),
(0, 164, '03', 776, ''),
(0, 662, '01', 175, ''),
(0, 96, 'RB', 172, ''),
(0, 1070, '01', 594, ''),
(0, 1071, '08', 705, ''),
(0, 102, 'RM', 11, ''),
(0, 1072, '01', 507, ''),
(0, 31, 'RF', 11, ''),
(0, 1073, '01', 735, ''),
(0, 123, '33', 363, ''),
(0, 116, 'LK', 55, ''),
(0, 31, 'RE', 11, ''),
(0, 1074, '01', 120, ''),
(0, 137, 'E', 35, ''),
(0, 374, '02', 335, ''),
(0, 241, 'RD', 11, ''),
(0, 1075, '01', 64, ''),
(0, 1076, '01', 30, ''),
(0, 1077, '01', 102, ''),
(0, 72, '01', 673, ''),
(0, 1078, '01', 301, ''),
(0, 476, 'FPA', 538, ''),
(0, 1079, '01', 39, ''),
(0, 1080, '01', 599, ''),
(0, 1081, '01', 305, ''),
(0, 1082, '01', 127, ''),
(0, 164, '05', 783, ''),
(0, 431, '02', 611, ''),
(0, 97, '05', 537, ''),
(0, 318, '01', 679, ''),
(0, 652, 'D', 135, ''),
(0, 294, 'A', 768, ''),
(0, 1083, 'F', 11, ''),
(0, 679, '01', 395, ''),
(0, 1084, 'FL', 12, ''),
(0, 35, 'RE', 11, ''),
(0, 168, '05', 537, ''),
(0, 1085, '01', 305, ''),
(0, 1086, '01', 400, ''),
(0, 41, '03', 165, ''),
(0, 9, '05', 380, ''),
(0, 85, 'D', 453, ''),
(0, 20, 'LW', 171, ''),
(0, 79, '01', 269, ''),
(0, 96, 'LZ', 171, ''),
(0, 1087, '01', 326, ''),
(0, 20, 'LK', 11, ''),
(0, 294, 'RG', 787, ''),
(0, 506, 'RG', 11, ''),
(0, 1088, '01', 610, ''),
(0, 1089, '04', 240, ''),
(0, 1090, '02', 377, ''),
(0, 476, 'FP', 538, ''),
(0, 1091, 'LQ', 11, ''),
(0, 331, 'FH', 11, ''),
(0, 1092, '12', 400, ''),
(0, 810, '01', 242, ''),
(0, 1093, 'CS', 11, ''),
(0, 1094, '01', 737, ''),
(0, 1091, 'LJ', 11, ''),
(0, 1095, '03', 11, ''),
(0, 1096, 'LK', 324, ''),
(0, 1096, 'LD', 324, ''),
(0, 1097, '04', 520, ''),
(0, 412, 'S', 456, ''),
(0, 1099, '01', 312, ''),
(0, 1100, 'LF', 177, ''),
(0, 124, 'ZZ', 11, ''),
(0, 1101, '01', 77, ''),
(0, 1102, '42', 17, ''),
(0, 78, 'FLT', 11, ''),
(0, 1103, '01', 797, ''),
(0, 1096, 'LH', 324, ''),
(0, 1091, 'RC', 11, '');
INSERT INTO `class_section` (`id`, `class_id`, `section`, `instructor_id`, `location`) VALUES
(0, 101, 'NC', 11, ''),
(0, 1104, 'RB', 133, ''),
(0, 78, 'FLN', 12, ''),
(0, 1105, '01', 569, ''),
(0, 1106, '01', 388, ''),
(0, 1107, '01', 205, ''),
(0, 1108, '01', 213, ''),
(0, 1092, '19', 14, ''),
(0, 1109, '01', 756, ''),
(0, 1110, '01', 712, ''),
(0, 602, 'RC', 529, ''),
(0, 102, 'XC', 785, ''),
(0, 39, 'D', 531, ''),
(0, 454, '01', 11, ''),
(0, 1111, '01', 49, ''),
(0, 124, 'RH', 776, ''),
(0, 73, '01', 116, ''),
(0, 331, 'FLU', 12, ''),
(0, 31, 'RA', 785, ''),
(0, 189, '01', 27, ''),
(0, 1112, '01', 11, ''),
(0, 148, 'FLP', 12, ''),
(0, 81, '01', 332, ''),
(0, 1113, '01', 11, ''),
(0, 1114, '01', 798, ''),
(0, 1116, '01', 542, ''),
(0, 1117, 'L1', 624, ''),
(0, 1118, '13', 564, ''),
(0, 1092, '07', 396, ''),
(0, 1119, '01', 705, ''),
(0, 1120, '01', 799, ''),
(0, 1121, '01', 637, ''),
(0, 1117, 'L2', 624, ''),
(0, 1122, '01', 461, ''),
(0, 1123, '01', 479, ''),
(0, 458, '01', 800, ''),
(0, 745, '01', 11, ''),
(0, 1125, '01', 124, ''),
(0, 230, '02', 591, ''),
(0, 187, 'RF', 262, ''),
(0, 1126, '01', 629, ''),
(0, 1127, '01', 306, ''),
(0, 1128, '12', 790, ''),
(0, 664, '01', 281, ''),
(0, 1129, '01', 422, ''),
(0, 1130, '01', 45, ''),
(0, 685, 'C', 780, ''),
(0, 1131, '02', 24, ''),
(0, 713, '02', 634, ''),
(0, 1132, '01', 212, ''),
(0, 1133, '01', 540, ''),
(0, 1134, 'RD', 205, ''),
(0, 1135, '01', 11, ''),
(0, 212, '04', 91, ''),
(0, 1136, '02', 801, ''),
(0, 1091, 'RE', 11, ''),
(0, 602, 'RD', 529, ''),
(0, 1137, '01', 620, ''),
(0, 522, '01', 503, ''),
(0, 1138, '01', 544, ''),
(0, 1139, '01', 11, ''),
(0, 271, 'FLK', 12, ''),
(0, 381, '26', 11, ''),
(0, 271, 'TC', 11, ''),
(0, 1140, '01', 302, ''),
(0, 23, '30', 370, ''),
(0, 411, 'AS', 802, ''),
(0, 812, 'NC', 633, ''),
(0, 1141, 'C', 534, ''),
(0, 23, '06', 345, ''),
(0, 178, 'D', 11, ''),
(0, 1073, 'FLM', 12, ''),
(0, 1142, 'L4', 423, ''),
(0, 31, 'RF', 785, ''),
(0, 1143, '01', 803, ''),
(0, 578, '01', 804, ''),
(0, 972, '01', 483, ''),
(0, 1144, '03', 11, ''),
(0, 1145, '01', 407, ''),
(0, 341, '20', 563, ''),
(0, 1146, 'B', 38, ''),
(0, 102, 'XC', 785, ''),
(0, 1147, 'L', 417, ''),
(0, 1089, '01', 254, ''),
(0, 52, '01', 213, ''),
(0, 1148, '01', 126, ''),
(0, 387, '19', 713, ''),
(0, 241, 'RB', 529, ''),
(0, 1149, 'LM', 56, ''),
(0, 31, 'D', 783, ''),
(0, 1150, '01', 708, ''),
(0, 46, 'RA', 280, ''),
(0, 1151, '01', 65, ''),
(0, 124, 'RH', 776, ''),
(0, 1104, 'RB', 133, ''),
(0, 1152, '01', 716, ''),
(0, 1115, 'LE', 42, ''),
(0, 1153, '01', 28, ''),
(0, 74, '22', 805, ''),
(0, 142, '03', 11, ''),
(0, 1098, 'RA', 11, ''),
(0, 27, 'FP', 538, ''),
(0, 1154, '01', 403, ''),
(0, 1155, '01', 92, ''),
(0, 602, 'RF', 529, ''),
(0, 516, '01', 559, ''),
(0, 498, '01', 749, ''),
(0, 56, 'C', 776, ''),
(0, 1156, '01', 543, ''),
(0, 109, 'A', 582, ''),
(0, 1157, '01', 163, ''),
(0, 922, 'B', 489, ''),
(0, 331, 'FLY', 12, ''),
(0, 272, '01', 278, ''),
(0, 324, 'CS', 460, ''),
(0, 1158, '02', 11, ''),
(0, 199, 'D', 488, ''),
(0, 1159, '01', 11, ''),
(0, 1096, 'ECE', 324, ''),
(0, 96, 'LF', 171, ''),
(0, 1160, 'AR2', 132, ''),
(0, 1161, '01', 221, ''),
(0, 367, 'RB', 711, ''),
(0, 53, '14', 258, ''),
(0, 1162, '01', 593, ''),
(0, 1163, '01', 566, ''),
(0, 23, '05', 344, ''),
(0, 1149, '01', 61, ''),
(0, 187, 'RP', 262, ''),
(0, 1164, '01', 690, ''),
(0, 1165, '08', 2, ''),
(0, 1100, '01', 177, ''),
(0, 1166, '17', 641, ''),
(0, 126, '03', 267, ''),
(0, 107, '02', 11, ''),
(0, 629, 'NC', 632, ''),
(0, 1167, 'C', 195, ''),
(0, 187, 'RI', 262, ''),
(0, 1168, '01', 11, ''),
(0, 271, 'FLL', 12, ''),
(0, 652, 'D', 134, ''),
(0, 46, 'RD', 280, ''),
(0, 1149, 'LH', 56, ''),
(0, 789, 'B', 150, ''),
(0, 1169, '01', 566, ''),
(0, 1170, '01', 73, ''),
(0, 1171, '99', 759, ''),
(0, 768, 'NC', 633, ''),
(0, 1172, '01', 174, ''),
(0, 1173, '01', 701, ''),
(0, 1174, 'B', 195, ''),
(0, 16, 'A', 520, ''),
(0, 1175, '01', 34, ''),
(0, 212, '09', 112, ''),
(0, 187, 'RL', 262, ''),
(0, 1176, 'C', 534, ''),
(0, 1177, '01', 619, ''),
(0, 55, '01', 275, ''),
(0, 45, 'LF', 11, ''),
(0, 1163, '03', 537, ''),
(0, 20, 'LK', 11, ''),
(0, 1178, '01', 650, ''),
(0, 1179, '01', 464, ''),
(0, 1180, 'B', 754, ''),
(0, 188, 'FLK', 12, ''),
(0, 86, '01', 11, ''),
(0, 1181, '01', 11, ''),
(0, 929, 'A', 586, ''),
(0, 148, 'FPC', 538, ''),
(0, 296, 'TS', 11, ''),
(0, 1182, '01', 162, ''),
(0, 1183, 'RC', 41, ''),
(0, 1184, '01', 242, ''),
(0, 1032, '01', 731, ''),
(0, 188, 'FOA', 11, ''),
(0, 1089, '04', 240, ''),
(0, 232, '01', 94, ''),
(0, 1185, '01', 615, ''),
(0, 1166, '18', 806, ''),
(0, 23, '31', 11, ''),
(0, 1186, 'B', 547, ''),
(0, 23, '12', 349, ''),
(0, 1187, '01', 79, ''),
(0, 1188, '02', 242, ''),
(0, 1189, '01', 727, ''),
(0, 331, 'FLU', 12, ''),
(0, 1190, 'C', 576, ''),
(0, 331, 'FLT', 12, ''),
(0, 530, '01', 329, ''),
(0, 1191, '07', 521, ''),
(0, 1192, '01', 698, ''),
(0, 1193, '01', 631, ''),
(0, 1194, '01', 30, ''),
(0, 1195, 'E', 576, ''),
(0, 79, '01', 807, ''),
(0, 272, '04', 265, ''),
(0, 1178, '03', 213, ''),
(0, 1071, '06', 765, ''),
(0, 1196, '06', 808, ''),
(0, 124, 'RB', 776, ''),
(0, 1114, '01', 798, ''),
(0, 1197, 'LA', 122, ''),
(0, 1198, 'LB', 48, ''),
(0, 381, '27', 26, ''),
(0, 1199, '01', 201, ''),
(0, 527, 'B', 648, ''),
(0, 114, '01', 514, ''),
(0, 1200, '01', 740, ''),
(0, 384, 'B', 524, ''),
(0, 1201, '01', 79, ''),
(0, 1202, 'R', 394, ''),
(0, 9, '02', 379, ''),
(0, 1203, '01', 464, ''),
(0, 1204, 'RB', 11, ''),
(0, 1205, 'RG', 11, ''),
(0, 1206, '01', 22, ''),
(0, 424, '06', 15, ''),
(0, 1207, '01', 11, ''),
(0, 1208, '04', 27, ''),
(0, 494, '01', 463, ''),
(0, 1209, '01', 742, ''),
(0, 276, 'TCC', 11, ''),
(0, 745, '01', 11, ''),
(0, 1210, 'RA', 11, ''),
(0, 1092, '13', 388, ''),
(0, 732, 'TC', 11, ''),
(0, 23, '16', 11, ''),
(0, 1165, '06', 537, ''),
(0, 638, '02', 599, ''),
(0, 1211, 'FMB', 13, ''),
(0, 1212, 'CEE', 11, ''),
(0, 96, 'LT', 171, ''),
(0, 488, '02', 215, ''),
(0, 1213, 'RC', 211, ''),
(0, 211, 'A', 520, ''),
(0, 102, 'E', 782, ''),
(0, 4, '06', 11, ''),
(0, 1128, '04', 776, ''),
(0, 314, 'RC', 11, ''),
(0, 213, '01', 318, ''),
(0, 188, 'FO', 11, ''),
(0, 1214, '01', 781, ''),
(0, 1215, '01', 570, ''),
(0, 1165, '11', 258, ''),
(0, 1216, '01', 809, ''),
(0, 78, 'FLN', 12, ''),
(0, 96, 'LQ', 171, ''),
(0, 1217, 'RA', 41, ''),
(0, 746, '01', 562, ''),
(0, 1096, 'LK', 324, ''),
(0, 1092, '19', 14, ''),
(0, 126, '04', 267, ''),
(0, 1218, '01', 415, ''),
(0, 189, '01', 27, ''),
(0, 211, 'RD', 529, ''),
(0, 1219, '01', 587, ''),
(0, 1220, '01', 416, ''),
(0, 1221, '01', 130, ''),
(0, 1222, 'A', 140, ''),
(0, 52, '05', 223, ''),
(0, 1223, '05', 562, ''),
(0, 1224, '01', 410, ''),
(0, 1225, 'LC', 185, ''),
(0, 27, 'FL', 12, ''),
(0, 85, 'B', 453, ''),
(0, 1198, 'LA', 49, ''),
(0, 909, '02', 260, ''),
(0, 1226, '01', 461, ''),
(0, 1227, '01', 391, ''),
(0, 1228, '01', 714, ''),
(0, 1229, 'LA', 11, ''),
(0, 1230, '01', 749, ''),
(0, 1128, '09', 791, ''),
(0, 583, '01', 728, ''),
(0, 810, '01', 242, ''),
(0, 1231, '01', 810, ''),
(0, 1232, '01', 165, ''),
(0, 45, '01', 689, ''),
(0, 1075, 'FLU', 12, ''),
(0, 1092, '05', 404, ''),
(0, 1233, '01', 317, ''),
(0, 1149, 'R', 11, ''),
(0, 108, 'FP', 538, ''),
(0, 1234, '01', 395, ''),
(0, 1089, '05', 240, ''),
(0, 79, 'RA', 807, ''),
(0, 1235, '01', 22, ''),
(0, 744, '01', 500, ''),
(0, 23, '02', 340, ''),
(0, 1236, '01', 315, ''),
(0, 1237, '04', 310, ''),
(0, 1051, 'RA', 11, ''),
(0, 953, '02', 213, ''),
(0, 1238, '01', 811, ''),
(0, 494, '05', 465, ''),
(0, 18, 'FGP', 299, ''),
(0, 20, 'RC', 11, ''),
(0, 1239, '01', 651, ''),
(0, 1240, '01', 258, ''),
(0, 1241, '02', 290, ''),
(0, 1242, '03', 11, ''),
(0, 1243, '01', 174, ''),
(0, 347, '01', 812, ''),
(0, 1244, 'A', 741, ''),
(0, 1217, '01', 41, ''),
(0, 52, '03', 233, ''),
(0, 1115, 'LB', 42, ''),
(0, 187, 'RE', 262, ''),
(0, 1166, '22', 640, ''),
(0, 1245, '01', 468, ''),
(0, 1246, '01', 265, ''),
(0, 1230, '01', 749, ''),
(0, 1247, '01', 419, ''),
(0, 1248, '01', 813, ''),
(0, 1249, '01', 809, ''),
(0, 946, 'A', 11, ''),
(0, 1250, '01', 16, ''),
(0, 85, 'E', 453, ''),
(0, 1147, '01', 417, ''),
(0, 488, '03', 814, ''),
(0, 1251, 'R', 138, ''),
(0, 362, 'D', 739, ''),
(0, 1252, '11', 787, ''),
(0, 232, '01', 94, ''),
(0, 31, 'RD', 785, ''),
(0, 1253, 'A', 583, ''),
(0, 1254, '01', 11, ''),
(0, 1255, '01', 180, ''),
(0, 1148, '01', 126, ''),
(0, 1256, 'RC', 11, ''),
(0, 1136, '02', 801, ''),
(0, 9, '08', 382, ''),
(0, 1089, '05', 240, ''),
(0, 1147, 'L', 417, ''),
(0, 96, 'RD', 171, ''),
(0, 1166, '13', 257, ''),
(0, 96, 'LD', 171, ''),
(0, 1257, '23', 556, ''),
(0, 1258, '01', 565, ''),
(0, 1091, 'LF', 11, ''),
(0, 16, 'D', 521, ''),
(0, 1259, 'FM', 11, ''),
(0, 18, 'FGI', 299, ''),
(0, 1260, '01', 319, ''),
(0, 1165, '03', 394, ''),
(0, 825, '03', 42, ''),
(0, 1261, '01', 69, ''),
(0, 1262, '02', 37, ''),
(0, 1263, 'B', 788, ''),
(0, 542, '06', 50, ''),
(0, 1264, '01', 101, ''),
(0, 18, 'FGF', 299, ''),
(0, 1265, '01', 131, ''),
(0, 331, 'FLR', 12, ''),
(0, 1134, '01', 205, ''),
(0, 530, '01', 329, ''),
(0, 536, '01', 11, ''),
(0, 904, '01', 298, ''),
(0, 1128, '09', 791, ''),
(0, 1266, '01', 99, ''),
(0, 629, '01', 632, ''),
(0, 1256, 'RB', 11, ''),
(0, 1267, 'A', 535, ''),
(0, 124, 'RH', 776, ''),
(0, 123, '01', 356, ''),
(0, 1268, '01', 815, ''),
(0, 1269, '01', 253, ''),
(0, 506, 'RG', 11, ''),
(0, 476, 'FLL', 12, ''),
(0, 294, 'RA', 787, ''),
(0, 1215, '01', 570, ''),
(0, 1134, 'RD', 205, ''),
(0, 579, '01', 25, ''),
(0, 1243, '01', 174, ''),
(0, 102, 'RD', 785, ''),
(0, 907, 'A', 500, ''),
(0, 1270, '01', 295, ''),
(0, 1271, '06', 681, ''),
(0, 107, '01', 11, ''),
(0, 1096, 'LG', 324, ''),
(0, 294, 'ZZ', 11, ''),
(0, 716, '01', 242, ''),
(0, 1092, '11', 403, ''),
(0, 145, '08', 706, ''),
(0, 96, 'RB', 171, ''),
(0, 880, '01', 648, ''),
(0, 9, '01', 378, ''),
(0, 23, '28', 373, ''),
(0, 1272, '01', 166, ''),
(0, 241, 'B', 529, ''),
(0, 1166, '10', 402, ''),
(0, 124, 'RD', 776, ''),
(0, 416, 'A', 490, ''),
(0, 241, 'RD', 529, ''),
(0, 602, 'D', 526, ''),
(0, 188, 'FLT', 12, ''),
(0, 1273, 'R', 322, ''),
(0, 616, '01', 275, ''),
(0, 1006, '01', 275, ''),
(0, 1271, '03', 688, ''),
(0, 1195, 'D', 790, ''),
(0, 1091, 'LP', 11, ''),
(0, 1274, '01', 565, ''),
(0, 1178, '01', 650, ''),
(0, 1275, '01', 816, ''),
(0, 1276, '22', 558, ''),
(0, 1277, '01', 626, ''),
(0, 1278, '01', 508, ''),
(0, 1149, 'LJ', 56, ''),
(0, 70, 'FMB', 13, ''),
(0, 61, '01', 18, ''),
(0, 536, '02', 288, ''),
(0, 212, '17', 109, ''),
(0, 1253, 'RA', 583, ''),
(0, 78, 'FLR', 12, ''),
(0, 187, 'RA', 262, ''),
(0, 1204, '01', 173, ''),
(0, 1128, '01', 780, ''),
(0, 972, '01', 483, ''),
(0, 436, '01', 268, ''),
(0, 18, 'FGC', 299, ''),
(0, 1279, 'D', 36, ''),
(0, 1165, '04', 394, ''),
(0, 242, '04', 212, ''),
(0, 1205, 'RB', 11, ''),
(0, 1280, '20', 562, ''),
(0, 1281, '01', 817, ''),
(0, 1282, '01', 818, ''),
(0, 45, 'LD', 11, ''),
(0, 1208, '04', 27, ''),
(0, 1149, 'LG', 56, ''),
(0, 353, '01', 641, ''),
(0, 242, '01', 212, ''),
(0, 1283, '01', 590, ''),
(0, 780, '02', 556, ''),
(0, 1284, '02', 551, ''),
(0, 976, '06', 11, ''),
(0, 126, '03', 267, ''),
(0, 187, 'RB', 262, ''),
(0, 188, 'FGA', 299, ''),
(0, 506, 'RA', 11, ''),
(0, 109, 'B', 584, ''),
(0, 1131, '03', 24, ''),
(0, 23, '23', 362, ''),
(0, 1263, 'A', 576, ''),
(0, 199, 'D', 488, ''),
(0, 1285, 'LB', 632, ''),
(0, 798, '01', 84, ''),
(0, 1286, '01', 578, ''),
(0, 67, '01', 11, ''),
(0, 271, 'FLN', 12, ''),
(0, 776, '01', 278, ''),
(0, 1287, '01', 819, ''),
(0, 1191, '06', 526, ''),
(0, 294, 'E', 771, ''),
(0, 1195, 'C', 788, ''),
(0, 1213, '01', 211, ''),
(0, 1098, 'RD', 11, ''),
(0, 1240, '02', 260, ''),
(0, 1288, 'B', 589, ''),
(0, 1289, '01', 820, ''),
(0, 1290, '01', 46, ''),
(0, 1291, '01', 11, ''),
(0, 96, 'LF', 171, ''),
(0, 734, '01', 737, ''),
(0, 1292, '01', 548, ''),
(0, 1091, 'RF', 11, ''),
(0, 188, 'FMA', 13, ''),
(0, 909, '02', 260, ''),
(0, 494, '03', 466, ''),
(0, 1115, '02', 42, ''),
(0, 1191, '07', 521, ''),
(0, 1293, 'B', 541, ''),
(0, 1294, '01', 116, ''),
(0, 1210, 'RA', 11, ''),
(0, 410, '01', 601, ''),
(0, 1100, 'LP', 177, ''),
(0, 1295, '01', 733, ''),
(0, 148, 'FM', 13, ''),
(0, 1098, 'RB', 11, ''),
(0, 633, '01', 565, ''),
(0, 1296, '01', 539, ''),
(0, 78, 'FLM', 12, ''),
(0, 1089, '06', 258, ''),
(0, 1095, '03', 11, ''),
(0, 1297, 'C', 541, ''),
(0, 96, 'LR', 171, ''),
(0, 1298, '01', 756, ''),
(0, 56, 'B', 773, ''),
(0, 1096, 'LD', 324, ''),
(0, 124, 'RA', 776, ''),
(0, 1149, 'LA', 56, ''),
(0, 5, '01', 114, ''),
(0, 1128, '03', 770, ''),
(0, 1299, '01', 821, ''),
(0, 240, '01', 646, ''),
(0, 187, 'RL', 262, ''),
(0, 1032, '01', 731, ''),
(0, 69, 'B', 787, ''),
(0, 1300, '01', 636, ''),
(0, 1217, 'RB', 41, ''),
(0, 1155, '01', 92, ''),
(0, 1301, '01', 237, ''),
(0, 1198, '01', 48, ''),
(0, 215, 'ACE', 337, ''),
(0, 324, 'CS', 460, ''),
(0, 615, '01', 511, ''),
(0, 1302, '01', 29, ''),
(0, 294, 'RF', 787, ''),
(0, 1234, '01', 395, ''),
(0, 488, '02', 215, ''),
(0, 834, '01', 637, ''),
(0, 96, 'RI', 171, ''),
(0, 52, '02', 214, ''),
(0, 23, '14', 351, ''),
(0, 1303, '01', 544, ''),
(0, 1092, '08', 398, ''),
(0, 1157, '01', 163, ''),
(0, 188, 'FOA', 11, ''),
(0, 108, 'FLM', 12, ''),
(0, 1304, 'FLN', 12, ''),
(0, 23, '13', 353, ''),
(0, 6, 'RB', 11, ''),
(0, 1305, '01', 218, ''),
(0, 1169, '02', 586, ''),
(0, 1306, '01', 39, ''),
(0, 296, 'TS', 11, ''),
(0, 39, 'C', 528, ''),
(0, 1307, 'RC', 211, ''),
(0, 1004, '01', 309, ''),
(0, 1142, 'L1', 423, ''),
(0, 1308, '01', 698, ''),
(0, 815, '01', 725, ''),
(0, 1309, '01', 540, ''),
(0, 1310, '08', 552, ''),
(0, 303, 'N1', 634, ''),
(0, 18, 'FGB', 299, ''),
(0, 83, 'A', 822, ''),
(0, 18, 'FGQ', 299, ''),
(0, 1311, 'CS', 823, ''),
(0, 148, 'FLN', 12, ''),
(0, 331, 'FLT', 12, ''),
(0, 70, 'FMD', 13, ''),
(0, 602, 'RB', 529, ''),
(0, 1312, '01', 105, ''),
(0, 1313, '01', 708, ''),
(0, 90, '05', 707, ''),
(0, 1307, '01', 211, ''),
(0, 1314, '01', 225, ''),
(0, 1252, '12', 790, ''),
(0, 602, 'A', 521, ''),
(0, 1315, '01', 11, ''),
(0, 187, 'RN', 262, ''),
(0, 757, '001', 5, ''),
(0, 927, '01', 382, ''),
(0, 1316, '01', 403, ''),
(0, 1191, '01', 533, ''),
(0, 108, 'FP', 538, ''),
(0, 1317, '03', 544, ''),
(0, 1166, '02', 708, ''),
(0, 1128, '10', 576, ''),
(0, 1090, '03', 11, ''),
(0, 1318, '01', 578, ''),
(0, 1319, 'RA', 711, ''),
(0, 240, '02', 806, ''),
(0, 1252, '03', 770, ''),
(0, 1183, '01', 41, ''),
(0, 53, '08', 824, ''),
(0, 294, 'C', 774, ''),
(0, 1273, '01', 322, ''),
(0, 792, 'A', 668, ''),
(0, 405, '01', 639, ''),
(0, 1320, '01', 80, ''),
(0, 1321, '02', 623, ''),
(0, 1322, '01', 248, ''),
(0, 1141, 'C', 534, ''),
(0, 1096, 'LI', 324, ''),
(0, 223, 'RSP', 11, ''),
(0, 188, 'FM', 13, ''),
(0, 276, 'TC', 11, ''),
(0, 1323, '01', 272, ''),
(0, 1324, 'A', 566, ''),
(0, 1247, '06', 226, ''),
(0, 1325, '01', 825, ''),
(0, 1092, '09', 395, ''),
(0, 879, '01', 273, ''),
(0, 78, 'FLK', 12, ''),
(0, 1326, '01', 23, ''),
(0, 1327, '01', 238, ''),
(0, 1328, '01', 281, ''),
(0, 1329, '01', 100, ''),
(0, 1166, '20', 640, ''),
(0, 294, 'RD', 787, ''),
(0, 1186, 'A', 547, ''),
(0, 194, '01', 741, ''),
(0, 242, '03', 212, ''),
(0, 88, '01', 11, ''),
(0, 187, 'RO', 262, ''),
(0, 1330, '01', 198, ''),
(0, 212, '09', 112, ''),
(0, 1331, '01', 412, ''),
(0, 1092, '03', 405, ''),
(0, 9, '06', 381, ''),
(0, 1332, '01', 826, ''),
(0, 359, '01', 283, ''),
(0, 1096, 'LJ', 324, ''),
(0, 492, 'A', 11, ''),
(0, 1141, 'E', 535, ''),
(0, 1241, '01', 290, ''),
(0, 53, '13', 809, ''),
(0, 1178, '03', 213, ''),
(0, 1034, '17', 156, ''),
(0, 78, 'FP', 538, ''),
(0, 1256, 'RG', 11, ''),
(0, 485, '01', 281, ''),
(0, 188, 'FMB', 13, ''),
(0, 852, 'AR', 130, ''),
(0, 123, '99', 11, ''),
(0, 1333, 'FM', 13, ''),
(0, 1195, 'B', 789, ''),
(0, 20, 'RA', 11, ''),
(0, 1334, '01', 237, ''),
(0, 53, '11', 809, ''),
(0, 1091, 'LL', 11, ''),
(0, 1189, '01', 727, ''),
(0, 456, '01', 648, ''),
(0, 738, '01', 273, ''),
(0, 618, '01', 38, ''),
(0, 81, '01', 332, ''),
(0, 1099, '01', 312, ''),
(0, 1204, 'LC', 11, ''),
(0, 1335, '01', 305, ''),
(0, 1336, '01', 305, ''),
(0, 277, '02', 632, ''),
(0, 1210, 'RB', 11, ''),
(0, 1337, '05', 11, ''),
(0, 391, 'A', 11, ''),
(0, 1117, '01', 624, ''),
(0, 602, 'RC', 529, ''),
(0, 1091, 'LO', 11, ''),
(0, 1117, 'L3', 623, ''),
(0, 1338, '01', 409, ''),
(0, 14, '01', 255, ''),
(0, 23, '22', 361, ''),
(0, 72, '02', 673, ''),
(0, 469, '01', 31, ''),
(0, 1092, '04', 19, ''),
(0, 46, 'RC', 280, ''),
(0, 494, '01', 463, ''),
(0, 23, '08', 352, ''),
(0, 31, 'RB', 785, ''),
(0, 1339, '01', 54, ''),
(0, 1072, '01', 504, ''),
(0, 1124, '01', 100, ''),
(0, 330, 'A', 661, ''),
(0, 23, '34', 371, ''),
(0, 848, 'A', 664, ''),
(0, 18, 'FGP', 299, ''),
(0, 1340, '01', 109, ''),
(0, 1049, '34', 549, ''),
(0, 114, '01', 514, ''),
(0, 384, 'C', 525, ''),
(0, 1142, '02', 620, ''),
(0, 1341, '01', 29, ''),
(0, 1166, '06', 258, ''),
(0, 1141, 'D', 534, ''),
(0, 1342, '01', 640, ''),
(0, 1343, '14', 560, ''),
(0, 378, 'L2', 638, ''),
(0, 23, '16', 11, ''),
(0, 142, '03', 11, ''),
(0, 745, '01', 11, ''),
(0, 561, '01', 34, ''),
(0, 124, 'B', 776, ''),
(0, 1224, '01', 410, ''),
(0, 1344, '01', 17, ''),
(0, 39, 'D', 531, ''),
(0, 111, '02', 493, ''),
(0, 1051, 'RA', 11, ''),
(0, 1345, '01', 81, ''),
(0, 246, '02', 462, ''),
(0, 31, 'RE', 785, ''),
(0, 410, '02', 814, ''),
(0, 376, '01', 604, ''),
(0, 1346, '01', 289, ''),
(0, 102, 'RL', 785, ''),
(0, 1347, '01', 41, ''),
(0, 602, 'RD', 529, ''),
(0, 1204, 'LZ', 11, ''),
(0, 31, 'E', 783, ''),
(0, 1242, '03', 11, ''),
(0, 1010, '01', 742, ''),
(0, 1348, '02', 718, ''),
(0, 494, '05', 465, ''),
(0, 620, 'RCT', 11, ''),
(0, 1349, '01', 75, ''),
(0, 1350, 'A', 754, ''),
(0, 104, '01', 2, ''),
(0, 1092, '20', 16, ''),
(0, 1351, '01', 59, ''),
(0, 812, 'NC', 633, ''),
(0, 602, 'RF', 529, ''),
(0, 669, '01', 11, ''),
(0, 1149, 'LF', 56, ''),
(0, 476, 'FPA', 538, ''),
(0, 14, '04', 248, ''),
(0, 541, 'A', 729, ''),
(0, 1352, '01', 300, ''),
(0, 274, '01', 277, ''),
(0, 1102, '42', 17, ''),
(0, 20, 'LH', 11, ''),
(0, 1353, '01', 734, ''),
(0, 1229, 'LD', 11, ''),
(0, 1307, 'RB', 211, ''),
(0, 1149, 'LC', 56, ''),
(0, 331, 'FLU', 12, ''),
(0, 1354, '15', 205, ''),
(0, 1319, 'RB', 711, ''),
(0, 1202, 'R', 394, ''),
(0, 96, 'LJ', 171, ''),
(0, 950, '01', 485, ''),
(0, 102, 'RF', 785, ''),
(0, 1355, '01', 20, ''),
(0, 1225, 'LA', 185, ''),
(0, 378, 'L3', 638, ''),
(0, 314, 'RB', 11, ''),
(0, 578, '01', 804, ''),
(0, 596, 'A', 662, ''),
(0, 397, '02', 1, ''),
(0, 1166, '24', 17, ''),
(0, 1151, '01', 65, ''),
(0, 1356, '01', 544, ''),
(0, 1357, '01', 204, ''),
(0, 1358, '01', 401, ''),
(0, 271, 'FLT', 12, ''),
(0, 403, '01', 726, ''),
(0, 1359, '01', 709, ''),
(0, 1360, '01', 827, ''),
(0, 712, '10', 798, ''),
(0, 142, '01', 11, ''),
(0, 1361, '01', 18, ''),
(0, 72, '01', 673, ''),
(0, 454, '03', 828, ''),
(0, 1205, 'RF', 11, ''),
(0, 189, '01', 27, ''),
(0, 209, '03', 385, ''),
(0, 1258, 'RA', 11, ''),
(0, 1362, '01', 594, ''),
(0, 476, 'FPD', 538, ''),
(0, 1363, '01', 63, ''),
(0, 107, '04', 244, ''),
(0, 1364, '01', 395, ''),
(0, 1142, 'L2', 423, ''),
(0, 102, 'RH', 785, ''),
(0, 778, '01', 32, ''),
(0, 549, 'FLP', 12, ''),
(0, 1365, '01', 75, ''),
(0, 881, '01', 63, ''),
(0, 613, '01', 190, ''),
(0, 1366, '01', 422, ''),
(0, 1367, '01', 2, ''),
(0, 96, 'RJ', 171, ''),
(0, 1368, '17', 549, ''),
(0, 1369, '01', 700, ''),
(0, 1370, '01', 542, ''),
(0, 1198, 'LB', 48, ''),
(0, 1371, '01', 289, ''),
(0, 1252, '05', 782, ''),
(0, 1091, 'LY', 11, ''),
(0, 1372, '01', 226, ''),
(0, 46, 'RD', 280, ''),
(0, 347, '01', 812, ''),
(0, 1373, '04', 190, ''),
(0, 327, '01', 679, ''),
(0, 46, 'RA', 280, ''),
(0, 102, 'RB', 785, ''),
(0, 1091, 'LK', 11, ''),
(0, 87, '03', 1, ''),
(0, 1133, '01', 540, ''),
(0, 405, 'NC', 639, ''),
(0, 1242, '01', 32, ''),
(0, 677, '02', 493, ''),
(0, 1175, '01', 34, ''),
(0, 1374, '01', 407, ''),
(0, 431, '02', 829, ''),
(0, 1375, 'C', 587, ''),
(0, 1376, '01', 39, ''),
(0, 986, '01', 565, ''),
(0, 1174, 'A', 196, ''),
(0, 397, '01', 1, ''),
(0, 96, 'RE', 171, ''),
(0, 732, 'FG', 299, ''),
(0, 1377, '01', 175, ''),
(0, 1378, '01', 297, ''),
(0, 1379, '01', 750, ''),
(0, 362, 'A', 739, ''),
(0, 1333, 'FLS', 12, ''),
(0, 9, '02', 379, ''),
(0, 76, '01', 642, ''),
(0, 27, 'FG', 299, ''),
(0, 1144, '02', 75, ''),
(0, 1380, '02', 209, ''),
(0, 1089, '04', 240, ''),
(0, 1166, '12L', 638, ''),
(0, 1166, '18', 806, ''),
(0, 1381, 'R', 62, ''),
(0, 294, 'A', 766, ''),
(0, 545, '02', 499, ''),
(0, 23, '03', 341, ''),
(0, 1375, 'D', 587, ''),
(0, 248, '02', 251, ''),
(0, 571, '02', 5, ''),
(0, 20, 'RD', 11, ''),
(0, 173, '01', 743, ''),
(0, 276, 'TCE', 11, ''),
(0, 1183, 'RB', 41, ''),
(0, 272, '05', 278, ''),
(0, 699, 'A', 658, ''),
(0, 1382, '01', 11, ''),
(0, 1149, 'LH', 56, ''),
(0, 1129, '01', 422, ''),
(0, 1383, '01', 306, ''),
(0, 516, '05', 796, ''),
(0, 1384, '01', 161, ''),
(0, 187, 'RI', 262, ''),
(0, 1385, 'A', 789, ''),
(0, 1386, '01', 650, ''),
(0, 1117, 'L2', 624, ''),
(0, 652, 'A', 138, ''),
(0, 953, '02', 213, ''),
(0, 1245, 'G', 11, ''),
(0, 1387, 'RC', 11, ''),
(0, 102, 'RK', 785, ''),
(0, 31, 'B', 784, ''),
(0, 481, '01', 252, ''),
(0, 988, '01', 11, ''),
(0, 381, '27', 26, ''),
(0, 740, '01', 11, ''),
(0, 1252, '06', 783, ''),
(0, 229, 'FMA', 13, ''),
(0, 1388, '01', 712, ''),
(0, 331, 'FLM', 12, ''),
(0, 199, 'C', 487, ''),
(0, 85, 'F', 453, ''),
(0, 1389, '01', 199, ''),
(0, 1205, 'RC', 11, ''),
(0, 1163, '02', 586, ''),
(0, 852, 'BR', 130, ''),
(0, 1205, 'RH', 11, ''),
(0, 124, 'D', 770, ''),
(0, 1390, '01', 502, ''),
(0, 1391, '01', 394, ''),
(0, 1020, '01', 11, ''),
(0, 362, 'B', 739, ''),
(0, 196, '11', 153, ''),
(0, 178, 'C', 11, ''),
(0, 212, '23', 114, ''),
(0, 1392, 'A', 192, ''),
(0, 977, 'TC', 11, ''),
(0, 1393, '01', 27, ''),
(0, 1394, '01', 11, ''),
(0, 1210, '01', 605, ''),
(0, 1395, '01', 11, ''),
(0, 1113, '01', 11, ''),
(0, 1160, 'BR2', 132, ''),
(0, 876, '01', 493, ''),
(0, 1381, '01', 62, ''),
(0, 916, '03', 696, ''),
(0, 1396, '01', 548, ''),
(0, 20, 'RC', 11, ''),
(0, 1397, '01', 26, ''),
(0, 1398, 'A', 830, ''),
(0, 1399, '01', 578, ''),
(0, 541, 'B', 729, ''),
(0, 56, 'A', 773, ''),
(0, 1400, '01', 176, ''),
(0, 506, 'RD', 11, ''),
(0, 849, '01', 32, ''),
(0, 384, 'A', 522, ''),
(0, 378, 'NA', 11, ''),
(0, 1134, 'RA', 205, ''),
(0, 1176, 'A', 520, ''),
(0, 20, 'LZ', 11, ''),
(0, 1401, '01', 715, ''),
(0, 389, '01', 11, ''),
(0, 1200, '01', 740, ''),
(0, 1402, '01', 561, ''),
(0, 1028, '01', 221, ''),
(0, 276, 'FG', 299, ''),
(0, 270, '01', 505, ''),
(0, 1373, '03', 187, ''),
(0, 929, 'A', 586, ''),
(0, 28, 'FLM', 12, ''),
(0, 1191, '03', 535, ''),
(0, 367, 'RB', 711, ''),
(0, 74, '03', 581, ''),
(0, 1403, '01', 34, ''),
(0, 1404, '01', 464, ''),
(0, 1071, '06', 765, ''),
(0, 652, 'F', 123, ''),
(0, 193, '02', 622, ''),
(0, 187, 'RD', 262, ''),
(0, 230, '02R', 591, ''),
(0, 14, '02', 249, ''),
(0, 1172, '01', 174, ''),
(0, 1405, '01', 831, ''),
(0, 1160, 'ACE', 132, ''),
(0, 696, 'A', 582, ''),
(0, 1252, '09', 791, ''),
(0, 1097, '07', 521, ''),
(0, 861, '01', 703, ''),
(0, 1163, '03', 537, ''),
(0, 455, '01', 137, ''),
(0, 1153, '01', 28, ''),
(0, 1104, 'RB', 133, ''),
(0, 1406, '01', 686, ''),
(0, 1166, '21', 631, ''),
(0, 102, 'ZZ', 11, ''),
(0, 1229, 'LA', 11, ''),
(0, 1000, '01', 634, ''),
(0, 906, 'A', 11, ''),
(0, 1407, '01', 832, ''),
(0, 1408, 'B', 35, ''),
(0, 1409, '01', 255, ''),
(0, 1410, '01', 833, ''),
(0, 516, '02', 252, ''),
(0, 1411, 'WA', 11, ''),
(0, 1194, '01', 30, ''),
(0, 241, 'RB', 529, ''),
(0, 124, 'RE', 776, ''),
(0, 1412, '01', 235, ''),
(0, 476, 'FPB', 538, ''),
(0, 1413, '01', 603, ''),
(0, 1226, '01', 461, ''),
(0, 1414, '01', 207, ''),
(0, 193, '01', 425, ''),
(0, 1211, 'FMB', 13, ''),
(0, 45, 'RD', 11, ''),
(0, 1091, '01', 697, ''),
(0, 1348, '01', 287, ''),
(0, 1317, '01', 677, ''),
(0, 1009, '01', 19, ''),
(0, 213, '01', 318, ''),
(0, 657, '01', 648, ''),
(0, 1165, '02', 39, ''),
(0, 18, 'FGD', 299, ''),
(0, 1415, '01', 207, ''),
(0, 78, 'FLL', 12, ''),
(0, 1092, '10', 393, ''),
(0, 18, 'FGN', 299, ''),
(0, 604, 'A', 482, ''),
(0, 884, '07', 717, ''),
(0, 1416, '01', 590, ''),
(0, 1214, '01', 781, ''),
(0, 31, 'A', 781, ''),
(0, 148, 'FP', 538, ''),
(0, 53, '17', 403, ''),
(0, 76, 'NC', 642, ''),
(0, 306, 'NC', 640, ''),
(0, 834, 'NC', 637, ''),
(0, 1417, '01', 241, ''),
(0, 348, '01', 834, ''),
(0, 765, '01', 732, ''),
(0, 1418, '02', 534, ''),
(0, 1419, 'RA', 188, ''),
(0, 1321, '01', 627, ''),
(0, 45, 'RA', 11, ''),
(0, 1420, 'FH', 11, ''),
(0, 1408, 'C', 36, ''),
(0, 1095, '02', 20, ''),
(0, 187, 'RH', 262, ''),
(0, 45, 'LC', 11, ''),
(0, 72, '07', 675, ''),
(0, 271, 'TC', 11, ''),
(0, 1091, 'LW', 11, ''),
(0, 1421, '01', 76, ''),
(0, 989, '01', 20, ''),
(0, 18, 'FGL', 299, ''),
(0, 96, 'LO', 171, ''),
(0, 1244, 'B', 738, ''),
(0, 1422, 'A', 784, ''),
(0, 553, '01', 385, ''),
(0, 1183, 'RA', 41, ''),
(0, 1213, 'RB', 211, ''),
(0, 111, '01', 801, ''),
(0, 347, '02', 744, ''),
(0, 109, 'RD', 586, ''),
(0, 479, '01', 40, ''),
(0, 779, '01', 757, ''),
(0, 1423, '01', 835, ''),
(0, 1196, '06', 808, ''),
(0, 1149, '01', 61, ''),
(0, 1424, '01', 515, ''),
(0, 1150, '01', 708, ''),
(0, 1271, '04', 596, ''),
(0, 1425, '01', 254, ''),
(0, 1426, '01', 403, ''),
(0, 1427, '35', 565, ''),
(0, 96, 'LS', 171, ''),
(0, 30, '01', 494, ''),
(0, 1096, 'LB', 324, ''),
(0, 123, '04', 11, ''),
(0, 1024, 'S', 456, ''),
(0, 1428, '01', 836, ''),
(0, 102, 'XC', 785, ''),
(0, 1236, '01', 315, ''),
(0, 1429, '01', 282, ''),
(0, 1430, '01', 239, ''),
(0, 955, '01', 837, ''),
(0, 1218, '02', 416, ''),
(0, 21, '01', 94, ''),
(0, 367, 'RA', 711, ''),
(0, 56, 'C', 776, ''),
(0, 1431, '01', 11, ''),
(0, 431, '01', 610, ''),
(0, 45, 'LA', 11, ''),
(0, 542, '10', 838, ''),
(0, 1216, '01', 809, ''),
(0, 1432, 'R', 839, ''),
(0, 1433, '01', 75, ''),
(0, 1131, '05', 40, ''),
(0, 1143, '01', 803, ''),
(0, 1434, 'A', 840, ''),
(0, 829, '01', 298, ''),
(0, 96, 'LW', 171, ''),
(0, 1435, '01', 841, ''),
(0, 1436, '01', 415, ''),
(0, 327, 'RC', 11, ''),
(0, 1437, '01', 88, ''),
(0, 72, '04', 676, ''),
(0, 1110, '01', 712, ''),
(0, 1005, '01', 410, ''),
(0, 108, 'FM', 13, ''),
(0, 1245, 'D', 11, ''),
(0, 1195, 'A', 791, ''),
(0, 1438, '01', 544, ''),
(0, 1439, '01', 391, ''),
(0, 1122, '01', 461, ''),
(0, 1440, '01', 114, ''),
(0, 1441, '01', 756, ''),
(0, 853, 'A', 490, ''),
(0, 1442, '01', 164, ''),
(0, 585, '01', 95, ''),
(0, 696, 'B', 584, ''),
(0, 1205, 'RJ', 11, ''),
(0, 262, '05', 842, ''),
(0, 1129, '02', 625, ''),
(0, 1443, '01', 83, ''),
(0, 1, '01', 599, ''),
(0, 124, 'C', 779, ''),
(0, 1444, '01', 44, ''),
(0, 70, 'FMG', 13, ''),
(0, 331, 'FLN', 12, ''),
(0, 1445, 'A', 11, ''),
(0, 86, '02', 603, ''),
(0, 1031, '01', 212, ''),
(0, 70, 'FMA', 13, ''),
(0, 410, '03', 614, ''),
(0, 1446, 'FH', 11, ''),
(0, 107, '02', 11, ''),
(0, 896, '01', 635, ''),
(0, 72, '03', 673, ''),
(0, 1447, '01', 630, ''),
(0, 1160, 'BR', 132, ''),
(0, 520, 'B', 659, ''),
(0, 459, 'B', 11, ''),
(0, 1448, '02', 765, ''),
(0, 1449, 'C', 192, ''),
(0, 1445, 'RA', 711, ''),
(0, 454, '01', 11, ''),
(0, 241, 'A', 530, ''),
(0, 1034, '14', 151, ''),
(0, 1186, 'B', 547, ''),
(0, 1375, 'B', 588, ''),
(0, 39, 'B', 527, ''),
(0, 1450, '01', 678, ''),
(0, 1252, '07', 789, ''),
(0, 818, 'A', 497, ''),
(0, 1211, 'FMA', 13, ''),
(0, 732, 'FM', 13, ''),
(0, 1167, 'D', 193, ''),
(0, 1090, '02', 377, ''),
(0, 331, 'FLV', 12, ''),
(0, 1256, 'RE', 11, ''),
(0, 294, 'RC', 787, ''),
(0, 1451, '10', 551, ''),
(0, 1452, '01', 107, ''),
(0, 1453, '01', 91, ''),
(0, 1091, 'LA', 11, ''),
(0, 1454, '01', 542, ''),
(0, 1244, 'C', 741, ''),
(0, 1103, '01', 797, ''),
(0, 484, '02', 634, ''),
(0, 1009, '03', 205, ''),
(0, 78, 'FLU', 12, ''),
(0, 1455, '01', 577, ''),
(0, 1456, '01', 336, ''),
(0, 14, '06', 11, ''),
(0, 1169, '03', 537, ''),
(0, 854, 'NC', 637, ''),
(0, 1457, '01', 705, ''),
(0, 294, 'RL', 787, ''),
(0, 1458, '01', 200, ''),
(0, 506, 'RH', 11, ''),
(0, 1100, 'LB', 177, ''),
(0, 90, '03', 707, ''),
(0, 1092, '05', 404, ''),
(0, 1100, '01', 177, ''),
(0, 1459, '01', 203, ''),
(0, 1213, 'RC', 211, ''),
(0, 53, '18', 752, ''),
(0, 502, '01', 595, ''),
(0, 854, '01', 637, ''),
(0, 1460, '01', 302, ''),
(0, 1165, '01', 11, ''),
(0, 1171, '99', 759, ''),
(0, 1461, 'B', 843, ''),
(0, 25, '01', 796, ''),
(0, 27, 'FM', 13, ''),
(0, 649, '17', 32, ''),
(0, 685, 'C', 780, ''),
(0, 1112, '01', 11, ''),
(0, 1201, '01', 79, ''),
(0, 1462, '01', 570, ''),
(0, 9, '07', 381, ''),
(0, 294, 'G', 769, ''),
(0, 1463, '01', 39, ''),
(0, 1464, '01', 92, ''),
(0, 1465, '01', 550, ''),
(0, 1276, '21', 557, ''),
(0, 303, '02', 640, ''),
(0, 1221, '01', 130, ''),
(0, 20, 'LP', 11, ''),
(0, 1466, '01', 114, ''),
(0, 23, '12', 349, ''),
(0, 580, 'R', 257, ''),
(0, 1419, 'RB', 188, ''),
(0, 272, '04', 265, ''),
(0, 1237, '03', 301, ''),
(0, 1449, 'B', 191, ''),
(0, 712, '08', 757, ''),
(0, 1135, '01', 11, ''),
(0, 31, 'RA', 785, ''),
(0, 1034, '18', 149, ''),
(0, 1467, '15', 557, ''),
(0, 1163, '01', 566, ''),
(0, 308, '01', 508, ''),
(0, 751, '01', 485, ''),
(0, 1468, 'A', 767, ''),
(0, 1398, 'B', 830, ''),
(0, 1469, '01', 64, ''),
(0, 1288, 'A', 589, ''),
(0, 520, 'D', 844, ''),
(0, 27, 'FH', 11, ''),
(0, 331, 'FLY', 12, ''),
(0, 1091, 'LE', 11, ''),
(0, 1470, '01', 727, ''),
(0, 1471, '01', 311, ''),
(0, 909, '01', 241, ''),
(0, 1472, '01', 540, ''),
(0, 18, 'FGJ', 299, ''),
(0, 133, '01', 150, ''),
(0, 1473, '01', 825, ''),
(0, 476, 'FLK', 12, ''),
(0, 1242, '04', 308, ''),
(0, 271, 'FM', 13, ''),
(0, 87, '04', 1, ''),
(0, 1432, '01', 839, ''),
(0, 1299, '02', 821, ''),
(0, 1474, '02', 579, ''),
(0, 1285, '01', 649, ''),
(0, 20, 'RB', 11, ''),
(0, 1166, '23', 651, ''),
(0, 15, 'B', 481, ''),
(0, 306, '01', 640, ''),
(0, 783, '01', 598, ''),
(0, 16, 'A', 520, ''),
(0, 188, 'FGB', 299, ''),
(0, 78, 'FLP', 12, ''),
(0, 1475, '01', 563, ''),
(0, 381, '01', 21, ''),
(0, 1476, '01', 569, ''),
(0, 264, '01', 618, ''),
(0, 1477, '01', 50, ''),
(0, 1478, '01', 179, ''),
(0, 23, '10', 343, ''),
(0, 1304, 'FLT', 12, ''),
(0, 852, 'CE', 130, ''),
(0, 233, 'NC', 647, ''),
(0, 1170, '01', 73, ''),
(0, 212, '11', 845, ''),
(0, 406, '01', 11, ''),
(0, 1449, 'D', 193, ''),
(0, 23, '30', 370, ''),
(0, 1479, '01', 2, ''),
(0, 187, 'RC', 262, ''),
(0, 9, '09', 383, ''),
(0, 1089, '01', 254, ''),
(0, 1174, 'B', 195, ''),
(0, 70, 'FMF', 13, ''),
(0, 102, 'RJ', 785, ''),
(0, 271, 'FLQ', 12, ''),
(0, 1256, '01', 808, ''),
(0, 1125, 'RA', 124, ''),
(0, 1014, 'CS', 457, ''),
(0, 1480, '01', 44, ''),
(0, 1481, '02', 693, ''),
(0, 1091, 'LC', 11, ''),
(0, 1482, '01', 750, ''),
(0, 96, 'LN', 171, ''),
(0, 752, '01', 483, ''),
(0, 331, 'FLS', 12, ''),
(0, 1483, '01', 207, ''),
(0, 1484, '01', 252, ''),
(0, 802, '01', 84, ''),
(0, 1101, '01', 77, ''),
(0, 1387, 'RE', 11, ''),
(0, 1485, '01', 313, ''),
(0, 1092, '19', 14, ''),
(0, 609, '02', 215, ''),
(0, 454, '04', 828, ''),
(0, 102, 'RM', 785, ''),
(0, 74, '26', 846, ''),
(0, 1218, '03', 417, ''),
(0, 23, '29', 367, ''),
(0, 1197, 'LB', 122, ''),
(0, 1486, '01', 578, ''),
(0, 16, 'C', 523, ''),
(0, 1091, 'LG', 11, ''),
(0, 45, 'RB', 11, ''),
(0, 1487, '02', 239, ''),
(0, 1488, '01', 280, ''),
(0, 212, '01', 100, ''),
(0, 1489, '01', 748, ''),
(0, 1490, '01', 11, ''),
(0, 126, '01', 269, ''),
(0, 1491, '01', 706, ''),
(0, 294, 'RJ', 787, ''),
(0, 1492, 'WA', 11, ''),
(0, 1493, '01', 418, ''),
(0, 1180, 'B', 754, ''),
(0, 916, '02', 700, ''),
(0, 23, '31', 11, ''),
(0, 53, '09', 28, ''),
(0, 331, 'FLX', 12, ''),
(0, 1494, '01', 2, ''),
(0, 1495, 'A', 664, ''),
(0, 1496, '01', 544, ''),
(0, 845, '01', 565, ''),
(0, 652, 'D', 134, ''),
(0, 437, '03', 466, ''),
(0, 1222, 'B', 140, ''),
(0, 1497, '01', 127, ''),
(0, 1241, '02', 290, ''),
(0, 516, '03', 305, ''),
(0, 1097, '06', 526, ''),
(0, 484, '01', 634, ''),
(0, 1165, '06', 537, ''),
(0, 85, 'D', 453, ''),
(0, 1498, '01', 829, ''),
(0, 102, 'C', 780, ''),
(0, 262, '04', 613, ''),
(0, 1105, '01', 569, ''),
(0, 1499, 'A', 11, ''),
(0, 1091, 'LZ', 11, ''),
(0, 1132, '01', 212, ''),
(0, 41, '01', 165, ''),
(0, 102, 'D', 780, ''),
(0, 939, '01', 240, ''),
(0, 1500, 'CE', 847, ''),
(0, 1237, '04', 310, ''),
(0, 1501, '01', 198, ''),
(0, 1502, 'A', 532, ''),
(0, 294, 'RB', 787, ''),
(0, 1237, '01', 848, ''),
(0, 1212, 'CEE', 11, ''),
(0, 484, 'N2', 634, ''),
(0, 1503, '01', 206, ''),
(0, 1504, '01', 813, ''),
(0, 233, '01', 647, ''),
(0, 1505, '01', 612, ''),
(0, 9, '05', 380, ''),
(0, 1166, '05', 31, ''),
(0, 1506, '01', 237, ''),
(0, 787, 'S', 459, ''),
(0, 940, 'FLQ', 12, ''),
(0, 629, 'NC', 632, ''),
(0, 1222, '01', 140, ''),
(0, 1154, '01', 403, ''),
(0, 1317, '02', 849, ''),
(0, 1507, '01', 420, ''),
(0, 163, 'S', 442, ''),
(0, 1166, '08', 563, ''),
(0, 294, 'D', 766, ''),
(0, 16, 'E', 523, ''),
(0, 18, 'FGO', 299, ''),
(0, 126, '02', 271, ''),
(0, 1508, '01', 203, ''),
(0, 1256, 'RH', 11, ''),
(0, 145, '07', 11, ''),
(0, 1509, '1', 420, ''),
(0, 1119, '01', 705, ''),
(0, 1510, '01', 570, ''),
(0, 1511, '01', 204, ''),
(0, 1245, 'C', 11, ''),
(0, 142, '02', 11, ''),
(0, 148, 'FLP', 12, ''),
(0, 625, '03', 506, ''),
(0, 625, '01', 506, ''),
(0, 1512, '01', 102, ''),
(0, 1513, '01', 80, ''),
(0, 1514, '01', 740, ''),
(0, 96, 'LZ', 171, ''),
(0, 1515, '01', 197, ''),
(0, 1419, 'RZ', 188, ''),
(0, 1516, '18', 554, ''),
(0, 1220, '01', 416, ''),
(0, 1131, '02', 24, ''),
(0, 272, '03', 266, ''),
(0, 212, '04', 91, ''),
(0, 1517, '01', 161, ''),
(0, 1518, '01', 11, ''),
(0, 96, 'LG', 171, ''),
(0, 382, 'RC', 11, ''),
(0, 1092, '17', 392, ''),
(0, 1519, '01', 11, ''),
(0, 1115, 'LD', 42, ''),
(0, 31, 'RF', 785, ''),
(0, 718, '01', 481, ''),
(0, 1520, '01', 850, ''),
(0, 178, 'D', 11, ''),
(0, 1190, 'A', 791, ''),
(0, 1521, '01', 170, ''),
(0, 458, '01', 800, ''),
(0, 1387, 'RD', 11, ''),
(0, 1104, '01', 133, ''),
(0, 1522, '01', 626, ''),
(0, 1167, 'B', 194, ''),
(0, 1523, 'CHE', 68, ''),
(0, 376, '02', 215, ''),
(0, 1524, '01', 45, ''),
(0, 536, '04', 288, ''),
(0, 20, 'LF', 11, ''),
(0, 1252, '08', 784, ''),
(0, 96, 'LK', 171, ''),
(0, 1525, '01', 851, ''),
(0, 1408, 'A', 35, ''),
(0, 1126, '01', 629, ''),
(0, 1091, 'LX', 11, ''),
(0, 23, '35', 11, ''),
(0, 506, 'RJ', 11, ''),
(0, 86, '01', 11, ''),
(0, 527, 'B', 648, ''),
(0, 1526, '01', 544, ''),
(0, 1474, '14', 579, ''),
(0, 1091, 'RA', 11, ''),
(0, 1204, 'LA', 11, ''),
(0, 85, 'B', 453, ''),
(0, 96, 'LM', 171, ''),
(0, 1245, 'F', 11, ''),
(0, 23, '15', 355, ''),
(0, 56, 'F', 777, ''),
(0, 1527, '01', 116, ''),
(0, 53, '07', 24, ''),
(0, 1235, '01', 22, ''),
(0, 102, 'RC', 785, ''),
(0, 1528, '01', 305, ''),
(0, 977, 'FP', 538, ''),
(0, 187, 'RP', 262, ''),
(0, 1128, '07', 789, ''),
(0, 309, '02', 328, ''),
(0, 506, '01', 581, ''),
(0, 517, '01', 608, ''),
(0, 28, 'FLN', 12, ''),
(0, 1529, '01', 546, ''),
(0, 1091, 'LI', 11, ''),
(0, 936, '01', 11, ''),
(0, 1530, '01', 412, ''),
(0, 102, 'E', 782, ''),
(0, 602, 'B', 523, ''),
(0, 148, 'FMB', 13, ''),
(0, 1531, '01', 183, ''),
(0, 522, '01', 503, ''),
(0, 28, 'TC', 11, ''),
(0, 1532, '01', 554, ''),
(0, 1533, '06', 11, ''),
(0, 31, 'C', 774, ''),
(0, 85, '01', 453, ''),
(0, 485, '04', 289, ''),
(0, 78, 'FLQ', 12, ''),
(0, 211, 'RD', 529, ''),
(0, 1534, '01', 75, ''),
(0, 1535, '01', 11, ''),
(0, 78, 'FM', 13, ''),
(0, 1536, 'EE1', 325, ''),
(0, 1091, 'LR', 11, ''),
(0, 96, 'LP', 171, ''),
(0, 23, '17', 357, ''),
(0, 684, '01', 387, ''),
(0, 1537, '01', 594, ''),
(0, 1538, 'HT', 202, ''),
(0, 85, 'A', 453, ''),
(0, 1539, '01', 464, ''),
(0, 432, '01', 645, ''),
(0, 424, '02', 22, ''),
(0, 1088, '01', 610, ''),
(0, 1123, '01', 479, ''),
(0, 1091, 'LJ', 11, ''),
(0, 1540, '01', 219, ''),
(0, 542, '01', 60, ''),
(0, 1541, 'A', 566, ''),
(0, 1542, '01', 623, ''),
(0, 1090, '01', 377, ''),
(0, 271, 'FLK', 12, ''),
(0, 1543, '01', 196, ''),
(0, 411, 'AS', 802, ''),
(0, 87, '02', 1, ''),
(0, 1544, '01', 181, ''),
(0, 1091, 'LQ', 11, ''),
(0, 303, '01', 634, ''),
(0, 1128, '08', 784, ''),
(0, 685, 'A', 785, ''),
(0, 1545, 'FLK', 12, ''),
(0, 1546, '01', 90, ''),
(0, 31, 'RG', 785, ''),
(0, 1547, '01', 852, ''),
(0, 1548, '01', 536, ''),
(0, 1549, 'A', 537, ''),
(0, 410, '04', 613, ''),
(0, 73, '01', 116, ''),
(0, 660, 'A', 489, ''),
(0, 367, 'A', 711, ''),
(0, 79, 'RA', 807, ''),
(0, 96, 'LT', 171, ''),
(0, 1550, '01', 240, ''),
(0, 187, 'RJ', 262, ''),
(0, 1073, 'FLM', 12, ''),
(0, 297, '01', 11, ''),
(0, 9, '10', 383, ''),
(0, 1551, '01', 2, ''),
(0, 211, 'C', 529, ''),
(0, 1096, 'LH', 324, ''),
(0, 20, 'LI', 11, ''),
(0, 1552, '01', 615, ''),
(0, 223, '01', 322, ''),
(0, 107, '05', 11, ''),
(0, 1146, 'A', 38, ''),
(0, 1115, '01', 42, ''),
(0, 1145, '02', 16, ''),
(0, 1553, '01', 94, ''),
(0, 1554, '01', 200, ''),
(0, 45, 'RC', 11, ''),
(0, 1555, '01', 853, ''),
(0, 4, '04', 159, ''),
(0, 148, 'FPE', 538, ''),
(0, 545, '03', 482, ''),
(0, 1053, 'A', 854, ''),
(0, 638, '01', 11, ''),
(0, 1556, '01', 11, ''),
(0, 1190, 'C', 576, ''),
(0, 1557, '01', 398, ''),
(0, 626, '02', 235, ''),
(0, 1558, '1', 595, ''),
(0, 148, 'FMC', 13, ''),
(0, 1559, '01', 753, ''),
(0, 1560, '01', 548, ''),
(0, 1561, '01', 226, ''),
(0, 267, '01', 11, ''),
(0, 1562, 'FLM', 12, ''),
(0, 1134, 'RE', 205, ''),
(0, 1563, '09', 553, ''),
(0, 536, '03', 268, ''),
(0, 454, '02', 743, ''),
(0, 431, '04', 617, ''),
(0, 1149, 'R', 11, ''),
(0, 476, 'FP', 538, ''),
(0, 309, '03', 329, ''),
(0, 1564, 'A', 854, ''),
(0, 341, '20', 563, ''),
(0, 825, '02', 42, ''),
(0, 193, '03', 629, ''),
(0, 1565, '01', 417, ''),
(0, 1075, 'FLU', 12, ''),
(0, 1566, '01', 183, ''),
(0, 72, '08', 677, ''),
(0, 1567, '01', 131, ''),
(0, 829, 'RA', 298, ''),
(0, 53, '14', 258, ''),
(0, 1568, '01', 410, ''),
(0, 520, 'C', 660, ''),
(0, 188, 'FLK', 12, ''),
(0, 1228, '01', 714, ''),
(0, 1071, '13', 34, ''),
(0, 1569, '01', 402, ''),
(0, 1091, 'RB', 11, ''),
(0, 1096, 'LL', 324, ''),
(0, 1570, '01', 300, ''),
(0, 1158, '02', 11, ''),
(0, 529, '01', 263, ''),
(0, 1366, '02', 627, ''),
(0, 1571, 'FH', 11, ''),
(0, 1572, '01', 203, ''),
(0, 294, 'RG', 787, ''),
(0, 52, '09', 11, ''),
(0, 772, '01', 595, ''),
(0, 13, '01', 257, ''),
(0, 242, '02', 212, ''),
(0, 1573, '01', 31, ''),
(0, 1139, '01', 11, ''),
(0, 72, '05', 676, ''),
(0, 70, 'FM', 13, ''),
(0, 55, '01', 275, ''),
(0, 1166, '09', 631, ''),
(0, 1574, '01', 546, ''),
(0, 942, '01', 515, ''),
(0, 1575, '01', 185, ''),
(0, 598, '01', 855, ''),
(0, 1279, 'A', 856, ''),
(0, 498, '01', 749, ''),
(0, 53, '10', 20, ''),
(0, 1205, 'RG', 11, ''),
(0, 1256, 'RF', 11, ''),
(0, 1545, '01', 54, ''),
(0, 1576, '01', 211, ''),
(0, 1577, '01', 321, ''),
(0, 479, 'NC', 40, ''),
(0, 1100, 'LD', 177, ''),
(0, 331, 'FLK', 12, ''),
(0, 229, 'FGB', 299, ''),
(0, 1258, 'RC', 565, ''),
(0, 1578, '01', 636, ''),
(0, 1579, '01', 253, ''),
(0, 124, 'RG', 776, ''),
(0, 71, 'A', 500, ''),
(0, 517, '02', 607, ''),
(0, 1166, '19', 806, ''),
(0, 501, '01', 704, ''),
(0, 23, '26', 11, ''),
(0, 294, 'RK', 787, ''),
(0, 1580, '01', 575, ''),
(0, 42, '01', 237, ''),
(0, 4, '06', 11, ''),
(0, 1581, '37', 553, ''),
(0, 72, '10', 685, ''),
(0, 1582, '01', 139, ''),
(0, 1091, 'LH', 11, ''),
(0, 20, 'LK', 11, ''),
(0, 355, '01', 116, ''),
(0, 53, '04', 16, ''),
(0, 982, 'FLK', 11, ''),
(0, 45, 'LB', 11, ''),
(0, 1182, '01', 162, ''),
(0, 314, 'RD', 11, ''),
(0, 174, 'C', 857, ''),
(0, 1117, 'L1', 624, ''),
(0, 79, 'RD', 11, ''),
(0, 1583, '01', 178, ''),
(0, 187, 'RK', 262, ''),
(0, 1242, '02', 797, ''),
(0, 1584, '01', 575, ''),
(0, 1096, 'LK', 324, ''),
(0, 212, '05', 835, ''),
(0, 314, 'RE', 11, ''),
(0, 908, '01', 26, ''),
(0, 74, '19', 858, ''),
(0, 27, 'FP', 538, ''),
(0, 1585, '01', 543, ''),
(0, 1115, 'LE', 42, ''),
(0, 96, 'LH', 171, ''),
(0, 1586, '01', 399, ''),
(0, 1587, '01', 548, ''),
(0, 1160, 'AR', 132, ''),
(0, 1152, '01', 716, ''),
(0, 873, '01', 730, ''),
(0, 1117, 'L4', 624, ''),
(0, 517, '03', 842, ''),
(0, 46, 'RE', 280, ''),
(0, 79, 'RC', 807, ''),
(0, 516, '01', 559, ''),
(0, 1387, '01', 716, ''),
(0, 1588, '01', 540, ''),
(0, 53, '01', 25, ''),
(0, 31, 'F', 783, ''),
(0, 276, 'TCB', 11, ''),
(0, 684, '02', 387, ''),
(0, 303, 'N2', 640, ''),
(0, 1589, '01', 396, ''),
(0, 81, '02', 333, ''),
(0, 20, 'LE', 11, ''),
(0, 1092, '02', 389, ''),
(0, 96, 'LQ', 171, ''),
(0, 286, '02', 386, ''),
(0, 710, '01', 285, ''),
(0, 1590, '01', 202, ''),
(0, 495, '01', 11, ''),
(0, 1591, '01', 392, ''),
(0, 616, '02', 295, ''),
(0, 148, 'FPA', 538, ''),
(0, 1592, '01', 565, ''),
(0, 241, 'C', 527, ''),
(0, 23, '02', 340, ''),
(0, 188, 'FLM', 12, ''),
(0, 1593, '01', 544, ''),
(0, 1128, '05', 782, ''),
(0, 294, 'F', 768, ''),
(0, 1594, '01', 42, ''),
(0, 1176, 'C', 534, ''),
(0, 1595, '01', 859, ''),
(0, 1091, 'RD', 11, ''),
(0, 259, '01', 41, ''),
(0, 1596, '01', 26, ''),
(0, 1597, '01', 576, ''),
(0, 1598, '01', 318, ''),
(0, 262, '03', 613, ''),
(0, 1130, '01', 45, ''),
(0, 78, 'FLN', 12, ''),
(0, 1173, '01', 701, ''),
(0, 1166, '16', 640, ''),
(0, 1233, '01', 317, ''),
(0, 18, 'FGM', 299, ''),
(0, 1128, '02', 785, ''),
(0, 1599, '01', 403, ''),
(0, 148, 'FMA', 13, ''),
(0, 1600, 'B', 182, ''),
(0, 1601, '01', 93, ''),
(0, 1131, '01', 24, ''),
(0, 23, '25', 358, ''),
(0, 1285, 'LA', 632, ''),
(0, 1347, 'RB', 41, ''),
(0, 53, '03', 22, ''),
(0, 1252, '02', 785, ''),
(0, 843, '01', 627, ''),
(0, 1191, '08', 534, ''),
(0, 1487, '01', 239, ''),
(0, 602, 'C', 524, ''),
(0, 148, 'FPB', 538, ''),
(0, 1602, '01', 669, ''),
(0, 411, 'BS', 444, ''),
(0, 764, '01', 11, ''),
(0, 1207, '01', 11, ''),
(0, 1603, '01', 674, ''),
(0, 1604, '01', 860, ''),
(0, 1092, '15', 407, ''),
(0, 96, 'RC', 171, ''),
(0, 381, '26', 11, ''),
(0, 1115, 'LC', 42, ''),
(0, 713, '01', 634, ''),
(0, 23, '06', 345, ''),
(0, 353, 'N1', 641, ''),
(0, 296, 'S', 11, ''),
(0, 1605, '01', 466, ''),
(0, 1606, '01', 167, ''),
(0, 424, '06', 15, ''),
(0, 1103, '02', 861, ''),
(0, 994, '01', 261, ''),
(0, 1607, '02', 410, ''),
(0, 1218, '01', 415, ''),
(0, 1608, '01', 46, ''),
(0, 314, 'RC', 11, ''),
(0, 70, 'FMC', 13, ''),
(0, 1209, '01', 742, ''),
(0, 1165, '08', 2, ''),
(0, 384, 'B', 524, ''),
(0, 248, '01', 251, ''),
(0, 1609, '01', 201, ''),
(0, 271, 'FLP', 12, ''),
(0, 383, '01', 11, ''),
(0, 1252, '04', 776, ''),
(0, 1094, '01', 737, ''),
(0, 1107, '01', 205, ''),
(0, 1610, 'A', 566, ''),
(0, 1100, 'LL', 177, ''),
(0, 1611, '01', 150, ''),
(0, 1227, '01', 391, ''),
(0, 389, '02', 602, ''),
(0, 1177, '01', 619, ''),
(0, 362, 'C', 739, ''),
(0, 16, 'B', 521, ''),
(0, 708, '01', 510, ''),
(0, 20, 'LG', 11, ''),
(0, 1051, '01', 123, ''),
(0, 1097, '05', 537, ''),
(0, 602, 'RE', 529, ''),
(0, 1612, '01', 682, ''),
(0, 494, '07', 467, ''),
(0, 1613, '01', 120, ''),
(0, 1614, '01', 546, ''),
(0, 188, 'FLW', 12, ''),
(0, 1191, '05', 537, ''),
(0, 1615, '01', 282, ''),
(0, 1616, '01', 596, ''),
(0, 938, '01', 517, ''),
(0, 1100, 'LN', 177, ''),
(0, 241, 'D', 528, ''),
(0, 1120, '01', 799, ''),
(0, 1617, '01', 209, ''),
(0, 1271, '01', 685, ''),
(0, 1165, '07', 545, ''),
(0, 1618, '01', 626, ''),
(0, 1619, 'LA', 121, ''),
(0, 1240, '03', 241, ''),
(0, 95, '01', 73, ''),
(0, 1620, '05', 11, ''),
(0, 1621, '01', 306, ''),
(0, 1622, '01', 312, ''),
(0, 1623, '01', 21, ''),
(0, 178, 'A', 11, ''),
(0, 1624, '01', 640, ''),
(0, 212, '06', 90, ''),
(0, 953, '01', 213, ''),
(0, 1449, 'A', 191, ''),
(0, 1104, 'RA', 133, ''),
(0, 1625, 'A', 667, ''),
(0, 123, '02', 374, ''),
(0, 1626, '01', 11, ''),
(0, 1149, 'LL', 56, ''),
(0, 223, 'IP', 862, ''),
(0, 1627, '01', 302, ''),
(0, 1097, '04', 520, ''),
(0, 188, 'FLU', 12, ''),
(0, 1628, '01', 322, ''),
(0, 1629, '01', 544, ''),
(0, 609, '01', 604, ''),
(0, 1630, '06', 467, ''),
(0, 1239, '01', 651, ''),
(0, 23, '01', 339, ''),
(0, 187, 'RF', 262, ''),
(0, 1238, '01', 811, ''),
(0, 1089, '03', 11, ''),
(0, 1631, '01', 202, ''),
(0, 52, '01', 213, ''),
(0, 440, '07', 33, ''),
(0, 1632, '01', 590, ''),
(0, 23, '07', 346, ''),
(0, 20, 'LB', 11, ''),
(0, 768, 'NC', 633, ''),
(0, 1633, 'ME2', 628, ''),
(0, 20, 'LM', 11, ''),
(0, 1279, 'B', 856, ''),
(0, 1634, '01', 709, ''),
(0, 1635, '01', 651, ''),
(0, 124, 'E', 779, ''),
(0, 1636, '01', 327, ''),
(0, 1165, '10', 570, ''),
(0, 1091, 'LD', 11, ''),
(0, 145, '05', 11, ''),
(0, 1181, '01', 11, ''),
(0, 102, 'XB', 781, ''),
(0, 664, '01', 281, ''),
(0, 1229, 'LC', 11, ''),
(0, 445, 'CE', 333, ''),
(0, 1144, '03', 11, ''),
(0, 1185, '01', 615, ''),
(0, 262, '01', 216, ''),
(0, 1271, '02', 688, ''),
(0, 31, 'D', 783, ''),
(0, 1637, '01', 11, ''),
(0, 155, '01', 237, ''),
(0, 1167, 'C', 195, ''),
(0, 141, '01', 11, ''),
(0, 577, '02', 155, ''),
(0, 1638, '01', 542, ''),
(0, 1237, '02', 302, ''),
(0, 506, 'RE', 11, ''),
(0, 1168, '01', 11, ''),
(0, 1166, '04', 14, ''),
(0, 1202, '01', 394, ''),
(0, 294, 'RE', 787, ''),
(0, 9, '03', 379, ''),
(0, 1190, 'B', 790, ''),
(0, 1166, '07', 563, ''),
(0, 188, 'FOB', 11, ''),
(0, 188, 'FLS', 12, ''),
(0, 394, '01', 11, ''),
(0, 1025, '01', 485, ''),
(0, 212, '03', 113, ''),
(0, 825, '01', 42, ''),
(0, 1279, 'C', 36, ''),
(0, 732, 'FL', 12, ''),
(0, 1013, '02', 11, ''),
(0, 39, 'A', 522, ''),
(0, 199, 'A', 486, ''),
(0, 1373, '02', 177, ''),
(0, 331, 'FH', 11, ''),
(0, 1052, '02', 635, ''),
(0, 1639, '01', 695, ''),
(0, 188, 'FLV', 12, ''),
(0, 1392, 'B', 194, ''),
(0, 378, 'L1', 638, ''),
(0, 494, '04', 863, ''),
(0, 622, '01', 388, ''),
(0, 1096, 'LE', 324, ''),
(0, 1225, 'LB', 185, ''),
(0, 53, '15', 563, ''),
(0, 1640, 'CS', 101, ''),
(0, 671, '01', 224, ''),
(0, 1562, '01', 70, ''),
(0, 1289, 'LA', 11, ''),
(0, 256, '01', 852, ''),
(0, 148, 'FPC', 538, ''),
(0, 1091, 'RE', 11, ''),
(0, 174, 'A', 857, ''),
(0, 1142, 'L3', 423, ''),
(0, 4, '03', 11, ''),
(0, 211, 'A', 520, ''),
(0, 53, '16', 563, ''),
(0, 14, '03', 242, ''),
(0, 1641, '01', 33, ''),
(0, 1642, 'FL', 12, ''),
(0, 1229, '01', 692, ''),
(0, 230, '01', 592, ''),
(0, 204, '01', 389, ''),
(0, 102, 'B', 786, ''),
(0, 1097, '08', 534, ''),
(0, 1643, '01', 11, ''),
(0, 1188, '01', 255, ''),
(0, 4, '01', 155, ''),
(0, 1166, '01', 14, ''),
(0, 1183, 'RC', 41, ''),
(0, 1644, '01', 18, ''),
(0, 1645, '01', 11, ''),
(0, 1646, '01', 755, ''),
(0, 1647, '01', 575, ''),
(0, 79, '01', 807, ''),
(0, 262, '02', 612, ''),
(0, 277, '01', 642, ''),
(0, 1648, '05', 556, ''),
(0, 1137, '01', 620, ''),
(0, 331, 'FM', 13, ''),
(0, 22, '01', 864, ''),
(0, 1145, '01', 407, ''),
(0, 131, '01', 11, ''),
(0, 1205, 'RA', 11, ''),
(0, 1649, '01', 307, ''),
(0, 31, 'RC', 785, ''),
(0, 229, 'FMB', 13, ''),
(0, 18, 'FGG', 299, ''),
(0, 1179, '01', 464, ''),
(0, 1650, '01', 140, ''),
(0, 1138, '01', 544, ''),
(0, 1167, 'A', 194, ''),
(0, 1097, '03', 535, ''),
(0, 503, '01', 509, ''),
(0, 1651, '01', 198, ''),
(0, 1652, '01', 575, ''),
(0, 69, 'A', 782, ''),
(0, 1653, '01', 542, ''),
(0, 875, '01', 667, ''),
(0, 1654, '1', 323, ''),
(0, 88, 'NC', 11, ''),
(0, 1319, 'A', 711, ''),
(0, 96, 'RH', 171, ''),
(0, 1655, '01', 199, ''),
(0, 53, '05', 18, ''),
(0, 694, '01', 73, ''),
(0, 1188, '02', 242, ''),
(0, 1656, '01', 752, ''),
(0, 1134, 'RB', 205, ''),
(0, 1174, 'D', 196, ''),
(0, 1657, '29', 559, ''),
(0, 1658, '01', 74, ''),
(0, 1114, '01', 798, ''),
(0, 1192, '01', 698, ''),
(0, 327, 'RA', 11, ''),
(0, 271, 'FLS', 12, ''),
(0, 677, '01', 801, ''),
(0, 79, 'RE', 807, ''),
(0, 56, 'E', 770, ''),
(0, 1659, '01', 398, ''),
(0, 22, '02', 748, ''),
(0, 488, '01', 607, ''),
(0, 1128, '06', 783, ''),
(0, 1660, '01', 686, ''),
(0, 1661, '01', 631, ''),
(0, 1198, 'LA', 49, ''),
(0, 1141, 'B', 537, ''),
(0, 1142, 'L4', 423, ''),
(0, 314, '01', 702, ''),
(0, 1662, '01', 630, ''),
(0, 1663, '01', 865, ''),
(0, 1664, '01', 548, ''),
(0, 134, '01', 758, ''),
(0, 244, '01', 20, ''),
(0, 182, '01', 34, ''),
(0, 109, 'C', 585, ''),
(0, 211, 'RA', 529, ''),
(0, 1160, 'BCE', 132, ''),
(0, 1665, '01', 464, ''),
(0, 1252, '10', 576, ''),
(0, 1666, '14', 11, ''),
(0, 1134, 'RC', 205, ''),
(0, 1091, 'LB', 11, ''),
(0, 1667, '01', 594, ''),
(0, 1668, '01', 752, ''),
(0, 1669, '01', 11, ''),
(0, 1633, 'ME1', 170, ''),
(0, 891, '01', 11, ''),
(0, 70, 'FME', 13, ''),
(0, 404, '01', 758, ''),
(0, 1115, 'LA', 42, ''),
(0, 1176, 'B', 533, ''),
(0, 1141, 'A', 533, ''),
(0, 1670, '01', 315, ''),
(0, 990, '01', 483, ''),
(0, 583, '01', 728, ''),
(0, 1671, '01', 416, ''),
(0, 1149, 'LM', 56, ''),
(0, 75, 'A', 494, ''),
(0, 485, '03', 264, ''),
(0, 1161, '01', 221, ''),
(0, 1672, '01', 719, ''),
(0, 1673, '01', 752, ''),
(0, 1674, '01', 112, ''),
(0, 167, '01', 11, ''),
(0, 848, 'B', 866, ''),
(0, 1375, 'A', 588, ''),
(0, 101, '01', 11, ''),
(0, 381, '23', 21, ''),
(0, 331, 'FLW', 12, ''),
(0, 958, 'CS', 457, ''),
(0, 423, 'B', 211, ''),
(0, 1087, '01', 326, ''),
(0, 1071, '17', 765, ''),
(0, 1096, 'ECE', 324, ''),
(0, 96, 'LE', 171, ''),
(0, 1675, '01', 206, ''),
(0, 625, '02', 506, ''),
(0, 1156, '01', 543, ''),
(0, 1676, '01', 68, ''),
(0, 1232, '01', 165, ''),
(0, 1158, '01', 867, ''),
(0, 506, 'RB', 11, ''),
(0, 1677, '01', 39, ''),
(0, 506, 'RC', 11, ''),
(0, 1095, '17', 559, ''),
(0, 1199, '01', 201, ''),
(0, 188, 'FO', 11, ''),
(0, 23, '99', 11, ''),
(0, 1607, '01', 11, ''),
(0, 410, '05', 868, ''),
(0, 470, '01', 123, ''),
(0, 674, '01', 96, ''),
(0, 799, '01', 227, ''),
(0, 1034, '10', 157, ''),
(0, 1402, '02', 14, ''),
(0, 1678, '01', 20, ''),
(0, 1191, '04', 520, ''),
(0, 1160, 'AR2', 132, ''),
(0, 102, 'A', 779, ''),
(0, 1679, '01', 197, ''),
(0, 1106, '01', 388, ''),
(0, 1206, '01', 22, ''),
(0, 1680, '01', 635, ''),
(0, 1681, '01', 797, ''),
(0, 1682, '01', 588, ''),
(0, 1091, 'LV', 11, ''),
(0, 1240, '01', 258, ''),
(0, 187, 'RM', 262, ''),
(0, 1683, '01', 306, ''),
(0, 1149, 'LI', 56, ''),
(0, 1684, '01', 132, ''),
(0, 1218, '04', 42, ''),
(0, 272, '01', 278, ''),
(0, 642, '02', 656, ''),
(0, 23, '05', 344, ''),
(0, 1685, '01', 11, ''),
(0, 571, '01', 283, ''),
(0, 1144, '01', 11, ''),
(0, 1619, '01', 121, ''),
(0, 45, 'LF', 11, ''),
(0, 1165, '12', 566, ''),
(0, 45, 'LG', 11, ''),
(0, 96, '02', 171, ''),
(0, 1686, 'ME', 318, ''),
(0, 18, 'FGA', 299, ''),
(0, 331, 'FLP', 12, ''),
(0, 18, 'FGK', 299, ''),
(0, 598, '02', 331, ''),
(0, 1213, 'RA', 211, ''),
(0, 109, 'RB', 586, ''),
(0, 1687, '01', 869, ''),
(0, 1688, '01', 316, ''),
(0, 1689, 'WA', 11, ''),
(0, 1245, 'E', 11, ''),
(0, 1690, '19', 11, ''),
(0, 1408, 'D', 37, ''),
(0, 272, '02', 266, ''),
(0, 1128, '04', 776, ''),
(0, 1691, '01', 69, ''),
(0, 1536, 'EE2', 870, ''),
(0, 1692, '01', 182, ''),
(0, 722, '02', 284, ''),
(0, 1174, 'C', 195, ''),
(0, 1217, 'RA', 41, ''),
(0, 1693, '01', 35, ''),
(0, 387, '19', 713, ''),
(0, 1191, '02', 523, ''),
(0, 1251, '01', 26, ''),
(0, 286, '01', 386, ''),
(0, 6, '01', 55, ''),
(0, 1205, 'RD', 11, ''),
(0, 1694, '01', 540, ''),
(0, 241, 'RC', 529, ''),
(0, 1193, '01', 631, ''),
(0, 1108, '01', 213, ''),
(0, 22, '03', 736, ''),
(0, 1695, '01', 871, ''),
(0, 1096, 'LF', 324, ''),
(0, 23, '24', 363, ''),
(0, 1165, '05', 576, ''),
(0, 1052, '01', 649, ''),
(0, 1696, '01', 590, ''),
(0, 1098, '03', 558, ''),
(0, 215, 'BC', 337, ''),
(0, 1697, '01', 816, ''),
(0, 1231, '01', 810, ''),
(0, 485, '02', 270, ''),
(0, 581, '01', 422, ''),
(0, 1698, '01', 590, ''),
(0, 824, '01', 250, ''),
(0, 241, 'RA', 529, ''),
(0, 46, 'RB', 280, ''),
(0, 229, 'FGA', 299, ''),
(0, 178, 'B', 11, ''),
(0, 1699, '01', 682, ''),
(0, 246, '03', 466, ''),
(0, 271, 'FLM', 12, ''),
(0, 1187, '01', 79, ''),
(0, 360, '01', 717, ''),
(0, 1092, '06', 394, ''),
(0, 1700, '01', 492, ''),
(0, 1701, '02', 234, ''),
(0, 1702, '01', 219, ''),
(0, 424, '08', 15, ''),
(0, 1096, 'LC', 324, ''),
(0, 174, 'B', 872, ''),
(0, 1703, '01', 231, ''),
(0, 1704, '01', 151, ''),
(0, 1705, '01', 126, ''),
(0, 844, '01', 2, ''),
(0, 638, '02', 599, ''),
(0, 1706, '01', 306, ''),
(0, 374, '02', 335, ''),
(0, 209, '01', 384, ''),
(0, 1306, 'R', 39, ''),
(0, 437, '04', 23, ''),
(0, 1707, '45', 561, ''),
(0, 1100, 'LH', 177, ''),
(0, 580, '01', 257, ''),
(0, 1708, '01', 749, ''),
(0, 209, '02', 384, ''),
(0, 1407, 'LA', 832, ''),
(0, 1709, '01', 699, ''),
(0, 327, 'RB', 11, ''),
(0, 20, 'RZ', 11, ''),
(0, 1710, '01', 78, ''),
(0, 23, '33', 365, ''),
(0, 741, '01', 31, ''),
(0, 1711, '01', 570, ''),
(0, 109, 'A', 582, ''),
(0, 1118, '13', 564, ''),
(0, 506, 'RF', 11, ''),
(0, 331, 'FLQ', 12, ''),
(0, 1711, '02', 570, ''),
(0, 810, '01', 242, ''),
(0, 1297, 'A', 305, ''),
(0, 331, 'FHA', 11, ''),
(0, 1712, '01', 80, ''),
(0, 1713, '01', 682, ''),
(0, 212, '02', 11, ''),
(0, 271, 'FLR', 12, ''),
(0, 1714, '01', 873, ''),
(0, 1715, '01', 746, ''),
(0, 1184, '01', 242, ''),
(0, 1716, '01', 684, ''),
(0, 437, '02', 874, ''),
(0, 187, 'RG', 262, ''),
(0, 58, '01', 501, ''),
(0, 558, '01', 32, ''),
(0, 78, 'FLT', 11, ''),
(0, 1717, '01', 601, ''),
(0, 1718, '01', 253, ''),
(0, 520, 'A', 659, ''),
(0, 827, 'A', 482, ''),
(0, 1223, '05', 562, ''),
(0, 1633, 'ME3', 628, ''),
(0, 1091, 'LN', 11, ''),
(0, 737, '01', 298, ''),
(0, 1128, '12', 790, ''),
(0, 1719, '01', 462, ''),
(0, 1720, '01', 875, ''),
(0, 27, 'FL', 12, ''),
(0, 1204, 'RB', 11, ''),
(0, 75, 'B', 495, ''),
(0, 79, 'RF', 807, ''),
(0, 1258, 'RB', 11, ''),
(0, 311, '01', 218, ''),
(0, 1721, '01', 249, ''),
(0, 542, '07', 876, ''),
(0, 1097, '09', 529, ''),
(0, 1092, '01', 401, ''),
(0, 1088, '02', 604, ''),
(0, 1722, '01', 552, ''),
(0, 28, 'FLK', 12, ''),
(0, 276, 'TCD', 11, ''),
(0, 1097, '02', 523, ''),
(0, 746, '01', 562, ''),
(0, 78, 'FLS', 12, ''),
(0, 46, '01', 280, ''),
(0, 334, '04', 751, ''),
(0, 1141, 'F', 11, ''),
(0, 825, 'RCT', 42, ''),
(0, 1195, 'E', 576, ''),
(0, 1723, '01', 723, ''),
(0, 1098, 'RA', 11, ''),
(0, 1724, '01', 208, ''),
(0, 109, 'RC', 586, ''),
(0, 789, 'B', 150, ''),
(0, 1419, '01', 188, ''),
(0, 1262, '01', 37, ''),
(0, 1027, '01', 15, ''),
(0, 890, '01', 402, ''),
(0, 925, '01', 95, ''),
(0, 78, 'FLV', 12, ''),
(0, 56, 'D', 770, ''),
(0, 23, '09', 354, ''),
(0, 499, 'A', 786, ''),
(0, 1256, 'RD', 11, ''),
(0, 1487, '04', 240, ''),
(0, 52, '05', 223, ''),
(0, 362, '01', 739, ''),
(0, 787, 'AS', 458, ''),
(0, 1159, '01', 11, ''),
(0, 1197, '01', 122, ''),
(0, 294, 'B', 768, ''),
(0, 188, 'FLR', 12, ''),
(0, 1256, 'RA', 11, ''),
(0, 23, '19', 372, ''),
(0, 486, '01', 492, ''),
(0, 1166, '17', 641, ''),
(0, 1725, '01', 719, ''),
(0, 85, 'C', 453, ''),
(0, 187, 'RQ', 262, ''),
(0, 1726, '01', 57, ''),
(0, 1727, '01', 545, ''),
(0, 1728, '01', 237, ''),
(0, 1729, '01', 184, ''),
(0, 1059, 'S', 11, ''),
(0, 211, 'RE', 529, ''),
(0, 1730, '01', 276, ''),
(0, 124, 'RB', 776, ''),
(0, 1091, 'LU', 11, ''),
(0, 856, 'B', 594, ''),
(0, 1418, '03', 197, ''),
(0, 1731, '01', 655, ''),
(0, 1732, '01', 144, ''),
(0, 358, 'B', 11, ''),
(0, 1733, '01', 210, ''),
(0, 685, 'B', 780, ''),
(0, 1734, '01', 70, ''),
(0, 96, 'LU', 171, ''),
(0, 1735, 'WA', 11, ''),
(0, 13, 'R', 257, ''),
(0, 1136, '01', 801, ''),
(0, 722, '01', 11, '');
INSERT INTO `class_section` (`id`, `class_id`, `section`, `instructor_id`, `location`) VALUES
(0, 427, '01', 758, ''),
(0, 23, '27', 366, ''),
(0, 75, 'C', 496, ''),
(0, 1736, 'S', 877, ''),
(0, 96, 'RF', 171, ''),
(0, 1219, '01', 587, ''),
(0, 488, '04', 878, ''),
(0, 1091, 'LM', 11, ''),
(0, 271, 'FLU', 12, ''),
(0, 1205, 'RE', 11, ''),
(0, 1347, 'RA', 41, ''),
(0, 309, '01', 327, ''),
(0, 1054, '01', 96, ''),
(0, 1737, '01', 314, ''),
(0, 1127, '01', 306, ''),
(0, 1738, '01', 2, ''),
(0, 597, '01', 97, ''),
(0, 1739, '01', 464, ''),
(0, 107, '03', 11, ''),
(0, 20, '01', 11, ''),
(0, 1387, 'RB', 11, ''),
(0, 211, 'B', 531, ''),
(0, 72, '09', 679, ''),
(0, 1092, '14', 199, ''),
(0, 1166, '12', 638, ''),
(0, 1297, 'B', 539, ''),
(0, 250, '01', 153, ''),
(0, 241, 'RE', 529, ''),
(0, 6, 'R', 11, ''),
(0, 1092, '13', 388, ''),
(0, 192, '01', 84, ''),
(0, 1116, '01', 542, ''),
(0, 20, 'LR', 11, ''),
(0, 1740, '01', 874, ''),
(0, 437, '01', 462, ''),
(0, 812, '01', 633, ''),
(0, 1347, 'RC', 41, ''),
(0, 23, '04', 342, ''),
(0, 1630, '07', 467, ''),
(0, 1252, '01', 780, ''),
(0, 1169, '01', 566, ''),
(0, 1128, '11', 787, ''),
(0, 187, '01', 262, ''),
(0, 871, '01', 144, ''),
(0, 1741, '01', 874, ''),
(0, 1487, '03', 879, ''),
(0, 1100, 'LF', 177, ''),
(0, 1098, 'RC', 11, ''),
(0, 108, 'FLL', 12, ''),
(0, 1149, 'LB', 56, ''),
(0, 126, '04', 267, ''),
(0, 212, '08', 88, ''),
(0, 161, '01', 654, ''),
(0, 1742, 'LA', 67, ''),
(0, 1743, '01', 40, ''),
(0, 1091, 'LT', 11, ''),
(0, 1744, '01', 543, ''),
(0, 1140, '01', 302, ''),
(0, 1745, '01', 206, ''),
(0, 1164, '01', 690, ''),
(0, 219, 'A', 658, ''),
(0, 1746, '01', 594, ''),
(0, 1747, '01', 11, ''),
(0, 1009, '02', 560, ''),
(0, 45, '01', 689, ''),
(0, 1245, 'A', 11, ''),
(0, 96, 'RG', 171, ''),
(0, 1091, 'RR', 11, ''),
(0, 52, '06', 11, ''),
(0, 1042, '01', 199, ''),
(0, 425, '09', 719, ''),
(0, 123, '03', 376, ''),
(0, 1748, '01', 330, ''),
(0, 1418, '01', 534, ''),
(0, 484, 'N1', 634, ''),
(0, 124, 'ZZ', 11, ''),
(0, 223, 'BE', 319, ''),
(0, 294, 'RH', 787, ''),
(0, 1749, '01', 718, ''),
(0, 1204, 'RA', 173, ''),
(0, 1750, '01', 867, ''),
(0, 893, '01', 279, ''),
(0, 516, '04', 101, ''),
(0, 1751, '01', 468, ''),
(0, 1752, '01', 578, ''),
(0, 1225, 'LC', 185, ''),
(0, 102, 'RE', 785, ''),
(0, 1753, '01', 41, ''),
(0, 109, 'RA', 586, ''),
(0, 1398, 'R', 830, ''),
(0, 1166, '11', 636, ''),
(0, 855, '01', 692, ''),
(0, 74, '12', 713, ''),
(0, 1204, 'LD', 11, ''),
(0, 1754, '01', 313, ''),
(0, 1091, 'RC', 11, ''),
(0, 1755, '01', 77, ''),
(0, 431, '03', 605, ''),
(0, 1756, '01', 589, ''),
(0, 1757, '01', 46, ''),
(0, 45, 'LE', 11, ''),
(0, 276, 'TCC', 11, ''),
(0, 1180, 'A', 569, ''),
(0, 1758, '01', 575, ''),
(0, 102, 'RA', 785, ''),
(0, 1759, '01', 191, ''),
(0, 1121, '01', 637, ''),
(0, 1760, 'S', 11, ''),
(0, 1048, 'BT', 790, ''),
(0, 294, 'H', 769, ''),
(0, 99, '01', 491, ''),
(0, 378, '01', 638, ''),
(0, 1111, '01', 49, ''),
(0, 87, '01', 1, ''),
(0, 977, 'FM', 13, ''),
(0, 1162, '01', 593, ''),
(0, 1761, '01', 163, ''),
(0, 1149, 'LD', 56, ''),
(0, 321, '01', 648, ''),
(0, 96, 'LI', 171, ''),
(0, 1109, '01', 756, ''),
(0, 580, '02', 257, ''),
(0, 1222, 'C', 140, ''),
(0, 1742, '01', 67, ''),
(0, 124, 'A', 778, ''),
(0, 1380, '01', 209, ''),
(0, 1762, '01', 715, ''),
(0, 271, 'FLL', 12, ''),
(0, 128, 'A', 586, ''),
(0, 188, 'FLQ', 12, ''),
(0, 23, '32', 359, ''),
(0, 1178, '02', 40, ''),
(0, 124, 'RC', 776, ''),
(0, 1763, '01', 306, ''),
(0, 1764, '12', 880, ''),
(0, 101, 'NC', 11, ''),
(0, 1765, '01', 296, ''),
(0, 1766, '01', 30, ''),
(0, 108, 'FLK', 12, ''),
(0, 1092, '16', 402, ''),
(0, 1092, '12', 400, ''),
(0, 1767, '01', 851, ''),
(0, 891, '02', 11, ''),
(0, 1768, '01', 54, ''),
(0, 1205, '1', 157, ''),
(0, 432, 'NC', 645, ''),
(0, 1229, 'LB', 11, ''),
(0, 28, 'FLL', 12, ''),
(0, 102, 'RG', 785, ''),
(0, 374, '01', 334, ''),
(0, 33, 'CE', 338, ''),
(0, 642, '01', 881, ''),
(0, 506, 'RI', 11, ''),
(0, 211, 'RB', 529, ''),
(0, 1769, '01', 80, ''),
(0, 1770, '01', 733, ''),
(0, 744, '01', 500, ''),
(0, 1149, 'LE', 56, ''),
(0, 711, '01', 11, ''),
(0, 552, '01', 281, ''),
(0, 52, '04', 11, ''),
(0, 1701, '01', 234, ''),
(0, 1771, '01', 79, ''),
(0, 1245, 'B', 11, ''),
(0, 1387, 'RA', 11, ''),
(0, 1171, '29', 11, ''),
(0, 1772, '01', 41, ''),
(0, 229, 'FLK', 12, ''),
(0, 1773, '22', 554, ''),
(0, 949, '01', 32, ''),
(0, 314, 'RA', 11, ''),
(0, 1774, '01', 41, ''),
(0, 79, 'RB', 807, ''),
(0, 72, '06', 675, ''),
(0, 1100, 'LJ', 177, ''),
(0, 602, 'RA', 529, ''),
(0, 18, 'FGH', 299, ''),
(0, 1165, '09', 570, ''),
(0, 1191, '09', 529, ''),
(0, 542, '05', 73, ''),
(0, 90, '07', 703, ''),
(0, 675, '01', 11, ''),
(0, 178, '01', 88, ''),
(0, 74, '22', 805, ''),
(0, 1775, '01', 300, ''),
(0, 1093, 'CS', 11, ''),
(0, 188, 'FLL', 12, ''),
(0, 1776, '01', 587, ''),
(0, 732, 'TC', 11, ''),
(0, 527, 'A', 11, ''),
(0, 1096, 'LA', 324, ''),
(0, 186, '01', 275, ''),
(0, 1142, '01', 423, ''),
(0, 46, 'RF', 280, ''),
(0, 1777, '01', 83, ''),
(0, 1021, '01', 11, ''),
(0, 376, '04', 11, ''),
(0, 96, 'RA', 171, ''),
(0, 1146, 'B', 38, ''),
(0, 1092, '07', 396, ''),
(0, 230, '02', 591, ''),
(0, 211, 'RC', 529, ''),
(0, 1778, '01', 882, ''),
(0, 124, 'RF', 776, ''),
(0, 1779, '03', 751, ''),
(0, 23, '21', 360, ''),
(0, 1293, 'A', 539, ''),
(0, 1780, '01', 795, ''),
(0, 768, '01', 633, ''),
(0, 1333, 'FLP', 12, ''),
(0, 1061, '01', 498, ''),
(0, 831, '01', 759, ''),
(0, 884, '06', 11, ''),
(0, 1461, 'A', 2, ''),
(0, 1211, 'FM', 13, ''),
(0, 1781, '01', 11, ''),
(0, 1190, 'D', 784, ''),
(0, 370, '01', 883, ''),
(0, 9, '04', 380, ''),
(0, 361, '01', 516, ''),
(0, 1166, '03', 686, ''),
(0, 1205, 'RI', 11, ''),
(0, 1125, '01', 124, ''),
(0, 412, 'S', 456, ''),
(0, 1782, '01', 795, ''),
(0, 1448, '01', 884, ''),
(0, 1001, 'A', 499, ''),
(0, 476, 'FPC', 538, ''),
(0, 713, '02', 634, ''),
(0, 542, '03', 70, ''),
(0, 187, 'RR', 262, ''),
(0, 1091, 'LS', 11, ''),
(0, 571, '03', 296, ''),
(0, 1222, 'A', 140, ''),
(0, 1217, 'RC', 41, ''),
(0, 494, '06', 467, ''),
(0, 96, 'LC', 171, ''),
(0, 265, 'RCT', 208, ''),
(0, 23, '18', 375, ''),
(0, 1197, 'LA', 122, ''),
(0, 96, '01', 171, ''),
(0, 922, 'B', 489, ''),
(0, 102, 'XA', 778, ''),
(0, 892, '01', 620, ''),
(0, 188, 'FLN', 12, ''),
(0, 1097, '01', 533, ''),
(0, 1203, '01', 464, ''),
(0, 1165, '11', 258, ''),
(0, 18, 'FGE', 299, ''),
(0, 78, 'FLP', 12, ''),
(0, 1336, '01', 305, ''),
(0, 1220, '01', 416, ''),
(0, 501, '01', 704, ''),
(0, 39, 'D', 531, ''),
(0, 1387, 'RE', 11, ''),
(0, 1257, '23', 556, ''),
(0, 1327, '01', 238, ''),
(0, 1587, '01', 548, ''),
(0, 424, '06', 15, ''),
(0, 1166, '22', 640, ''),
(0, 31, 'RD', 785, ''),
(0, 229, 'FLK', 12, ''),
(0, 604, 'A', 482, ''),
(0, 96, 'LI', 171, ''),
(0, 1449, 'B', 191, ''),
(0, 499, 'A', 786, ''),
(0, 1244, 'C', 741, ''),
(0, 78, 'FP', 538, ''),
(0, 99, '01', 491, ''),
(0, 1132, '01', 212, ''),
(0, 46, 'RC', 280, ''),
(0, 1394, '01', 11, ''),
(0, 39, 'A', 522, ''),
(0, 229, 'FMA', 13, ''),
(0, 1273, 'R', 322, ''),
(0, 1165, '02', 39, ''),
(0, 1106, '01', 388, ''),
(0, 16, 'C', 523, ''),
(0, 789, 'B', 150, ''),
(0, 1493, '01', 418, ''),
(0, 1361, '01', 18, ''),
(0, 1149, 'LD', 56, ''),
(0, 1206, '01', 22, ''),
(0, 1127, '01', 306, ''),
(0, 211, 'RA', 529, ''),
(0, 1758, '01', 575, ''),
(0, 1499, 'A', 11, ''),
(0, 1484, '01', 252, ''),
(0, 1214, '01', 781, ''),
(0, 1424, '01', 515, ''),
(0, 1755, '01', 77, ''),
(0, 1237, '02', 302, ''),
(0, 1373, '04', 190, ''),
(0, 1242, '02', 797, ''),
(0, 1177, '01', 619, ''),
(0, 306, 'NC', 640, ''),
(0, 1256, 'RG', 11, ''),
(0, 1556, '01', 11, ''),
(0, 1384, '01', 161, ''),
(0, 958, 'CS', 457, ''),
(0, 571, '01', 283, ''),
(0, 1404, '01', 464, ''),
(0, 506, 'RF', 11, ''),
(0, 72, '03', 673, ''),
(0, 527, 'B', 648, ''),
(0, 145, '07', 11, ''),
(0, 1381, 'R', 62, ''),
(0, 929, 'A', 586, ''),
(0, 1284, '02', 551, ''),
(0, 1651, '01', 198, ''),
(0, 56, 'A', 773, ''),
(0, 1700, '01', 492, ''),
(0, 1621, '01', 306, ''),
(0, 410, '05', 868, ''),
(0, 96, 'RF', 171, ''),
(0, 212, '06', 90, ''),
(0, 212, '03', 113, ''),
(0, 1136, '01', 801, ''),
(0, 20, 'LI', 11, ''),
(0, 9, '07', 381, ''),
(0, 827, 'A', 482, ''),
(0, 1180, 'B', 754, ''),
(0, 1724, '01', 208, ''),
(0, 712, '10', 798, ''),
(0, 1144, '01', 11, ''),
(0, 18, 'FGK', 299, ''),
(0, 90, '03', 707, ''),
(0, 1660, '01', 686, ''),
(0, 188, 'FMB', 13, ''),
(0, 1196, '06', 808, ''),
(0, 25, '01', 796, ''),
(0, 1365, '01', 75, ''),
(0, 1590, '01', 202, ''),
(0, 23, '17', 357, ''),
(0, 615, '01', 511, ''),
(0, 765, '01', 732, ''),
(0, 124, 'RB', 776, ''),
(0, 625, '02', 506, ''),
(0, 41, '01', 165, ''),
(0, 1245, 'B', 11, ''),
(0, 1262, '02', 37, ''),
(0, 1319, 'RA', 711, ''),
(0, 87, '01', 1, ''),
(0, 1397, '01', 26, ''),
(0, 1115, 'LD', 42, ''),
(0, 516, '04', 101, ''),
(0, 1092, '14', 199, ''),
(0, 1487, '02', 239, ''),
(0, 1205, 'RJ', 11, ''),
(0, 1338, '01', 409, ''),
(0, 879, '01', 273, ''),
(0, 1466, '01', 114, ''),
(0, 142, '01', 11, ''),
(0, 331, 'FLY', 12, ''),
(0, 876, '01', 493, ''),
(0, 1738, '01', 2, ''),
(0, 1496, '01', 544, ''),
(0, 986, '01', 565, ''),
(0, 938, '01', 517, ''),
(0, 1649, '01', 307, ''),
(0, 1644, '01', 18, ''),
(0, 1682, '01', 588, ''),
(0, 381, '23', 21, ''),
(0, 46, '01', 280, ''),
(0, 96, 'RB', 171, ''),
(0, 891, '02', 11, ''),
(0, 602, 'RE', 529, ''),
(0, 1562, '01', 70, ''),
(0, 1631, '01', 202, ''),
(0, 124, 'D', 770, ''),
(0, 1440, '01', 114, ''),
(0, 1563, '09', 553, ''),
(0, 1222, 'B', 140, ''),
(0, 383, '01', 11, ''),
(0, 1371, '01', 289, ''),
(0, 70, 'FMF', 13, ''),
(0, 549, 'FLP', 12, ''),
(0, 1633, 'ME1', 170, ''),
(0, 1252, '01', 780, ''),
(0, 843, '01', 627, ''),
(0, 187, 'RP', 262, ''),
(0, 21, '01', 94, ''),
(0, 1512, '01', 102, ''),
(0, 1160, 'BR2', 132, ''),
(0, 829, 'RA', 298, ''),
(0, 9, '06', 381, ''),
(0, 1690, '19', 11, ''),
(0, 1130, '01', 45, ''),
(0, 990, '01', 483, ''),
(0, 411, 'AS', 802, ''),
(0, 1776, '01', 587, ''),
(0, 1398, 'A', 830, ''),
(0, 1042, '01', 199, ''),
(0, 1341, '01', 29, ''),
(0, 1584, '01', 575, ''),
(0, 1165, '11', 258, ''),
(0, 72, '09', 679, ''),
(0, 1498, '01', 829, ''),
(0, 1297, 'C', 541, ''),
(0, 1373, '02', 177, ''),
(0, 1205, 'RA', 11, ''),
(0, 1472, '01', 540, ''),
(0, 1165, '12', 566, ''),
(0, 1161, '01', 221, ''),
(0, 908, '01', 26, ''),
(0, 1429, '01', 282, ''),
(0, 1705, '01', 126, ''),
(0, 1734, '01', 70, ''),
(0, 485, '02', 270, ''),
(0, 1722, '01', 552, ''),
(0, 85, 'D', 453, ''),
(0, 256, '01', 852, ''),
(0, 1572, '01', 203, ''),
(0, 264, '01', 618, ''),
(0, 476, 'FLL', 12, ''),
(0, 1677, '01', 39, ''),
(0, 96, 'LM', 171, ''),
(0, 530, '01', 329, ''),
(0, 96, 'LQ', 171, ''),
(0, 128, 'A', 586, ''),
(0, 602, 'RA', 529, ''),
(0, 1774, '01', 41, ''),
(0, 1761, '01', 163, ''),
(0, 522, '01', 503, ''),
(0, 102, 'RH', 785, ''),
(0, 20, 'RC', 11, ''),
(0, 1340, '01', 109, ''),
(0, 479, '01', 40, ''),
(0, 1165, '06', 537, ''),
(0, 1351, '01', 59, ''),
(0, 1266, '01', 99, ''),
(0, 303, '02', 640, ''),
(0, 1205, '1', 157, ''),
(0, 1032, '01', 731, ''),
(0, 875, '01', 667, ''),
(0, 1071, '17', 765, ''),
(0, 1089, '04', 240, ''),
(0, 1731, '01', 655, ''),
(0, 27, 'FG', 299, ''),
(0, 1103, '01', 797, ''),
(0, 779, '01', 757, ''),
(0, 1445, 'A', 11, ''),
(0, 1298, '01', 756, ''),
(0, 1173, '01', 701, ''),
(0, 52, '01', 213, ''),
(0, 96, 'LO', 171, ''),
(0, 1167, 'B', 194, ''),
(0, 126, '01', 269, ''),
(0, 1117, 'L2', 624, ''),
(0, 1320, '01', 80, ''),
(0, 1244, 'A', 741, ''),
(0, 241, 'RA', 529, ''),
(0, 625, '01', 506, ''),
(0, 72, '08', 677, ''),
(0, 1168, '01', 11, ''),
(0, 1229, '01', 692, ''),
(0, 1197, 'LB', 122, ''),
(0, 732, 'FL', 12, ''),
(0, 783, '01', 598, ''),
(0, 1201, '01', 79, ''),
(0, 1530, '01', 412, ''),
(0, 778, '01', 32, ''),
(0, 1317, '03', 544, ''),
(0, 1541, 'A', 566, ''),
(0, 321, '01', 648, ''),
(0, 1278, '01', 508, ''),
(0, 55, '01', 275, ''),
(0, 1142, '01', 423, ''),
(0, 1256, 'RA', 11, ''),
(0, 250, '01', 153, ''),
(0, 1570, '01', 300, ''),
(0, 1091, 'LY', 11, ''),
(0, 270, '01', 505, ''),
(0, 1425, '01', 254, ''),
(0, 76, 'NC', 642, ''),
(0, 74, '03', 581, ''),
(0, 1598, '01', 318, ''),
(0, 347, '02', 744, ''),
(0, 107, '05', 11, ''),
(0, 657, '01', 648, ''),
(0, 1178, '01', 650, ''),
(0, 1165, '09', 570, ''),
(0, 1427, '35', 565, ''),
(0, 96, 'RE', 171, ''),
(0, 1586, '01', 399, ''),
(0, 1252, '12', 790, ''),
(0, 1174, 'A', 196, ''),
(0, 1469, '01', 64, ''),
(0, 1316, '01', 403, ''),
(0, 1508, '01', 203, ''),
(0, 23, '10', 343, ''),
(0, 1428, '01', 836, ''),
(0, 78, 'FLM', 12, ''),
(0, 1250, '01', 16, ''),
(0, 1307, 'RC', 211, ''),
(0, 102, 'RG', 785, ''),
(0, 506, 'RG', 11, ''),
(0, 1557, '01', 398, ''),
(0, 1579, '01', 253, ''),
(0, 1183, 'RB', 41, ''),
(0, 1096, 'LJ', 324, ''),
(0, 1426, '01', 403, ''),
(0, 1142, 'L4', 423, ''),
(0, 178, 'A', 11, ''),
(0, 1205, 'RH', 11, ''),
(0, 629, 'NC', 632, ''),
(0, 148, 'FMC', 13, ''),
(0, 1673, '01', 752, ''),
(0, 1205, 'RC', 11, ''),
(0, 625, '03', 506, ''),
(0, 1100, 'LN', 177, ''),
(0, 14, '04', 248, ''),
(0, 488, '04', 878, ''),
(0, 1331, '01', 412, ''),
(0, 1128, '04', 776, ''),
(0, 1115, 'LE', 42, ''),
(0, 28, 'FLL', 12, ''),
(0, 824, '01', 250, ''),
(0, 768, 'NC', 633, ''),
(0, 1380, '01', 209, ''),
(0, 425, '09', 719, ''),
(0, 296, 'TS', 11, ''),
(0, 1218, '03', 417, ''),
(0, 1140, '01', 302, ''),
(0, 1216, '01', 809, ''),
(0, 494, '06', 467, ''),
(0, 294, 'RD', 787, ''),
(0, 1149, 'LB', 56, ''),
(0, 1559, '01', 753, ''),
(0, 1297, 'A', 305, ''),
(0, 1163, '02', 586, ''),
(0, 1231, '01', 810, ''),
(0, 1492, 'WA', 11, ''),
(0, 1606, '01', 167, ''),
(0, 14, '01', 255, ''),
(0, 1204, 'LC', 11, ''),
(0, 925, '01', 95, ''),
(0, 1089, '05', 240, ''),
(0, 1669, '01', 11, ''),
(0, 1370, '01', 542, ''),
(0, 334, '04', 751, ''),
(0, 602, 'RC', 529, ''),
(0, 1641, '01', 33, ''),
(0, 825, '03', 42, ''),
(0, 1092, '04', 19, ''),
(0, 1199, '01', 201, ''),
(0, 53, '01', 25, ''),
(0, 1714, '01', 873, ''),
(0, 852, 'AR', 130, ''),
(0, 56, 'F', 777, ''),
(0, 1696, '01', 590, ''),
(0, 403, '01', 726, ''),
(0, 56, 'C', 776, ''),
(0, 1092, '09', 395, ''),
(0, 1305, '01', 218, ''),
(0, 1034, '10', 157, ''),
(0, 1100, 'LJ', 177, ''),
(0, 1091, 'LP', 11, ''),
(0, 922, 'B', 489, ''),
(0, 1207, '01', 11, ''),
(0, 15, 'B', 481, ''),
(0, 1402, '02', 14, ''),
(0, 123, '01', 356, ''),
(0, 174, 'A', 857, ''),
(0, 102, 'RJ', 785, ''),
(0, 732, 'FG', 299, ''),
(0, 90, '07', 703, ''),
(0, 148, 'FPB', 538, ''),
(0, 76, '01', 642, ''),
(0, 485, '04', 289, ''),
(0, 1203, '01', 464, ''),
(0, 1595, '01', 859, ''),
(0, 1259, 'FM', 11, ''),
(0, 53, '09', 28, ''),
(0, 1387, 'RC', 11, ''),
(0, 1745, '01', 206, ''),
(0, 96, 'LK', 171, ''),
(0, 1294, '01', 116, ''),
(0, 406, '01', 11, ''),
(0, 1020, '01', 11, ''),
(0, 1662, '01', 630, ''),
(0, 1358, '01', 401, ''),
(0, 542, '05', 73, ''),
(0, 1223, '05', 562, ''),
(0, 1141, 'A', 533, ''),
(0, 96, 'RC', 171, ''),
(0, 20, 'LG', 11, ''),
(0, 331, 'FH', 11, ''),
(0, 96, 'LT', 171, ''),
(0, 412, 'S', 456, ''),
(0, 1511, '01', 204, ''),
(0, 1091, 'LE', 11, ''),
(0, 427, '01', 758, ''),
(0, 126, '02', 271, ''),
(0, 1215, '01', 570, ''),
(0, 96, 'LR', 171, ''),
(0, 187, 'RC', 262, ''),
(0, 1270, '01', 295, ''),
(0, 1531, '01', 183, ''),
(0, 1721, '01', 249, ''),
(0, 861, '01', 703, ''),
(0, 1091, 'LI', 11, ''),
(0, 56, 'D', 770, ''),
(0, 23, '23', 362, ''),
(0, 1300, '01', 636, ''),
(0, 1071, '13', 34, ''),
(0, 476, 'FP', 538, ''),
(0, 1408, 'A', 35, ''),
(0, 1167, 'D', 193, ''),
(0, 27, 'FP', 538, ''),
(0, 1120, '01', 799, ''),
(0, 124, 'RH', 776, ''),
(0, 246, '03', 466, ''),
(0, 1149, 'LG', 56, ''),
(0, 1286, '01', 578, ''),
(0, 72, '02', 673, ''),
(0, 1096, 'LE', 324, ''),
(0, 303, 'N1', 634, ''),
(0, 404, '01', 758, ''),
(0, 384, 'A', 522, ''),
(0, 1241, '02', 290, ''),
(0, 53, '04', 16, ''),
(0, 75, 'A', 494, ''),
(0, 1288, 'A', 589, ''),
(0, 211, 'RD', 529, ''),
(0, 230, '01', 592, ''),
(0, 215, 'ACE', 337, ''),
(0, 1256, 'RE', 11, ''),
(0, 1309, '01', 540, ''),
(0, 1285, 'LA', 632, ''),
(0, 1100, 'LB', 177, ''),
(0, 111, '02', 493, ''),
(0, 738, '01', 273, ''),
(0, 541, 'B', 729, ''),
(0, 1742, '01', 67, ''),
(0, 1566, '01', 183, ''),
(0, 1246, '01', 265, ''),
(0, 1228, '01', 714, ''),
(0, 1271, '02', 688, ''),
(0, 1160, 'AR2', 132, ''),
(0, 1146, 'A', 38, ''),
(0, 716, '01', 242, ''),
(0, 241, 'RB', 529, ''),
(0, 85, 'C', 453, ''),
(0, 1091, 'LB', 11, ''),
(0, 1567, '01', 131, ''),
(0, 1226, '01', 461, ''),
(0, 940, 'FLQ', 12, ''),
(0, 240, '02', 806, ''),
(0, 240, '01', 646, ''),
(0, 397, '02', 1, ''),
(0, 102, 'C', 780, ''),
(0, 381, '26', 11, ''),
(0, 1094, '01', 737, ''),
(0, 431, '03', 605, ''),
(0, 1528, '01', 305, ''),
(0, 102, 'RD', 785, ''),
(0, 331, 'FLV', 12, ''),
(0, 1091, 'LU', 11, ''),
(0, 1195, 'D', 790, ''),
(0, 248, '01', 251, ''),
(0, 131, '01', 11, ''),
(0, 1183, 'RC', 41, ''),
(0, 187, 'RG', 262, ''),
(0, 102, 'XB', 781, ''),
(0, 1195, 'E', 576, ''),
(0, 1256, 'RD', 11, ''),
(0, 476, 'FLK', 12, ''),
(0, 123, '99', 11, ''),
(0, 1288, 'B', 589, ''),
(0, 1757, '01', 46, ''),
(0, 1280, '20', 562, ''),
(0, 536, '02', 288, ''),
(0, 1517, '01', 161, ''),
(0, 107, '01', 11, ''),
(0, 294, 'RF', 787, ''),
(0, 70, 'FME', 13, ''),
(0, 1149, 'R', 11, ''),
(0, 732, 'FM', 13, ''),
(0, 1399, '01', 578, ''),
(0, 1451, '10', 551, ''),
(0, 46, 'RE', 280, ''),
(0, 1292, '01', 548, ''),
(0, 1620, '05', 11, ''),
(0, 124, 'RA', 776, ''),
(0, 1712, '01', 80, ''),
(0, 52, '06', 11, ''),
(0, 677, '02', 493, ''),
(0, 1247, '01', 419, ''),
(0, 53, '03', 22, ''),
(0, 1299, '02', 821, ''),
(0, 102, 'RE', 785, ''),
(0, 455, '01', 137, ''),
(0, 96, 'LZ', 171, ''),
(0, 212, '11', 845, ''),
(0, 188, 'FM', 13, ''),
(0, 942, '01', 515, ''),
(0, 1411, 'WA', 11, ''),
(0, 1686, 'ME', 318, ''),
(0, 1462, '01', 570, ''),
(0, 1166, '21', 631, ''),
(0, 746, '01', 562, ''),
(0, 1268, '01', 815, ''),
(0, 494, '05', 465, ''),
(0, 1421, '01', 76, ''),
(0, 1096, 'LI', 324, ''),
(0, 102, 'XC', 785, ''),
(0, 1414, '01', 207, ''),
(0, 1477, '01', 50, ''),
(0, 72, '05', 676, ''),
(0, 1564, 'A', 854, ''),
(0, 1624, '01', 640, ''),
(0, 1432, '01', 839, ''),
(0, 476, 'FPA', 538, ''),
(0, 844, '01', 2, ''),
(0, 109, 'C', 585, ''),
(0, 370, '01', 883, ''),
(0, 1197, 'LA', 122, ''),
(0, 187, 'RD', 262, ''),
(0, 1635, '01', 651, ''),
(0, 45, 'LB', 11, ''),
(0, 23, '25', 358, ''),
(0, 1128, '07', 789, ''),
(0, 1639, '01', 695, ''),
(0, 1487, '04', 240, ''),
(0, 1149, 'LM', 56, ''),
(0, 1347, 'RA', 41, ''),
(0, 1364, '01', 395, ''),
(0, 1701, '01', 234, ''),
(0, 976, '06', 11, ''),
(0, 1034, '17', 156, ''),
(0, 1443, '01', 83, ''),
(0, 1317, '02', 849, ''),
(0, 1402, '01', 561, ''),
(0, 1779, '03', 751, ''),
(0, 1092, '07', 396, ''),
(0, 1459, '01', 203, ''),
(0, 1661, '01', 631, ''),
(0, 53, '10', 20, ''),
(0, 1363, '01', 63, ''),
(0, 1608, '01', 46, ''),
(0, 1640, 'CS', 101, ''),
(0, 188, 'FLV', 12, ''),
(0, 244, '01', 20, ''),
(0, 192, '01', 84, ''),
(0, 437, '04', 23, ''),
(0, 1091, 'LO', 11, ''),
(0, 1169, '02', 586, ''),
(0, 1073, 'FLM', 12, ''),
(0, 1533, '06', 11, ''),
(0, 155, '01', 237, ''),
(0, 367, 'A', 711, ''),
(0, 1237, '04', 310, ''),
(0, 1601, '01', 93, ''),
(0, 904, '01', 298, ''),
(0, 108, 'FLM', 12, ''),
(0, 1480, '01', 44, ''),
(0, 488, '01', 607, ''),
(0, 294, 'ZZ', 11, ''),
(0, 53, '16', 563, ''),
(0, 96, 'LW', 171, ''),
(0, 187, 'RH', 262, ''),
(0, 1092, '08', 398, ''),
(0, 79, 'RF', 807, ''),
(0, 484, '01', 634, ''),
(0, 1342, '01', 640, ''),
(0, 1313, '01', 708, ''),
(0, 1311, 'CS', 823, ''),
(0, 1482, '01', 750, ''),
(0, 148, 'FLP', 12, ''),
(0, 1098, '03', 558, ''),
(0, 1241, '01', 290, ''),
(0, 394, '01', 11, ''),
(0, 1683, '01', 306, ''),
(0, 96, 'RH', 171, ''),
(0, 1252, '08', 784, ''),
(0, 506, 'RH', 11, ''),
(0, 1349, '01', 75, ''),
(0, 1345, '01', 81, ''),
(0, 652, 'A', 138, ''),
(0, 1279, 'D', 36, ''),
(0, 1503, '01', 206, ''),
(0, 787, 'AS', 458, ''),
(0, 241, 'C', 527, ''),
(0, 1502, 'A', 532, ''),
(0, 1348, '01', 287, ''),
(0, 1408, 'C', 36, ''),
(0, 126, '03', 267, ''),
(0, 520, 'A', 659, ''),
(0, 799, '01', 227, ''),
(0, 297, '01', 11, ''),
(0, 494, '01', 463, ''),
(0, 384, 'B', 524, ''),
(0, 1417, '01', 241, ''),
(0, 1749, '01', 718, ''),
(0, 1092, '17', 392, ''),
(0, 241, 'B', 529, ''),
(0, 502, '01', 595, ''),
(0, 70, 'FMB', 13, ''),
(0, 72, '07', 675, ''),
(0, 1628, '01', 322, ''),
(0, 327, 'RC', 11, ''),
(0, 376, '01', 604, ''),
(0, 1252, '06', 783, ''),
(0, 1730, '01', 276, ''),
(0, 23, '27', 366, ''),
(0, 1723, '01', 723, ''),
(0, 23, '31', 11, ''),
(0, 199, 'A', 486, ''),
(0, 1134, 'RA', 205, ''),
(0, 1420, 'FH', 11, ''),
(0, 1707, '45', 561, ''),
(0, 1368, '17', 549, ''),
(0, 638, '01', 11, ''),
(0, 994, '01', 261, ''),
(0, 277, '02', 632, ''),
(0, 1308, '01', 698, ''),
(0, 1697, '01', 816, ''),
(0, 1091, 'LG', 11, ''),
(0, 1465, '01', 550, ''),
(0, 72, '10', 685, ''),
(0, 367, 'RB', 711, ''),
(0, 772, '01', 595, ''),
(0, 1187, '01', 79, ''),
(0, 1715, '01', 746, ''),
(0, 1165, '01', 11, ''),
(0, 1152, '01', 716, ''),
(0, 1101, '01', 77, ''),
(0, 1095, '03', 11, ''),
(0, 88, '01', 11, ''),
(0, 1495, 'A', 664, ''),
(0, 1740, '01', 874, ''),
(0, 1091, 'RE', 11, ''),
(0, 1175, '01', 34, ''),
(0, 1485, '01', 313, ''),
(0, 1235, '01', 22, ''),
(0, 652, 'D', 134, ''),
(0, 884, '07', 717, ''),
(0, 1059, 'S', 11, ''),
(0, 78, 'FLT', 11, ''),
(0, 1448, '01', 884, ''),
(0, 362, 'C', 739, ''),
(0, 1204, 'LZ', 11, ''),
(0, 677, '01', 801, ''),
(0, 1720, '01', 875, ''),
(0, 1166, '03', 686, ''),
(0, 1431, '01', 11, ''),
(0, 74, '22', 805, ''),
(0, 1213, 'RB', 211, ''),
(0, 1328, '01', 281, ''),
(0, 1031, '01', 212, ''),
(0, 1167, 'C', 195, ''),
(0, 358, 'B', 11, ''),
(0, 124, 'RF', 776, ''),
(0, 1516, '18', 554, ''),
(0, 70, 'FMC', 13, ''),
(0, 45, 'LF', 11, ''),
(0, 148, 'FMA', 13, ''),
(0, 1128, '10', 576, ''),
(0, 423, 'B', 211, ''),
(0, 1387, '01', 716, ''),
(0, 1279, 'C', 36, ''),
(0, 1285, 'LB', 632, ''),
(0, 53, '07', 24, ''),
(0, 18, 'FGC', 299, ''),
(0, 188, 'FLK', 12, ''),
(0, 39, 'C', 528, ''),
(0, 1769, '01', 80, ''),
(0, 1562, 'FLM', 12, ''),
(0, 1141, 'E', 535, ''),
(0, 1009, '03', 205, ''),
(0, 1392, 'A', 192, ''),
(0, 494, '04', 863, ''),
(0, 294, 'F', 768, ''),
(0, 1188, '02', 242, ''),
(0, 536, '03', 268, ''),
(0, 580, '02', 257, ''),
(0, 517, '03', 842, ''),
(0, 1092, '01', 401, ''),
(0, 23, '07', 346, ''),
(0, 1200, '01', 740, ''),
(0, 1532, '01', 554, ''),
(0, 20, 'LM', 11, ''),
(0, 776, '01', 278, ''),
(0, 1160, 'BR', 132, ''),
(0, 845, '01', 565, ''),
(0, 609, '02', 215, ''),
(0, 1096, 'ECE', 324, ''),
(0, 1052, '02', 635, ''),
(0, 327, 'RB', 11, ''),
(0, 71, 'A', 500, ''),
(0, 96, 'LE', 171, ''),
(0, 1633, 'ME2', 628, ''),
(0, 1192, '01', 698, ''),
(0, 1237, '01', 848, ''),
(0, 744, '01', 500, ''),
(0, 712, '08', 757, ''),
(0, 67, '01', 11, ''),
(0, 397, '01', 1, ''),
(0, 1360, '01', 827, ''),
(0, 431, '01', 610, ''),
(0, 18, 'FGJ', 299, ''),
(0, 1704, '01', 151, ''),
(0, 331, 'FLX', 12, ''),
(0, 294, 'RC', 787, ''),
(0, 1400, '01', 176, ''),
(0, 1545, 'FLK', 12, ''),
(0, 618, '01', 38, ''),
(0, 23, '08', 352, ''),
(0, 1702, '01', 219, ''),
(0, 485, '01', 281, ''),
(0, 378, '01', 638, ''),
(0, 1191, '06', 526, ''),
(0, 1646, '01', 755, ''),
(0, 1091, 'RB', 11, ''),
(0, 276, 'TCB', 11, ''),
(0, 213, '01', 318, ''),
(0, 486, '01', 492, ''),
(0, 1245, 'F', 11, ''),
(0, 276, 'TCC', 11, ''),
(0, 1709, '01', 699, ''),
(0, 108, 'FM', 13, ''),
(0, 1770, '01', 733, ''),
(0, 1157, '01', 163, ''),
(0, 1447, '01', 630, ''),
(0, 367, 'RA', 711, ''),
(0, 1599, '01', 403, ''),
(0, 1343, '14', 560, ''),
(0, 484, 'N2', 634, ''),
(0, 479, 'NC', 40, ''),
(0, 96, 'LP', 171, ''),
(0, 485, '03', 264, ''),
(0, 1386, '01', 650, ''),
(0, 1407, '01', 832, ''),
(0, 1190, 'D', 784, ''),
(0, 1190, 'A', 791, ''),
(0, 1373, '03', 187, ''),
(0, 1180, 'A', 569, ''),
(0, 233, '01', 647, ''),
(0, 1347, '01', 41, ''),
(0, 1124, '01', 100, ''),
(0, 45, 'RB', 11, ''),
(0, 1337, '05', 11, ''),
(0, 977, 'FP', 538, ''),
(0, 437, '03', 466, ''),
(0, 223, 'BE', 319, ''),
(0, 1296, '01', 539, ''),
(0, 953, '01', 213, ''),
(0, 16, 'A', 520, ''),
(0, 488, '03', 814, ''),
(0, 652, 'F', 123, ''),
(0, 1418, '01', 534, ''),
(0, 1323, '01', 272, ''),
(0, 1210, 'RA', 11, ''),
(0, 506, 'RE', 11, ''),
(0, 1765, '01', 296, ''),
(0, 1281, '01', 817, ''),
(0, 1154, '01', 403, ''),
(0, 230, '02', 591, ''),
(0, 6, '01', 55, ''),
(0, 598, '01', 855, ''),
(0, 602, 'C', 524, ''),
(0, 558, '01', 32, ''),
(0, 1555, '01', 853, ''),
(0, 1263, 'A', 576, ''),
(0, 1189, '01', 727, ''),
(0, 87, '04', 1, ''),
(0, 458, '01', 800, ''),
(0, 536, '04', 288, ''),
(0, 1672, '01', 719, ''),
(0, 825, '01', 42, ''),
(0, 1128, '11', 787, ''),
(0, 52, '02', 214, ''),
(0, 684, '02', 387, ''),
(0, 111, '01', 801, ''),
(0, 74, '19', 858, ''),
(0, 1009, '02', 560, ''),
(0, 1111, '01', 49, ''),
(0, 389, '01', 11, ''),
(0, 1544, '01', 181, ''),
(0, 1542, '01', 623, ''),
(0, 1217, 'RB', 41, ''),
(0, 626, '02', 235, ''),
(0, 1229, 'LC', 11, ''),
(0, 1546, '01', 90, ''),
(0, 1656, '01', 752, ''),
(0, 1623, '01', 21, ''),
(0, 1116, '01', 542, ''),
(0, 854, 'NC', 637, ''),
(0, 1254, '01', 11, ''),
(0, 1089, '06', 258, ''),
(0, 825, 'RCT', 42, ''),
(0, 1027, '01', 15, ''),
(0, 638, '02', 599, ''),
(0, 553, '01', 385, ''),
(0, 1089, '01', 254, ''),
(0, 39, 'B', 527, ''),
(0, 212, '17', 109, ''),
(0, 31, 'RB', 785, ''),
(0, 362, 'D', 739, ''),
(0, 1387, 'RB', 11, ''),
(0, 1217, '01', 41, ''),
(0, 1486, '01', 578, ''),
(0, 1483, '01', 207, ''),
(0, 1131, '01', 24, ''),
(0, 6, 'R', 11, ''),
(0, 31, 'D', 783, ''),
(0, 102, 'RC', 785, ''),
(0, 1139, '01', 11, ''),
(0, 1239, '01', 651, ''),
(0, 713, '01', 634, ''),
(0, 1752, '01', 578, ''),
(0, 1245, '01', 468, ''),
(0, 79, 'RA', 807, ''),
(0, 696, 'B', 584, ''),
(0, 78, 'FLN', 12, ''),
(0, 314, 'RC', 11, ''),
(0, 1097, '02', 523, ''),
(0, 381, '01', 21, ''),
(0, 1128, '01', 780, ''),
(0, 1743, '01', 40, ''),
(0, 242, '02', 212, ''),
(0, 1289, 'LA', 11, ''),
(0, 1240, '03', 241, ''),
(0, 1271, '04', 596, ''),
(0, 1380, '02', 209, ''),
(0, 506, 'RJ', 11, ''),
(0, 1164, '01', 690, ''),
(0, 18, 'FGL', 299, ''),
(0, 85, 'F', 453, ''),
(0, 916, '03', 696, ''),
(0, 1446, 'FH', 11, ''),
(0, 96, 'LN', 171, ''),
(0, 1005, '01', 410, ''),
(0, 1218, '01', 415, ''),
(0, 710, '01', 285, ''),
(0, 1091, '01', 697, ''),
(0, 85, '01', 453, ''),
(0, 916, '02', 700, ''),
(0, 1091, 'LX', 11, ''),
(0, 561, '01', 34, ''),
(0, 1128, '09', 791, ''),
(0, 1759, '01', 191, ''),
(0, 1219, '01', 587, ''),
(0, 1092, '15', 407, ''),
(0, 294, 'RJ', 787, ''),
(0, 5, '01', 114, ''),
(0, 1507, '01', 420, ''),
(0, 314, 'RD', 11, ''),
(0, 1165, '10', 570, ''),
(0, 1091, 'RF', 11, ''),
(0, 102, 'B', 786, ''),
(0, 1142, 'L2', 423, ''),
(0, 1128, '06', 783, ''),
(0, 1387, 'RD', 11, ''),
(0, 314, '01', 702, ''),
(0, 1762, '01', 715, ''),
(0, 1191, '03', 535, ''),
(0, 1719, '01', 462, ''),
(0, 1501, '01', 198, ''),
(0, 1383, '01', 306, ''),
(0, 124, 'A', 778, ''),
(0, 161, '01', 654, ''),
(0, 52, '03', 233, ''),
(0, 212, '08', 88, ''),
(0, 79, 'RE', 807, ''),
(0, 953, '02', 213, ''),
(0, 20, 'LH', 11, ''),
(0, 75, 'C', 496, ''),
(0, 102, 'ZZ', 11, ''),
(0, 272, '04', 265, ''),
(0, 1096, 'LL', 324, ''),
(0, 187, 'RN', 262, ''),
(0, 374, '01', 334, ''),
(0, 74, '12', 713, ''),
(0, 1258, 'RC', 565, ''),
(0, 145, '05', 11, ''),
(0, 23, '34', 371, ''),
(0, 585, '01', 95, ''),
(0, 1091, 'LM', 11, ''),
(0, 1630, '06', 467, ''),
(0, 85, 'E', 453, ''),
(0, 1159, '01', 11, ''),
(0, 1088, '01', 610, ''),
(0, 581, '01', 422, ''),
(0, 18, 'FGM', 299, ''),
(0, 1375, 'B', 588, ''),
(0, 262, '05', 842, ''),
(0, 75, 'B', 495, ''),
(0, 96, 'LJ', 171, ''),
(0, 187, 'RR', 262, ''),
(0, 23, '15', 355, ''),
(0, 1452, '01', 107, ''),
(0, 1290, '01', 46, ''),
(0, 1524, '01', 45, ''),
(0, 241, 'RC', 529, ''),
(0, 848, 'A', 664, ''),
(0, 1515, '01', 197, ''),
(0, 1092, '10', 393, ''),
(0, 881, '01', 63, ''),
(0, 1506, '01', 237, ''),
(0, 1167, 'A', 194, ''),
(0, 1522, '01', 626, ''),
(0, 476, 'FPC', 538, ''),
(0, 1205, 'RG', 11, ''),
(0, 1333, 'FLS', 12, ''),
(0, 9, '05', 380, ''),
(0, 381, '27', 26, ''),
(0, 211, 'RB', 529, ''),
(0, 684, '01', 387, ''),
(0, 542, '10', 838, ''),
(0, 1297, 'B', 539, ''),
(0, 1778, '01', 882, ''),
(0, 378, 'L1', 638, ''),
(0, 331, 'FHA', 11, ''),
(0, 541, 'A', 729, ''),
(0, 1248, '01', 813, ''),
(0, 1051, '01', 123, ''),
(0, 134, '01', 758, ''),
(0, 1024, 'S', 456, ''),
(0, 405, 'NC', 639, ''),
(0, 102, 'E', 782, ''),
(0, 410, '04', 613, ''),
(0, 1455, '01', 577, ''),
(0, 977, 'FM', 13, ''),
(0, 1122, '01', 461, ''),
(0, 1128, '12', 790, ''),
(0, 884, '06', 11, ''),
(0, 1099, '01', 312, ''),
(0, 1518, '01', 11, ''),
(0, 124, 'RC', 776, ''),
(0, 1218, '02', 416, ''),
(0, 1000, '01', 634, ''),
(0, 1166, '16', 640, ''),
(0, 660, 'A', 489, ''),
(0, 642, '02', 656, ''),
(0, 1324, 'A', 566, ''),
(0, 1160, 'AR', 132, ''),
(0, 649, '17', 32, ''),
(0, 1435, '01', 841, ''),
(0, 1092, '20', 16, ''),
(0, 1612, '01', 682, ''),
(0, 1242, '04', 308, ''),
(0, 1091, 'RA', 11, ''),
(0, 1114, '01', 798, ''),
(0, 616, '02', 295, ''),
(0, 1693, '01', 35, ''),
(0, 70, 'FM', 13, ''),
(0, 1204, 'LA', 11, ''),
(0, 1211, 'FM', 13, ''),
(0, 78, 'FLV', 12, ''),
(0, 671, '01', 224, ''),
(0, 825, '02', 42, ''),
(0, 1242, '03', 11, ''),
(0, 1307, 'RB', 211, ''),
(0, 1580, '01', 575, ''),
(0, 1307, '01', 211, ''),
(0, 1747, '01', 11, ''),
(0, 28, 'TC', 11, ''),
(0, 1299, '01', 821, ''),
(0, 1389, '01', 199, ''),
(0, 488, '02', 215, ''),
(0, 271, 'FLU', 12, ''),
(0, 1225, 'LC', 185, ''),
(0, 33, 'CE', 338, ''),
(0, 1258, 'RA', 11, ''),
(0, 277, '01', 642, ''),
(0, 1166, '19', 806, ''),
(0, 1375, 'D', 587, ''),
(0, 1221, '01', 130, ''),
(0, 229, 'FGB', 299, ''),
(0, 1536, 'EE2', 870, ''),
(0, 1166, '06', 258, ''),
(0, 1410, '01', 833, ''),
(0, 70, 'FMG', 13, ''),
(0, 1202, '01', 394, ''),
(0, 1170, '01', 73, ''),
(0, 178, 'B', 11, ''),
(0, 46, 'RD', 280, ''),
(0, 1437, '01', 88, ''),
(0, 542, '01', 60, ''),
(0, 1176, 'B', 533, ''),
(0, 1356, '01', 544, ''),
(0, 31, 'E', 783, ''),
(0, 23, '29', 367, ''),
(0, 212, '05', 835, ''),
(0, 740, '01', 11, ''),
(0, 1166, '13', 257, ''),
(0, 294, 'RA', 787, ''),
(0, 1676, '01', 68, ''),
(0, 16, 'D', 521, ''),
(0, 78, 'FM', 13, ''),
(0, 1096, 'LK', 324, ''),
(0, 1251, '01', 26, ''),
(0, 1014, 'CS', 457, ''),
(0, 23, '18', 375, ''),
(0, 1072, '01', 504, ''),
(0, 294, 'RK', 787, ''),
(0, 1670, '01', 315, ''),
(0, 142, '02', 11, ''),
(0, 102, 'RB', 785, ''),
(0, 1479, '01', 2, ''),
(0, 437, '02', 874, ''),
(0, 1141, 'F', 11, ''),
(0, 1128, '02', 785, ''),
(0, 1276, '21', 557, ''),
(0, 1135, '01', 11, ''),
(0, 1490, '01', 11, ''),
(0, 1150, '01', 708, ''),
(0, 1667, '01', 594, ''),
(0, 362, '01', 739, ''),
(0, 23, '30', 370, ''),
(0, 751, '01', 485, ''),
(0, 1353, '01', 734, ''),
(0, 613, '01', 190, ''),
(0, 1174, 'D', 196, ''),
(0, 188, 'FO', 11, ''),
(0, 173, '01', 743, ''),
(0, 1552, '01', 615, ''),
(0, 685, 'A', 785, ''),
(0, 355, '01', 116, ''),
(0, 309, '01', 327, ''),
(0, 1253, 'RA', 583, ''),
(0, 18, 'FGQ', 299, ''),
(0, 1767, '01', 851, ''),
(0, 1172, '01', 174, ''),
(0, 102, 'RK', 785, ''),
(0, 196, '11', 153, ''),
(0, 96, 'RG', 171, ''),
(0, 1075, 'FLU', 12, ''),
(0, 294, 'B', 768, ''),
(0, 989, '01', 20, ''),
(0, 20, 'LF', 11, ''),
(0, 1252, '10', 576, ''),
(0, 374, '02', 335, ''),
(0, 31, 'A', 781, ''),
(0, 1181, '01', 11, ''),
(0, 148, 'FPE', 538, ''),
(0, 1543, '01', 196, ''),
(0, 1449, 'A', 191, ''),
(0, 353, 'N1', 641, ''),
(0, 56, 'B', 773, ''),
(0, 1089, '03', 11, ''),
(0, 896, '01', 635, ''),
(0, 1142, '02', 620, ''),
(0, 1091, 'LV', 11, ''),
(0, 1252, '02', 785, ''),
(0, 387, '19', 713, ''),
(0, 148, 'FLN', 12, ''),
(0, 1125, 'RA', 124, ''),
(0, 1615, '01', 282, ''),
(0, 580, 'R', 257, ''),
(0, 1334, '01', 237, ''),
(0, 324, 'CS', 460, ''),
(0, 1374, '01', 407, ''),
(0, 294, 'RL', 787, ''),
(0, 1674, '01', 112, ''),
(0, 1160, 'BCE', 132, ''),
(0, 96, 'RD', 171, ''),
(0, 1376, '01', 39, ''),
(0, 1115, 'LC', 42, ''),
(0, 972, '01', 483, ''),
(0, 188, 'FMA', 13, ''),
(0, 1535, '01', 11, ''),
(0, 1091, 'LH', 11, ''),
(0, 42, '01', 237, ''),
(0, 1009, '01', 19, ''),
(0, 469, '01', 31, ''),
(0, 1461, 'A', 2, ''),
(0, 1681, '01', 797, ''),
(0, 1526, '01', 544, ''),
(0, 578, '01', 804, ''),
(0, 1209, '01', 742, ''),
(0, 1183, '01', 41, ''),
(0, 1348, '02', 718, ''),
(0, 1560, '01', 548, ''),
(0, 96, 'LD', 171, ''),
(0, 23, '04', 342, ''),
(0, 1652, '01', 575, ''),
(0, 30, '01', 494, ''),
(0, 308, '01', 508, ''),
(0, 1191, '01', 533, ''),
(0, 1396, '01', 548, ''),
(0, 1377, '01', 175, ''),
(0, 22, '02', 748, ''),
(0, 484, '02', 634, ''),
(0, 1053, 'A', 854, ''),
(0, 579, '01', 25, ''),
(0, 1614, '01', 546, ''),
(0, 14, '03', 242, ''),
(0, 1190, 'B', 790, ''),
(0, 96, 'LU', 171, ''),
(0, 1753, '01', 41, ''),
(0, 1419, 'RA', 188, ''),
(0, 102, 'XA', 778, ''),
(0, 23, '12', 349, ''),
(0, 1256, 'RB', 11, ''),
(0, 602, 'D', 526, ''),
(0, 1306, '01', 39, ''),
(0, 1419, '01', 188, ''),
(0, 212, '02', 11, ''),
(0, 78, 'FLQ', 12, ''),
(0, 1548, '01', 536, ''),
(0, 849, '01', 32, ''),
(0, 9, '03', 379, ''),
(0, 314, 'RE', 11, ''),
(0, 104, '01', 2, ''),
(0, 294, 'G', 769, ''),
(0, 1100, 'LL', 177, ''),
(0, 391, 'A', 11, ''),
(0, 212, '09', 112, ''),
(0, 445, 'CE', 333, ''),
(0, 286, '02', 386, ''),
(0, 20, 'LR', 11, ''),
(0, 1392, 'B', 194, ''),
(0, 265, 'RCT', 208, ''),
(0, 52, '05', 223, ''),
(0, 95, '01', 73, ''),
(0, 1538, 'HT', 202, ''),
(0, 1632, '01', 590, ''),
(0, 331, 'FLN', 12, ''),
(0, 741, '01', 31, ''),
(0, 1711, '01', 570, ''),
(0, 1202, 'R', 394, ''),
(0, 633, '01', 565, ''),
(0, 70, 'FMA', 13, ''),
(0, 18, 'FGA', 299, ''),
(0, 1419, 'RZ', 188, ''),
(0, 1256, 'RC', 11, ''),
(0, 1509, '1', 420, ''),
(0, 1147, '01', 417, ''),
(0, 53, '15', 563, ''),
(0, 20, 'LZ', 11, ''),
(0, 1391, '01', 394, ''),
(0, 233, 'NC', 647, ''),
(0, 188, 'FLN', 12, ''),
(0, 890, '01', 402, ''),
(0, 1162, '01', 593, ''),
(0, 303, 'N2', 640, ''),
(0, 520, 'D', 844, ''),
(0, 1301, '01', 237, ''),
(0, 1128, '08', 784, ''),
(0, 124, 'B', 776, ''),
(0, 1252, '07', 789, ''),
(0, 20, 'LP', 11, ''),
(0, 664, '01', 281, ''),
(0, 1166, '08', 563, ''),
(0, 506, 'RI', 11, ''),
(0, 1487, '01', 239, ''),
(0, 1256, '01', 808, ''),
(0, 1650, '01', 140, ''),
(0, 1210, '01', 605, ''),
(0, 28, 'FLM', 12, ''),
(0, 1613, '01', 120, ''),
(0, 1146, 'B', 38, ''),
(0, 1092, '12', 400, ''),
(0, 1277, '01', 626, ''),
(0, 1245, 'E', 11, ''),
(0, 927, '01', 382, ''),
(0, 1780, '01', 795, ''),
(0, 18, 'FGP', 299, ''),
(0, 1550, '01', 240, ''),
(0, 1605, '01', 466, ''),
(0, 1091, 'LK', 11, ''),
(0, 141, '01', 11, ''),
(0, 699, 'A', 658, ''),
(0, 45, 'LG', 11, ''),
(0, 45, 'LC', 11, ''),
(0, 18, 'FGE', 299, ''),
(0, 1444, '01', 44, ''),
(0, 1357, '01', 204, ''),
(0, 309, '03', 329, ''),
(0, 1295, '01', 733, ''),
(0, 1408, 'B', 35, ''),
(0, 133, '01', 150, ''),
(0, 1279, 'A', 856, ''),
(0, 1147, 'L', 417, ''),
(0, 1224, '01', 410, ''),
(0, 542, '07', 876, ''),
(0, 1347, 'RB', 41, ''),
(0, 1474, '02', 579, ''),
(0, 1315, '01', 11, ''),
(0, 1171, '29', 11, ''),
(0, 1091, 'RR', 11, ''),
(0, 440, '07', 33, ''),
(0, 410, '02', 814, ''),
(0, 1735, 'WA', 11, ''),
(0, 88, 'NC', 11, ''),
(0, 123, '04', 11, ''),
(0, 1092, '19', 14, ''),
(0, 1138, '01', 544, ''),
(0, 1434, 'A', 840, ''),
(0, 267, '01', 11, ''),
(0, 696, 'A', 582, ''),
(0, 1467, '15', 557, ''),
(0, 1716, '01', 684, ''),
(0, 1222, 'A', 140, ''),
(0, 178, 'D', 11, ''),
(0, 1536, 'EE1', 325, ''),
(0, 1034, '14', 151, ''),
(0, 1260, '01', 319, ''),
(0, 1225, 'LA', 185, ''),
(0, 1240, '01', 258, ''),
(0, 527, 'A', 11, ''),
(0, 1474, '14', 579, ''),
(0, 1403, '01', 34, ''),
(0, 873, '01', 730, ''),
(0, 1097, '09', 529, ''),
(0, 1393, '01', 27, ''),
(0, 178, 'C', 11, ''),
(0, 1229, 'LD', 11, ''),
(0, 109, 'RC', 586, ''),
(0, 1097, '08', 534, ''),
(0, 193, '02', 622, ''),
(0, 1692, '01', 182, ''),
(0, 1678, '01', 20, ''),
(0, 327, '01', 679, ''),
(0, 126, '04', 267, ''),
(0, 1777, '01', 83, ''),
(0, 1166, '10', 402, ''),
(0, 73, '01', 116, ''),
(0, 780, '02', 556, ''),
(0, 1708, '01', 749, ''),
(0, 23, '26', 11, ''),
(0, 53, '05', 18, ''),
(0, 1128, '03', 770, ''),
(0, 331, 'FLW', 12, ''),
(0, 1457, '01', 705, ''),
(0, 1741, '01', 874, ''),
(0, 362, 'A', 739, ''),
(0, 70, 'FMD', 13, ''),
(0, 669, '01', 11, ''),
(0, 6, 'RB', 11, ''),
(0, 583, '01', 728, ''),
(0, 506, 'RB', 11, ''),
(0, 114, '01', 514, ''),
(0, 1004, '01', 309, ''),
(0, 1275, '01', 816, ''),
(0, 1685, '01', 11, ''),
(0, 792, 'A', 668, ''),
(0, 1090, '03', 11, ''),
(0, 1115, '01', 42, ''),
(0, 1144, '02', 75, ''),
(0, 187, 'RI', 262, ''),
(0, 1134, 'RD', 205, ''),
(0, 1625, 'A', 667, ''),
(0, 1573, '01', 31, ''),
(0, 331, 'FLP', 12, ''),
(0, 23, '24', 363, ''),
(0, 852, 'CE', 130, ''),
(0, 1165, '03', 394, ''),
(0, 124, 'RE', 776, ''),
(0, 1165, '04', 394, ''),
(0, 187, 'RM', 262, ''),
(0, 977, 'TC', 11, ''),
(0, 1096, 'LD', 324, ''),
(0, 1096, 'LC', 324, ''),
(0, 848, 'B', 866, ''),
(0, 1438, '01', 544, ''),
(0, 79, '01', 807, ''),
(0, 1687, '01', 869, ''),
(0, 1754, '01', 313, ''),
(0, 1746, '01', 594, ''),
(0, 20, 'RZ', 11, ''),
(0, 520, 'C', 660, ''),
(0, 1322, '01', 248, ''),
(0, 1048, 'BT', 790, ''),
(0, 1165, '08', 2, ''),
(0, 629, '01', 632, ''),
(0, 1575, '01', 185, ''),
(0, 1638, '01', 542, ''),
(0, 1497, '01', 127, ''),
(0, 314, 'RB', 11, ''),
(0, 1234, '01', 395, ''),
(0, 53, '08', 824, ''),
(0, 74, '26', 846, ''),
(0, 1710, '01', 78, ''),
(0, 124, 'RG', 776, ''),
(0, 1090, '01', 377, ''),
(0, 1198, 'LA', 49, ''),
(0, 1091, 'LA', 11, ''),
(0, 1136, '02', 801, ''),
(0, 1335, '01', 305, ''),
(0, 1679, '01', 197, ''),
(0, 311, '01', 218, ''),
(0, 1238, '01', 811, ''),
(0, 1129, '01', 422, ''),
(0, 20, '01', 11, ''),
(0, 23, '33', 365, ''),
(0, 23, '28', 373, ''),
(0, 1098, 'RB', 11, ''),
(0, 1626, '01', 11, ''),
(0, 1126, '01', 629, ''),
(0, 907, 'A', 500, ''),
(0, 1577, '01', 321, ''),
(0, 1318, '01', 578, ''),
(0, 1539, '01', 464, ''),
(0, 96, 'LS', 171, ''),
(0, 456, '01', 648, ''),
(0, 1475, '01', 563, ''),
(0, 18, 'FGO', 299, ''),
(0, 1197, '01', 122, ''),
(0, 1117, 'L1', 624, ''),
(0, 23, '06', 345, ''),
(0, 1367, '01', 2, ''),
(0, 685, 'C', 780, ''),
(0, 1359, '01', 709, ''),
(0, 23, '01', 339, ''),
(0, 1245, 'D', 11, ''),
(0, 1375, 'A', 588, ''),
(0, 798, '01', 84, ''),
(0, 1109, '01', 756, ''),
(0, 211, 'C', 529, ''),
(0, 31, 'C', 774, ''),
(0, 1218, '04', 42, ''),
(0, 1688, '01', 316, ''),
(0, 1321, '02', 623, ''),
(0, 1766, '01', 30, ''),
(0, 276, 'TCE', 11, ''),
(0, 1448, '02', 765, ''),
(0, 506, 'RC', 11, ''),
(0, 108, 'FLK', 12, ''),
(0, 734, '01', 737, ''),
(0, 378, 'NA', 11, ''),
(0, 1110, '01', 712, ''),
(0, 1439, '01', 391, ''),
(0, 223, 'IP', 862, ''),
(0, 230, '02R', 591, ''),
(0, 1525, '01', 851, ''),
(0, 1091, 'LR', 11, ''),
(0, 1252, '03', 770, ''),
(0, 506, '01', 581, ''),
(0, 271, 'FLN', 12, ''),
(0, 61, '01', 18, ''),
(0, 1332, '01', 826, ''),
(0, 1142, 'L1', 423, ''),
(0, 1684, '01', 132, ''),
(0, 520, 'B', 659, ''),
(0, 1131, '03', 24, ''),
(0, 1090, '02', 377, ''),
(0, 1529, '01', 546, ''),
(0, 1095, '17', 559, ''),
(0, 1149, 'LF', 56, ''),
(0, 314, 'RA', 11, ''),
(0, 1143, '01', 803, ''),
(0, 9, '10', 383, ''),
(0, 45, 'RC', 11, ''),
(0, 86, '01', 11, ''),
(0, 1350, 'A', 754, ''),
(0, 1642, 'FL', 12, ''),
(0, 1317, '01', 677, ''),
(0, 96, '02', 171, ''),
(0, 1274, '01', 565, ''),
(0, 1097, '06', 526, ''),
(0, 187, 'RE', 262, ''),
(0, 1728, '01', 237, ''),
(0, 1117, 'L3', 623, ''),
(0, 810, '01', 242, ''),
(0, 1569, '01', 402, ''),
(0, 1105, '01', 569, ''),
(0, 1092, '13', 388, ''),
(0, 81, '01', 332, ''),
(0, 1107, '01', 205, ''),
(0, 1178, '02', 40, ''),
(0, 1204, '01', 173, ''),
(0, 1115, '02', 42, ''),
(0, 241, 'D', 528, ''),
(0, 1412, '01', 235, ''),
(0, 1213, 'RC', 211, ''),
(0, 1433, '01', 75, ''),
(0, 1006, '01', 275, ''),
(0, 598, '02', 331, ''),
(0, 1166, '04', 14, ''),
(0, 1100, 'LF', 177, ''),
(0, 1205, 'RF', 11, ''),
(0, 602, 'RB', 529, ''),
(0, 1654, '1', 323, ''),
(0, 1166, '20', 640, ''),
(0, 20, 'RB', 11, ''),
(0, 1756, '01', 589, ''),
(0, 476, 'FPD', 538, ''),
(0, 1694, '01', 540, ''),
(0, 1510, '01', 570, ''),
(0, 18, 'FGI', 299, ''),
(0, 109, 'RB', 586, ''),
(0, 188, 'FLM', 12, ''),
(0, 18, 'FGF', 299, ''),
(0, 1233, '01', 317, ''),
(0, 96, 'RJ', 171, ''),
(0, 1390, '01', 502, ''),
(0, 1142, 'L3', 423, ''),
(0, 271, 'FLR', 12, ''),
(0, 1092, '06', 394, ''),
(0, 1166, '11', 636, ''),
(0, 14, '06', 11, ''),
(0, 23, '03', 341, ''),
(0, 23, '22', 361, ''),
(0, 187, 'RQ', 262, ''),
(0, 1191, '02', 523, ''),
(0, 18, 'FGD', 299, ''),
(0, 1091, 'LF', 11, ''),
(0, 1706, '01', 306, ''),
(0, 764, '01', 11, ''),
(0, 1680, '01', 635, ''),
(0, 18, 'FGH', 299, ''),
(0, 331, 'FM', 13, ''),
(0, 1091, 'LC', 11, ''),
(0, 23, '05', 344, ''),
(0, 752, '01', 483, ''),
(0, 622, '01', 388, ''),
(0, 871, '01', 144, ''),
(0, 1190, 'C', 576, ''),
(0, 102, 'RM', 785, ''),
(0, 1565, '01', 417, ''),
(0, 1, '01', 599, ''),
(0, 145, '08', 706, ''),
(0, 330, 'A', 661, ''),
(0, 86, '02', 603, ''),
(0, 694, '01', 73, ''),
(0, 854, '01', 637, ''),
(0, 384, 'C', 525, ''),
(0, 411, 'BS', 444, ''),
(0, 45, 'RA', 11, ''),
(0, 1634, '01', 709, ''),
(0, 1450, '01', 678, ''),
(0, 309, '02', 328, ''),
(0, 1726, '01', 57, ''),
(0, 23, '21', 360, ''),
(0, 163, 'S', 442, ''),
(0, 1339, '01', 54, ''),
(0, 602, 'RF', 529, ''),
(0, 1128, '05', 782, ''),
(0, 1194, '01', 30, ''),
(0, 331, 'FLS', 12, ''),
(0, 72, '01', 673, ''),
(0, 18, 'FGG', 299, ''),
(0, 1166, '01', 14, ''),
(0, 1703, '01', 231, ''),
(0, 107, '04', 244, ''),
(0, 341, '20', 563, ''),
(0, 262, '03', 613, ''),
(0, 1158, '01', 867, ''),
(0, 1271, '06', 681, ''),
(0, 880, '01', 648, ''),
(0, 454, '04', 828, ''),
(0, 1585, '01', 543, ''),
(0, 53, '13', 809, ''),
(0, 272, '01', 278, ''),
(0, 188, 'FOB', 11, ''),
(0, 1604, '01', 860, ''),
(0, 737, '01', 298, ''),
(0, 31, 'RE', 785, ''),
(0, 1491, '01', 706, ''),
(0, 20, 'LK', 11, ''),
(0, 432, '01', 645, ''),
(0, 45, 'RD', 11, ''),
(0, 542, '03', 70, ''),
(0, 1553, '01', 94, ''),
(0, 1141, 'D', 534, ''),
(0, 949, '01', 32, ''),
(0, 14, '02', 249, ''),
(0, 1388, '01', 712, ''),
(0, 188, 'FLL', 12, ''),
(0, 410, '03', 614, ''),
(0, 1121, '01', 637, ''),
(0, 1245, 'A', 11, ''),
(0, 109, 'A', 582, ''),
(0, 1232, '01', 165, ''),
(0, 209, '02', 384, ''),
(0, 376, '02', 215, ''),
(0, 1418, '02', 534, ''),
(0, 1255, '01', 180, ''),
(0, 506, 'RD', 11, ''),
(0, 1091, 'LD', 11, ''),
(0, 1191, '05', 537, ''),
(0, 1713, '01', 682, ''),
(0, 1398, 'B', 830, ''),
(0, 1025, '01', 485, ''),
(0, 1588, '01', 540, ''),
(0, 1283, '01', 590, ''),
(0, 45, 'LA', 11, ''),
(0, 1205, 'RD', 11, ''),
(0, 209, '01', 384, ''),
(0, 1558, '1', 595, ''),
(0, 1382, '01', 11, ''),
(0, 331, 'FLR', 12, ''),
(0, 242, '04', 212, ''),
(0, 834, 'NC', 637, ''),
(0, 1096, 'LA', 324, ''),
(0, 1537, '01', 594, ''),
(0, 1093, 'CS', 11, ''),
(0, 1252, '04', 776, ''),
(0, 1092, '03', 405, ''),
(0, 1191, '08', 534, ''),
(0, 1413, '01', 603, ''),
(0, 23, '13', 353, ''),
(0, 1293, 'B', 541, ''),
(0, 745, '01', 11, ''),
(0, 85, 'B', 453, ''),
(0, 1591, '01', 392, ''),
(0, 1253, 'A', 583, ''),
(0, 1176, 'A', 520, ''),
(0, 1737, '01', 314, ''),
(0, 1258, 'RB', 11, ''),
(0, 108, 'FLL', 12, ''),
(0, 229, 'FMB', 13, ''),
(0, 1243, '01', 174, ''),
(0, 939, '01', 240, ''),
(0, 1195, 'B', 789, ''),
(0, 1772, '01', 41, ''),
(0, 1021, '01', 11, ''),
(0, 31, 'RC', 785, ''),
(0, 1764, '12', 880, ''),
(0, 45, 'LE', 11, ''),
(0, 1549, 'A', 537, ''),
(0, 331, 'FLK', 12, ''),
(0, 79, 'RD', 11, ''),
(0, 28, 'FLN', 12, ''),
(0, 1115, 'LB', 42, ''),
(0, 1727, '01', 545, ''),
(0, 1166, '05', 31, ''),
(0, 1229, 'LA', 11, ''),
(0, 4, '06', 11, ''),
(0, 1519, '01', 11, ''),
(0, 27, 'FL', 12, ''),
(0, 856, 'B', 594, ''),
(0, 361, '01', 516, ''),
(0, 1514, '01', 740, ''),
(0, 892, '01', 620, ''),
(0, 1773, '22', 554, ''),
(0, 1104, '01', 133, ''),
(0, 1464, '01', 92, ''),
(0, 189, '01', 27, ''),
(0, 101, 'NC', 11, ''),
(0, 96, 'LG', 171, ''),
(0, 1125, '01', 124, ''),
(0, 1630, '07', 467, ''),
(0, 1091, 'RC', 11, ''),
(0, 1179, '01', 464, ''),
(0, 348, '01', 834, ''),
(0, 1129, '02', 625, ''),
(0, 545, '02', 499, ''),
(0, 276, 'TC', 11, ''),
(0, 96, 'RI', 171, ''),
(0, 23, '02', 340, ''),
(0, 9, '02', 379, ''),
(0, 229, 'FGA', 299, ''),
(0, 212, '04', 91, ''),
(0, 1545, '01', 54, ''),
(0, 294, 'C', 774, ''),
(0, 389, '02', 602, ''),
(0, 1166, '07', 563, ''),
(0, 812, '01', 633, ''),
(0, 950, '01', 485, ''),
(0, 1112, '01', 11, ''),
(0, 1750, '01', 867, ''),
(0, 1256, 'RH', 11, ''),
(0, 1387, 'RA', 11, ''),
(0, 242, '01', 212, ''),
(0, 1622, '01', 312, ''),
(0, 188, 'FGA', 299, ''),
(0, 1481, '02', 693, ''),
(0, 1430, '01', 239, ''),
(0, 262, '02', 612, ''),
(0, 1610, 'A', 566, ''),
(0, 1330, '01', 198, ''),
(0, 1265, '01', 131, ''),
(0, 209, '03', 385, ''),
(0, 1097, '04', 520, ''),
(0, 476, 'FPB', 538, ''),
(0, 188, 'FLQ', 12, ''),
(0, 1603, '01', 674, ''),
(0, 96, 'LF', 171, ''),
(0, 187, 'RO', 262, ''),
(0, 294, 'H', 769, ''),
(0, 1616, '01', 596, ''),
(0, 1103, '02', 861, ''),
(0, 187, 'RB', 262, ''),
(0, 437, '01', 462, ''),
(0, 204, '01', 389, ''),
(0, 1289, '01', 820, ''),
(0, 211, 'A', 520, ''),
(0, 1131, '02', 24, ''),
(0, 18, 'FGN', 299, ''),
(0, 327, 'RA', 11, ''),
(0, 1145, '01', 407, ''),
(0, 1736, 'S', 877, ''),
(0, 1149, 'LE', 56, ''),
(0, 23, '19', 372, ''),
(0, 31, 'RA', 785, ''),
(0, 194, '01', 741, ''),
(0, 722, '02', 284, ''),
(0, 1470, '01', 727, ''),
(0, 1205, 'RI', 11, ''),
(0, 69, 'A', 782, ''),
(0, 1494, '01', 2, ''),
(0, 829, '01', 298, ''),
(0, 1273, '01', 322, ''),
(0, 936, '01', 11, ''),
(0, 424, '08', 15, ''),
(0, 1096, 'LB', 324, ''),
(0, 211, 'B', 531, ''),
(0, 124, 'ZZ', 11, ''),
(0, 187, 'RK', 262, ''),
(0, 675, '01', 11, ''),
(0, 219, 'A', 658, ''),
(0, 1725, '01', 719, ''),
(0, 182, '01', 34, ''),
(0, 1088, '02', 604, ''),
(0, 1460, '01', 302, ''),
(0, 1091, 'LL', 11, ''),
(0, 148, 'FM', 13, ''),
(0, 470, '01', 123, ''),
(0, 1739, '01', 464, ''),
(0, 552, '01', 281, ''),
(0, 459, 'B', 11, ''),
(0, 262, '04', 613, ''),
(0, 1602, '01', 669, ''),
(0, 1091, 'RD', 11, ''),
(0, 232, '01', 94, ''),
(0, 46, 'RB', 280, ''),
(0, 79, 'RB', 807, ''),
(0, 1432, 'R', 839, ''),
(0, 1729, '01', 184, ''),
(0, 148, 'FPC', 538, ''),
(0, 1236, '01', 315, ''),
(0, 1092, '11', 403, ''),
(0, 1095, '02', 20, ''),
(0, 1344, '01', 17, ''),
(0, 1366, '01', 422, ''),
(0, 516, '05', 796, ''),
(0, 4, '01', 155, ''),
(0, 23, '09', 354, ''),
(0, 1321, '01', 627, ''),
(0, 272, '03', 266, ''),
(0, 1534, '01', 75, ''),
(0, 85, 'A', 453, ''),
(0, 1222, '01', 140, ''),
(0, 454, '01', 11, ''),
(0, 303, '01', 634, ''),
(0, 577, '02', 155, ''),
(0, 1252, '11', 787, ''),
(0, 1471, '01', 311, ''),
(0, 1276, '22', 558, ''),
(0, 1666, '14', 11, ''),
(0, 1711, '02', 570, ''),
(0, 188, 'FLT', 12, ''),
(0, 1144, '03', 11, ''),
(0, 1658, '01', 74, ''),
(0, 23, '14', 351, ''),
(0, 1520, '01', 850, ''),
(0, 1375, 'C', 587, ''),
(0, 1158, '02', 11, ''),
(0, 1217, 'RC', 41, ''),
(0, 909, '02', 260, ''),
(0, 1418, '03', 197, ''),
(0, 1205, 'RB', 11, ''),
(0, 597, '01', 97, ''),
(0, 1627, '01', 302, ''),
(0, 1212, 'CEE', 11, ''),
(0, 620, 'RCT', 11, ''),
(0, 31, 'B', 784, ''),
(0, 259, '01', 41, ''),
(0, 101, '01', 11, ''),
(0, 78, 'FLR', 12, ''),
(0, 1071, '06', 765, ''),
(0, 294, 'RE', 787, ''),
(0, 1663, '01', 865, ''),
(0, 1629, '01', 544, ''),
(0, 1600, 'B', 182, ''),
(0, 1675, '01', 206, ''),
(0, 1153, '01', 28, ''),
(0, 107, '03', 11, ''),
(0, 602, 'RD', 529, ''),
(0, 1718, '01', 253, ''),
(0, 9, '04', 380, ''),
(0, 1249, '01', 809, ''),
(0, 602, 'A', 521, ''),
(0, 1478, '01', 179, ''),
(0, 148, 'FMB', 13, ''),
(0, 1409, '01', 255, ''),
(0, 542, '06', 50, ''),
(0, 1422, 'A', 784, ''),
(0, 188, 'FLU', 12, ''),
(0, 909, '01', 241, ''),
(0, 1271, '03', 688, ''),
(0, 1505, '01', 612, ''),
(0, 1748, '01', 330, ''),
(0, 1149, 'LL', 56, ''),
(0, 834, '01', 637, ''),
(0, 1097, '05', 537, ''),
(0, 946, 'A', 11, ''),
(0, 1134, 'RE', 205, ''),
(0, 22, '01', 864, ''),
(0, 1061, '01', 498, ''),
(0, 674, '01', 96, ''),
(0, 1174, 'B', 195, ''),
(0, 272, '05', 278, ''),
(0, 1378, '01', 297, ''),
(0, 1618, '01', 626, ''),
(0, 1049, '34', 549, ''),
(0, 53, '11', 809, ''),
(0, 1561, '01', 226, ''),
(0, 378, 'L3', 638, ''),
(0, 23, '16', 11, ''),
(0, 1596, '01', 26, ''),
(0, 1178, '03', 213, ''),
(0, 46, 'RA', 280, ''),
(0, 1454, '01', 542, ''),
(0, 1188, '01', 255, ''),
(0, 1091, 'LZ', 11, ''),
(0, 708, '01', 510, ''),
(0, 187, 'RA', 262, ''),
(0, 602, 'B', 523, ''),
(0, 1156, '01', 543, ''),
(0, 1664, '01', 548, ''),
(0, 424, '02', 22, ''),
(0, 347, '01', 812, ''),
(0, 246, '02', 462, ''),
(0, 1717, '01', 601, ''),
(0, 718, '01', 481, ''),
(0, 1668, '01', 752, ''),
(0, 52, '09', 11, ''),
(0, 1183, 'RA', 41, ''),
(0, 1166, '12', 638, ''),
(0, 1195, 'C', 788, ''),
(0, 188, 'FGB', 299, ''),
(0, 1742, 'LA', 67, ''),
(0, 1267, 'A', 535, ''),
(0, 1204, 'RB', 11, ''),
(0, 359, '01', 283, ''),
(0, 1381, '01', 62, ''),
(0, 178, '01', 88, ''),
(0, 1149, 'LC', 56, ''),
(0, 1574, '01', 546, ''),
(0, 1166, '17', 641, ''),
(0, 498, '01', 749, ''),
(0, 1186, 'B', 547, ''),
(0, 20, 'LB', 11, ''),
(0, 713, '02', 634, ''),
(0, 1096, 'LH', 324, ''),
(0, 1165, '07', 545, ''),
(0, 1352, '01', 300, ''),
(0, 812, 'NC', 633, ''),
(0, 1092, '02', 389, ''),
(0, 1568, '01', 410, ''),
(0, 4, '03', 11, ''),
(0, 1113, '01', 11, ''),
(0, 1347, 'RC', 41, ''),
(0, 1310, '08', 552, ''),
(0, 1671, '01', 416, ''),
(0, 988, '01', 11, ''),
(0, 1768, '01', 54, ''),
(0, 1174, 'C', 195, ''),
(0, 855, '01', 692, ''),
(0, 431, '02', 829, ''),
(0, 27, 'FM', 13, ''),
(0, 211, 'RE', 529, ''),
(0, 516, '03', 305, ''),
(0, 1104, 'RA', 133, ''),
(0, 109, 'B', 584, ''),
(0, 982, 'FLK', 11, ''),
(0, 609, '01', 604, ''),
(0, 410, '01', 601, ''),
(0, 362, 'B', 739, ''),
(0, 1242, '01', 32, ''),
(0, 1034, '18', 149, ''),
(0, 1247, '06', 226, ''),
(0, 31, 'RG', 785, ''),
(0, 1333, 'FLP', 12, ''),
(0, 1362, '01', 594, ''),
(0, 1191, '04', 520, ''),
(0, 1213, 'RA', 211, ''),
(0, 1092, '16', 402, ''),
(0, 1151, '01', 65, ''),
(0, 503, '01', 509, ''),
(0, 90, '05', 707, ''),
(0, 1659, '01', 398, ''),
(0, 516, '01', 559, ''),
(0, 1185, '01', 615, ''),
(0, 274, '01', 277, ''),
(0, 1285, '01', 649, ''),
(0, 271, 'FM', 13, ''),
(0, 148, 'FP', 538, ''),
(0, 271, 'FLK', 12, ''),
(0, 1326, '01', 23, ''),
(0, 1211, 'FMA', 13, ''),
(0, 23, '99', 11, ''),
(0, 13, '01', 257, ''),
(0, 4, '04', 159, ''),
(0, 1333, 'FM', 13, ''),
(0, 1001, 'A', 499, ''),
(0, 732, 'TC', 11, ''),
(0, 306, '01', 640, ''),
(0, 1230, '01', 749, ''),
(0, 1698, '01', 590, ''),
(0, 124, 'RD', 776, ''),
(0, 1319, 'RB', 711, ''),
(0, 1131, '05', 40, ''),
(0, 1578, '01', 636, ''),
(0, 1245, 'C', 11, ''),
(0, 1210, 'RB', 11, ''),
(0, 1594, '01', 42, ''),
(0, 1306, 'R', 39, ''),
(0, 1645, '01', 11, ''),
(0, 1619, '01', 121, ''),
(0, 1176, 'C', 534, ''),
(0, 109, 'RA', 586, ''),
(0, 893, '01', 279, ''),
(0, 580, '01', 257, ''),
(0, 58, '01', 501, ''),
(0, 1751, '01', 468, ''),
(0, 1100, 'LD', 177, ''),
(0, 212, '01', 100, ''),
(0, 188, 'FLS', 12, ''),
(0, 1701, '02', 234, ''),
(0, 1653, '01', 542, ''),
(0, 331, 'FLM', 12, ''),
(0, 1617, '01', 209, ''),
(0, 1775, '01', 300, ''),
(0, 1372, '01', 226, ''),
(0, 1523, 'CHE', 68, ''),
(0, 1733, '01', 210, ''),
(0, 1237, '03', 301, ''),
(0, 1406, '01', 686, ''),
(0, 1102, '42', 17, ''),
(0, 1169, '01', 566, ''),
(0, 1423, '01', 835, ''),
(0, 1244, 'B', 738, ''),
(0, 1527, '01', 116, ''),
(0, 1369, '01', 700, ''),
(0, 123, '02', 374, ''),
(0, 1186, 'A', 547, ''),
(0, 1091, 'LQ', 11, ''),
(0, 1098, 'RC', 11, ''),
(0, 376, '04', 11, ''),
(0, 1319, 'A', 711, ''),
(0, 1184, '01', 242, ''),
(0, 1760, 'S', 11, ''),
(0, 78, 'FLL', 12, ''),
(0, 31, 'RF', 785, ''),
(0, 1325, '01', 825, ''),
(0, 1191, '09', 529, ''),
(0, 1488, '01', 280, ''),
(0, 1013, '02', 11, ''),
(0, 432, 'NC', 645, ''),
(0, 1468, 'A', 767, ''),
(0, 1258, '01', 565, ''),
(0, 1245, 'G', 11, ''),
(0, 1160, 'ACE', 132, ''),
(0, 79, 'RC', 807, ''),
(0, 296, 'S', 11, ''),
(0, 199, 'D', 488, ''),
(0, 1193, '01', 631, ''),
(0, 1165, '05', 576, ''),
(0, 1222, 'C', 140, ''),
(0, 1647, '01', 575, ''),
(0, 69, 'B', 787, ''),
(0, 78, 'FLS', 12, ''),
(0, 1408, 'D', 37, ''),
(0, 331, 'FLQ', 12, ''),
(0, 1609, '01', 201, ''),
(0, 72, '06', 675, ''),
(0, 124, 'E', 779, ''),
(0, 1264, '01', 101, ''),
(0, 1441, '01', 756, ''),
(0, 241, 'A', 530, ''),
(0, 616, '01', 275, ''),
(0, 1087, '01', 326, ''),
(0, 1091, 'LS', 11, ''),
(0, 1155, '01', 92, ''),
(0, 1191, '07', 521, ''),
(0, 494, '03', 466, ''),
(0, 96, 'LC', 171, ''),
(0, 1195, 'A', 791, ''),
(0, 1395, '01', 11, ''),
(0, 815, '01', 725, ''),
(0, 174, 'B', 872, ''),
(0, 1695, '01', 871, ''),
(0, 1571, 'FH', 11, ''),
(0, 802, '01', 84, ''),
(0, 248, '02', 251, ''),
(0, 1366, '02', 627, ''),
(0, 436, '01', 268, ''),
(0, 1597, '01', 576, ''),
(0, 28, 'FLK', 12, ''),
(0, 1401, '01', 715, ''),
(0, 45, '01', 689, ''),
(0, 211, 'RC', 529, ''),
(0, 1108, '01', 213, ''),
(0, 1304, 'FLT', 12, ''),
(0, 517, '01', 608, ''),
(0, 516, '02', 252, ''),
(0, 768, '01', 633, ''),
(0, 1123, '01', 479, ''),
(0, 1287, '01', 819, ''),
(0, 193, '03', 629, ''),
(0, 955, '01', 837, ''),
(0, 331, 'FLT', 12, ''),
(0, 294, 'E', 771, ''),
(0, 1149, 'LH', 56, ''),
(0, 1166, '02', 708, ''),
(0, 1521, '01', 170, ''),
(0, 331, 'FLU', 12, ''),
(0, 1134, '01', 205, ''),
(0, 1096, 'LF', 324, ''),
(0, 187, 'RJ', 262, ''),
(0, 27, 'FH', 11, ''),
(0, 1092, '05', 404, ''),
(0, 1782, '01', 795, ''),
(0, 495, '01', 11, ''),
(0, 1593, '01', 544, ''),
(0, 1096, 'LG', 324, ''),
(0, 102, 'A', 779, ''),
(0, 13, 'R', 257, ''),
(0, 1217, 'RA', 41, ''),
(0, 1407, 'LA', 832, ''),
(0, 22, '03', 736, ''),
(0, 1648, '05', 556, ''),
(0, 123, '03', 376, ''),
(0, 271, 'FLP', 12, ''),
(0, 1582, '01', 139, ''),
(0, 212, '23', 114, ''),
(0, 1198, '01', 48, ''),
(0, 1619, 'LA', 121, ''),
(0, 294, 'A', 766, ''),
(0, 596, 'A', 662, ''),
(0, 81, '02', 333, ''),
(0, 1091, 'LN', 11, ''),
(0, 1051, 'RA', 11, ''),
(0, 174, 'C', 857, ''),
(0, 571, '02', 5, ''),
(0, 286, '01', 386, ''),
(0, 818, 'A', 497, ''),
(0, 787, 'S', 459, ''),
(0, 23, '32', 359, ''),
(0, 1104, 'RB', 133, ''),
(0, 1271, '01', 685, ''),
(0, 1133, '01', 540, ''),
(0, 1028, '01', 221, ''),
(0, 711, '01', 11, ''),
(0, 757, '001', 5, ''),
(0, 96, 'LH', 171, ''),
(0, 1149, 'LA', 56, ''),
(0, 187, '01', 262, ''),
(0, 1252, '09', 791, ''),
(0, 506, 'RA', 11, ''),
(0, 1141, 'B', 537, ''),
(0, 186, '01', 275, ''),
(0, 107, '02', 11, ''),
(0, 53, '14', 258, ''),
(0, 1304, 'FLN', 12, ''),
(0, 78, 'FLK', 12, ''),
(0, 242, '03', 212, ''),
(0, 1100, 'LP', 177, ''),
(0, 536, '01', 11, ''),
(0, 1456, '01', 336, ''),
(0, 20, 'RA', 11, ''),
(0, 1091, 'LW', 11, ''),
(0, 722, '01', 11, ''),
(0, 545, '03', 482, ''),
(0, 1225, 'LB', 185, ''),
(0, 1763, '01', 306, ''),
(0, 72, '04', 676, ''),
(0, 853, 'A', 490, ''),
(0, 1240, '02', 260, ''),
(0, 1636, '01', 327, '');
INSERT INTO `class_section` (`id`, `class_id`, `section`, `instructor_id`, `location`) VALUES
(0, 1458, '01', 200, ''),
(0, 1182, '01', 162, ''),
(0, 271, 'FLM', 12, ''),
(0, 1405, '01', 831, ''),
(0, 1252, '05', 782, ''),
(0, 1115, 'LA', 42, ''),
(0, 102, 'D', 780, ''),
(0, 1346, '01', 289, ''),
(0, 1540, '01', 219, ''),
(0, 1445, 'RA', 711, ''),
(0, 360, '01', 717, ''),
(0, 1291, '01', 11, ''),
(0, 23, '35', 11, ''),
(0, 271, 'TC', 11, ''),
(0, 1272, '01', 166, ''),
(0, 294, 'RB', 787, ''),
(0, 1398, 'R', 830, ''),
(0, 1583, '01', 178, ''),
(0, 642, '01', 881, ''),
(0, 1149, '01', 61, ''),
(0, 1213, '01', 211, ''),
(0, 1781, '01', 11, ''),
(0, 1303, '01', 544, ''),
(0, 1137, '01', 620, ''),
(0, 1732, '01', 144, ''),
(0, 1699, '01', 682, ''),
(0, 142, '03', 11, ''),
(0, 1117, 'L4', 624, ''),
(0, 102, 'RA', 785, ''),
(0, 1633, 'ME3', 628, ''),
(0, 52, '04', 11, ''),
(0, 56, 'E', 770, ''),
(0, 124, 'C', 779, ''),
(0, 1607, '02', 410, ''),
(0, 1169, '03', 537, ''),
(0, 45, 'LD', 11, ''),
(0, 1463, '01', 39, ''),
(0, 87, '02', 1, ''),
(0, 276, 'FG', 299, ''),
(0, 1592, '01', 565, ''),
(0, 102, 'RF', 785, ''),
(0, 1473, '01', 825, ''),
(0, 16, 'E', 523, ''),
(0, 9, '09', 383, ''),
(0, 1261, '01', 69, ''),
(0, 454, '02', 743, ''),
(0, 20, 'RD', 11, ''),
(0, 1134, 'RB', 205, ''),
(0, 271, 'FLL', 12, ''),
(0, 1314, '01', 225, ''),
(0, 167, '01', 11, ''),
(0, 294, 'RG', 787, ''),
(0, 1166, '12L', 638, ''),
(0, 148, 'FPA', 538, ''),
(0, 1385, 'A', 789, ''),
(0, 906, 'A', 11, ''),
(0, 188, 'FLW', 12, ''),
(0, 1665, '01', 464, ''),
(0, 1355, '01', 20, ''),
(0, 78, 'FLU', 12, ''),
(0, 1100, 'LH', 177, ''),
(0, 1576, '01', 211, ''),
(0, 1689, 'WA', 11, ''),
(0, 494, '07', 467, ''),
(0, 1097, '03', 535, ''),
(0, 1141, 'C', 534, ''),
(0, 223, '01', 322, ''),
(0, 16, 'B', 521, ''),
(0, 1449, 'C', 192, ''),
(0, 262, '01', 216, ''),
(0, 1166, '18', 806, ''),
(0, 1329, '01', 100, ''),
(0, 241, 'RD', 529, ''),
(0, 1476, '01', 569, ''),
(0, 378, 'L2', 638, ''),
(0, 1166, '23', 651, ''),
(0, 223, 'RSP', 11, ''),
(0, 1163, '03', 537, ''),
(0, 109, 'RD', 586, ''),
(0, 1581, '37', 553, ''),
(0, 571, '03', 296, ''),
(0, 1208, '04', 27, ''),
(0, 1282, '01', 818, ''),
(0, 1098, 'RD', 11, ''),
(0, 1205, 'RE', 11, ''),
(0, 1436, '01', 415, ''),
(0, 1204, 'LD', 11, ''),
(0, 187, 'RF', 262, ''),
(0, 1607, '01', 11, ''),
(0, 831, '01', 759, ''),
(0, 891, '01', 11, ''),
(0, 529, '01', 263, ''),
(0, 1547, '01', 852, ''),
(0, 1771, '01', 79, ''),
(0, 1643, '01', 11, ''),
(0, 96, 'RA', 171, ''),
(0, 1744, '01', 543, ''),
(0, 215, 'BC', 337, ''),
(0, 1091, 'LT', 11, ''),
(0, 1098, 'RA', 11, ''),
(0, 1010, '01', 742, ''),
(0, 1489, '01', 748, ''),
(0, 271, 'FLT', 12, ''),
(0, 1269, '01', 253, ''),
(0, 353, '01', 641, ''),
(0, 199, 'C', 487, ''),
(0, 1166, '09', 631, ''),
(0, 1204, 'RA', 173, ''),
(0, 405, '01', 639, ''),
(0, 1415, '01', 207, ''),
(0, 96, '01', 171, ''),
(0, 193, '01', 425, ''),
(0, 1302, '01', 29, ''),
(0, 685, 'B', 780, ''),
(0, 1354, '15', 205, ''),
(0, 1211, 'FMB', 13, ''),
(0, 271, 'FLS', 12, ''),
(0, 1416, '01', 590, ''),
(0, 1419, 'RB', 188, ''),
(0, 492, 'A', 11, ''),
(0, 1657, '29', 559, ''),
(0, 9, '01', 378, ''),
(0, 53, '17', 403, ''),
(0, 1119, '01', 705, ''),
(0, 272, '02', 266, ''),
(0, 431, '04', 617, ''),
(0, 484, 'N1', 634, ''),
(0, 1134, 'RC', 205, ''),
(0, 382, 'RC', 11, ''),
(0, 83, 'A', 822, ''),
(0, 852, 'BR', 130, ''),
(0, 1227, '01', 391, ''),
(0, 1442, '01', 164, ''),
(0, 1229, 'LB', 11, ''),
(0, 1149, 'LJ', 56, ''),
(0, 1262, '01', 37, ''),
(0, 1293, 'A', 539, ''),
(0, 1263, 'B', 788, ''),
(0, 1461, 'B', 843, ''),
(0, 1589, '01', 396, ''),
(0, 1655, '01', 199, ''),
(0, 108, 'FP', 538, ''),
(0, 188, 'FLR', 12, ''),
(0, 1100, '01', 177, ''),
(0, 1551, '01', 2, ''),
(0, 1611, '01', 150, ''),
(0, 1691, '01', 69, ''),
(0, 416, 'A', 490, ''),
(0, 1117, '01', 624, ''),
(0, 276, 'TCD', 11, ''),
(0, 1637, '01', 11, ''),
(0, 187, 'RL', 262, ''),
(0, 1148, '01', 126, ''),
(0, 1312, '01', 105, ''),
(0, 1379, '01', 750, ''),
(0, 1097, '07', 521, ''),
(0, 1145, '02', 16, ''),
(0, 517, '02', 607, ''),
(0, 188, 'FOA', 11, ''),
(0, 87, '03', 1, ''),
(0, 1256, 'RF', 11, ''),
(0, 294, 'D', 766, ''),
(0, 9, '08', 382, ''),
(0, 1251, 'R', 138, ''),
(0, 1198, 'LB', 48, ''),
(0, 18, 'FGB', 299, ''),
(0, 1091, 'LJ', 11, ''),
(0, 1513, '01', 80, ''),
(0, 1487, '03', 879, ''),
(0, 102, 'RL', 785, ''),
(0, 294, 'RH', 787, ''),
(0, 1279, 'B', 856, ''),
(0, 1149, 'LI', 56, ''),
(0, 1504, '01', 813, ''),
(0, 20, 'LE', 11, ''),
(0, 1554, '01', 200, ''),
(0, 454, '03', 828, ''),
(0, 481, '01', 252, ''),
(0, 1171, '99', 759, ''),
(0, 1097, '01', 533, ''),
(0, 1500, 'CE', 847, ''),
(0, 271, 'FLQ', 12, ''),
(0, 46, 'RF', 280, ''),
(0, 1453, '01', 91, ''),
(0, 53, '18', 752, ''),
(0, 1052, '01', 649, ''),
(0, 31, 'F', 783, ''),
(0, 1118, '13', 564, ''),
(0, 1163, '01', 566, ''),
(0, 1166, '24', 17, ''),
(0, 1054, '01', 96, ''),
(0, 241, 'RE', 529, ''),
(0, 1449, 'D', 193, '');

-- --------------------------------------------------------

--
-- Table structure for table `ds_category`
--

CREATE TABLE IF NOT EXISTS `ds_category` (
  `id` int(11) NOT NULL AUTO_INCREMENT,
  `name` varchar(256) NOT NULL,
  PRIMARY KEY (`id`),
  UNIQUE KEY `name` (`name`)
) ENGINE=InnoDB  DEFAULT CHARSET=latin1 AUTO_INCREMENT=31 ;

--
-- Dumping data for table `ds_category`
--

INSERT INTO `ds_category` (`id`, `name`) VALUES
(30, 'BSCS_2015'),
(26, 'BSCS_2015_Breadth'),
(28, 'BSCS_2015_Concentration'),
(27, 'BSCS_2015_Foundation'),
(29, 'BSCS_2015_Free'),
(25, 'BSCS_2015_HASS'),
(24, 'BSCS_2015_Introductory');

-- --------------------------------------------------------

--
-- Table structure for table `ds_category_rule`
--

CREATE TABLE IF NOT EXISTS `ds_category_rule` (
  `id` int(11) NOT NULL AUTO_INCREMENT,
  `category` int(11) NOT NULL,
  `ruletype` int(11) NOT NULL,
  `class_id` int(11) DEFAULT NULL,
  `category_id` int(11) DEFAULT NULL,
  `inherited_id` int(11) DEFAULT NULL,
  `passfail_allowed` tinyint(4) DEFAULT NULL,
  PRIMARY KEY (`id`),
  UNIQUE KEY `category` (`category`,`ruletype`,`class_id`)
) ENGINE=InnoDB  DEFAULT CHARSET=latin1 AUTO_INCREMENT=2144 ;

--
-- Dumping data for table `ds_category_rule`
--

INSERT INTO `ds_category_rule` (`id`, `category`, `ruletype`, `class_id`, `category_id`, `inherited_id`, `passfail_allowed`) VALUES
(2110, 24, 1, 1783, NULL, NULL, 0),
(2113, 24, 1, 1096, NULL, NULL, 0),
(2114, 24, 1, 410, NULL, NULL, NULL),
(2115, 24, 1, 431, NULL, NULL, NULL),
(2116, 24, 1, 517, NULL, NULL, NULL),
(2117, 24, 1, 609, NULL, NULL, NULL),
(2118, 24, 1, 45, NULL, NULL, NULL),
(2119, 30, 4, NULL, NULL, 24, NULL),
(2120, 30, 4, NULL, NULL, 25, NULL),
(2121, 30, 4, NULL, NULL, 26, NULL),
(2122, 30, 4, NULL, NULL, 27, NULL),
(2123, 30, 4, NULL, NULL, 28, NULL),
(2124, 30, 4, NULL, NULL, 29, NULL),
(2125, 24, 1, 20, NULL, NULL, NULL),
(2126, 24, 1, 314, NULL, NULL, NULL),
(2127, 24, 2, NULL, 12, NULL, NULL),
(2128, 25, 1, 123, NULL, NULL, NULL),
(2129, 25, 2, NULL, 1, NULL, NULL),
(2130, 25, 2, NULL, 10, NULL, NULL),
(2131, 26, 1, 65, NULL, NULL, NULL),
(2132, 27, 1, 87, NULL, NULL, NULL),
(2133, 27, 1, 242, NULL, NULL, NULL),
(2134, 27, 1, 40, NULL, NULL, NULL),
(2135, 27, 1, 1536, NULL, NULL, NULL),
(2136, 27, 1, 852, NULL, NULL, NULL),
(2137, 28, 1, 397, NULL, NULL, NULL),
(2138, 28, 1, 671, NULL, NULL, NULL),
(2139, 28, 1, 799, NULL, NULL, NULL),
(2140, 28, 1, 1701, NULL, NULL, NULL),
(2141, 28, 1, 1069, NULL, NULL, NULL),
(2142, 28, 1, 1132, NULL, NULL, NULL),
(2143, 29, 2, NULL, 24, NULL, NULL);

-- --------------------------------------------------------

--
-- Table structure for table `ds_category_ruletype`
--

CREATE TABLE IF NOT EXISTS `ds_category_ruletype` (
  `id` int(11) NOT NULL AUTO_INCREMENT,
  `ruletype` varchar(32) NOT NULL,
  PRIMARY KEY (`id`)
) ENGINE=InnoDB  DEFAULT CHARSET=latin1 AUTO_INCREMENT=5 ;

--
-- Dumping data for table `ds_category_ruletype`
--

INSERT INTO `ds_category_ruletype` (`id`, `ruletype`) VALUES
(1, 'class'),
(2, 'category'),
(4, 'inherit');

-- --------------------------------------------------------

--
-- Table structure for table `instructor`
--

CREATE TABLE IF NOT EXISTS `instructor` (
  `id` int(11) NOT NULL AUTO_INCREMENT,
  `name` varchar(128) NOT NULL,
  `email` varchar(128) NOT NULL,
  PRIMARY KEY (`id`),
  UNIQUE KEY `name` (`name`)
) ENGINE=InnoDB  DEFAULT CHARSET=latin1 AUTO_INCREMENT=885 ;

--
-- Dumping data for table `instructor`
--

INSERT INTO `instructor` (`id`, `name`, `email`) VALUES
(1, 'Mark A Sheldon', 'msheldon@cs.tufts.edu'),
(2, 'Gloria J Ascher', ''),
(3, 'Jeanne C Dillon', ''),
(4, 'Jean L S Herbert', ''),
(5, 'Christopher Manos', ''),
(6, 'Linda M Sullivan', ''),
(7, 'Claire Nicole Weigand', ''),
(8, 'Carol Baffi-Dugan', ''),
(9, 'Robert D. Mack', ''),
(10, 'Branwen C A Smith-King', ''),
(11, 'Staff', ''),
(12, 'Simon J. Steel', ''),
(13, 'Susan Sanchez-Casal', ''),
(14, 'Greg Thomas', ''),
(15, 'Jean Y Wu', ''),
(16, 'Ronna C Johnson', ''),
(17, 'Peniel E. Joseph', ''),
(18, 'Natalie Masuoka', ''),
(19, 'Lisa Lowe', ''),
(20, 'Heather D Curtis', ''),
(21, 'Catherine Louise Stanton', ''),
(22, 'Deborah Pacini', ''),
(23, 'Adriana Zavala Zum Brook', ''),
(24, 'Thomas Abowd', ''),
(25, 'Thomas Chiachieh Chen', ''),
(26, 'Andrew R. Tirrell', ''),
(27, 'Amahl Bishara', ''),
(28, 'Alexander Blanchette', ''),
(29, 'Lauren A. Sullivan', ''),
(30, 'Stephen M Bailey', ''),
(31, 'Rosalind H Shaw', ''),
(32, 'Sarah Pinto', ''),
(33, 'Anna Jaysane-Darr', ''),
(34, 'Paula Aymer', ''),
(35, 'Haci Osman Gunduz', ''),
(36, 'Fadi Jajji', ''),
(37, 'Rabab El Nady', ''),
(38, 'Souhad B. Zendah', ''),
(39, 'Kamran Rastegar', ''),
(40, 'Kareem J Roustom', ''),
(41, 'James Matthew Harrington', ''),
(42, 'John C Ridge', ''),
(43, 'Kenneth R Lang', ''),
(44, 'Anna Sajina', ''),
(45, 'Danilo Marchesini', ''),
(46, 'George S Ellmore', ''),
(47, 'Stephen Sarikas', ''),
(48, 'Elizabeth R. Whitney', ''),
(49, 'Monica A Pessina', ''),
(50, 'J Michael Reed', ''),
(51, 'Paul C Leavis', ''),
(52, 'Jean L Martens', ''),
(53, 'Kelly A. McLaughlin', ''),
(54, 'Susan L. Koegel', ''),
(55, 'Michelle Gaudette', ''),
(56, 'Michael E Grossi', ''),
(57, 'Donna Slonim', ''),
(58, 'Eric Tytell', ''),
(59, 'Barry Trimmer', ''),
(60, 'Jan Pechenik', ''),
(61, 'Frances Sze-Ling Chew', ''),
(62, 'Mitch McVey', ''),
(63, 'Susan G Ernst', ''),
(64, 'Harry Bernheim', ''),
(65, 'L Michael Romero', ''),
(66, 'Sara M. Lewis', ''),
(67, 'Elizabeth E. Crone', ''),
(68, 'Hyunmin Yi', ''),
(69, 'Joshua A. Kritzer', ''),
(70, 'Philip T.B. Starks', ''),
(71, 'David E Cochrane', ''),
(72, 'Michael Levin', ''),
(73, 'Colin Orians', ''),
(74, 'Erik Dopman', ''),
(75, 'David L Kaplan', ''),
(76, 'Lauren D. Black III', ''),
(77, 'Fiorenzo Omenetto', ''),
(78, 'Martin A. Hunter', ''),
(79, 'Irene Georgakoudi', ''),
(80, 'Sergio Fantini', ''),
(81, 'Catherine K. Kuo', ''),
(82, 'Qiaobing Xu', ''),
(83, 'Mark Cronin-Golomb', ''),
(84, 'David Aurelio', ''),
(85, 'Benedetto Marelli', ''),
(86, 'Anthony Barry', ''),
(87, 'Bruce John Benson Panilaitis', ''),
(88, 'Calvin L Gidney', ''),
(89, 'Martha Pott', ''),
(90, 'Jayanthi Mistry', ''),
(91, 'Mary E. Casey', ''),
(92, 'John Lippitt', ''),
(93, 'Laura E Vanderberg', ''),
(94, 'W George Scarlett', ''),
(95, 'Kerri L Modry-Mandell', ''),
(96, 'Terrell A Clark', ''),
(97, 'James S Lipsky', ''),
(98, 'Amy Szarkowski', ''),
(99, 'Cynthia Ballenger', ''),
(100, 'Marina U Bers', ''),
(101, 'Julie Dobrow', ''),
(102, 'M Ann Easterbrooks', ''),
(103, 'David H Feldman', ''),
(104, 'Francine Jacobs', ''),
(105, 'Richard M. Lerner', ''),
(106, 'Tama Leventhal', ''),
(107, 'Christine McWayne', ''),
(108, 'Lynn Meltzer', ''),
(109, 'Ellen Pinderhughes', ''),
(110, 'Maryanne Wolf', ''),
(111, 'Jonathan Zaff', ''),
(112, 'Kathleen A Camara', ''),
(113, 'Sasha Fleary', ''),
(114, 'Bruce Johnson', ''),
(115, 'Kristina Lauren Schmid Callina', ''),
(116, 'Renata Celichowska', ''),
(117, 'Samantha Daley', ''),
(118, 'Sara K. Johnson', ''),
(119, 'Masoud Sanayei', ''),
(120, 'Brian Brenner', ''),
(121, 'John L Durant', ''),
(122, 'Christopher Swan', ''),
(123, 'Mark A Woodin', ''),
(124, 'Laurie G Baise', ''),
(125, 'Linda M Abriola', ''),
(126, 'Kurt D. Pennell', ''),
(127, 'David M Gute', ''),
(128, 'Steven Chapra', ''),
(129, 'Natalie L. Capiro', ''),
(130, 'Wayne A Chudyk', ''),
(131, 'Anne Marie C Desmarais', ''),
(132, 'Luis Dorfmann', ''),
(133, 'Eric M Hines', ''),
(134, 'Shafiqul Islam', ''),
(135, 'Daniele Susan Lantagne', ''),
(136, 'Stephen H Levine', ''),
(137, 'Babak Moaveni', ''),
(138, 'Elena N Naumova', ''),
(139, 'C. Andrew Ramsburg', ''),
(140, 'Robert Viesca', ''),
(141, 'Richard M Vogel', ''),
(142, 'James F Limbrunner', ''),
(143, 'Grant Garven', ''),
(144, 'Mark L Kachanov', ''),
(145, 'Po-Shang Chen', ''),
(146, 'Stephen G Zemba', ''),
(147, 'Larry Cohen', ''),
(148, 'David Hatem', ''),
(149, 'Jennifer Allen', ''),
(150, 'Shalini Tendulkar', ''),
(151, 'Karen Claire Kosinski', ''),
(152, 'Brett Nava-coulter', ''),
(153, 'Carolyn Rubin', ''),
(154, 'Meghan E. Woo', ''),
(155, 'Keren Ladin', ''),
(156, 'Richard Glickman-Simon', ''),
(157, 'Cora Roelofs', ''),
(158, 'Pamela Schoenberg Reider', ''),
(159, 'Rosemary C R Taylor', ''),
(160, 'Daniel F Ryder', ''),
(161, 'Nikhil Nair', ''),
(162, 'Ayse Asatekin', ''),
(163, 'Derek Mess', ''),
(164, 'Kyongbum Lee', ''),
(165, 'Christos Georgakis', ''),
(166, 'Maria Flytzani-Stephanopoulos', ''),
(167, 'Jerry H Meldon', ''),
(168, 'Matthew Panzer', ''),
(169, 'Darryl N Williams', ''),
(170, 'Behrouz Abedian', ''),
(171, 'Sergiy Kryatov', ''),
(172, 'Diren Pamuk Turner', ''),
(173, 'Lynne Batchelder', ''),
(174, 'Arthur Utz', ''),
(175, 'Victoria L Campbell', ''),
(176, 'Clay Bennett', ''),
(177, 'Robert D Stolow', ''),
(178, 'Terry E Haas', ''),
(179, 'Elena Rybak-Akimova', ''),
(180, 'Rebecca Scheck', ''),
(181, 'Albert Robbat Jr', ''),
(182, 'Jonathan E Kenny', ''),
(183, 'David R Walt', ''),
(184, 'Mary Jane Shultz', ''),
(185, 'Samuel P Kounaves', ''),
(186, 'Krishna Kumar', ''),
(187, 'Emile Charles H. Sykes', ''),
(188, 'Samuel W. Thomas', ''),
(189, 'Yu-Shan Lin', ''),
(190, 'Charles R. Mace', ''),
(191, 'Jianping Feng', ''),
(192, 'Min Wan', ''),
(193, 'Mushi Li', ''),
(194, 'Shaomei Wang', ''),
(195, 'Joanna Kuriyama', ''),
(196, 'Jinyu Li', ''),
(197, 'Ning Ma', ''),
(198, 'Xueping Zhong', ''),
(199, 'Modhumita Roy', ''),
(200, 'Mingquan Wang', ''),
(201, 'Gregory Carleton', ''),
(202, 'Charles Inouye', ''),
(203, 'Anne Mahoney', ''),
(204, 'Steven W Hirsch', ''),
(205, 'David John Proctor', ''),
(206, 'Ioannis Evrigenis', ''),
(207, 'Marie-Claire Beaulieu', ''),
(208, 'Vickie B Sullivan', ''),
(209, 'Joanne Phillips', ''),
(210, 'Christiana M. Olfert', ''),
(211, 'R. Bruce Hitchner', ''),
(212, 'Christopher Gregg', ''),
(213, 'Ming Y. Chow', ''),
(214, 'Noah Mendelsohn', ''),
(215, 'Mary E Glaser', ''),
(216, 'Bruce M Boghosian', ''),
(217, 'Andrew J. Eisenberg', ''),
(218, 'Samuel Guyer', ''),
(219, 'Alva Couch', ''),
(220, 'Roni Khardon', ''),
(221, 'Anselm C Blumer', ''),
(222, 'Ben Shapiro', ''),
(223, 'Norman Ramsey', ''),
(224, 'Kathleen Fisher', ''),
(225, 'Remco K Chang', ''),
(226, 'Ronald Lasser', ''),
(227, 'Gregory Aloupis', ''),
(228, 'Lenore J Cowen', ''),
(229, 'Diane L Souvaine', ''),
(230, 'Soha Hassoun', ''),
(231, 'Robert Jacob', ''),
(232, 'Ethan E Danahy', ''),
(233, 'Matthias Scheutz', ''),
(234, 'Benjamin Hescott', ''),
(235, 'Eric L Miller', ''),
(236, 'Carla E. Brodley', ''),
(237, 'Daniel McCusker', ''),
(238, 'Gretchen Hayden-Ruckert', ''),
(239, 'Gregory A Coles', ''),
(240, 'Sheriden Thomas', ''),
(241, 'Gibson Alessandro Cima', ''),
(242, 'Theodore B. Simpson', ''),
(243, 'Danielle Rosvally', ''),
(244, 'Beck C. Holden', ''),
(245, 'Irina Yakubovskaya', ''),
(246, 'Katherine J. Swimm', ''),
(247, 'Patrick J. King', ''),
(248, 'John R. Mulligan', ''),
(249, 'Brian J. Lilienthal', ''),
(250, 'Neal Hirsig', ''),
(251, 'Deborah H. Cooney', ''),
(252, 'Barbara W Grossman', ''),
(253, 'Scarlet Marquette', ''),
(254, 'Natalya Baldyga', ''),
(255, 'Linda Ross Girard', ''),
(256, 'Heather Shawn Nathans', ''),
(257, 'Khary Jones', ''),
(258, 'Monica White Ndounou', ''),
(259, 'Jennifer Burton', ''),
(260, 'Laurence Senelick', ''),
(261, 'Charles Murphy', ''),
(262, 'George Norman', ''),
(263, 'Peter W. S. Kronberg', ''),
(264, 'Laura Gee', ''),
(265, 'Deborah Menegotto', ''),
(266, 'Jeremy Clayton Luallen', ''),
(267, 'Andre Switala', ''),
(268, 'Michael Fusillo', ''),
(269, 'Thomas Downes', ''),
(270, 'Muthoni Ngatia', ''),
(271, 'David Garman', ''),
(272, 'Melissa McInerney', ''),
(273, 'Ekaterina Gnedenko', ''),
(274, 'Daniel Richards', ''),
(275, 'Sergio Turner', ''),
(276, 'Brooke Kelsey Jack', ''),
(277, 'David O Dapice', ''),
(278, 'Kyle J. Emerick', ''),
(279, 'Judith Bentkover', ''),
(280, 'Enrico Spolaore', ''),
(281, 'Anna Hardman', ''),
(282, 'Winifred B Rothenberg', ''),
(283, 'Margaret McMillan', ''),
(284, 'Brian Bethune', ''),
(285, 'Christopher McHugh', ''),
(286, 'Marcelo Bianconi', ''),
(287, 'Drusilla Brown', ''),
(288, 'Nancy Kimelman', ''),
(289, 'Lynne M Pepall', ''),
(290, 'Ujjayant Chakravorty', ''),
(291, 'Adam Storeygard', ''),
(292, 'Sahar Parsa', ''),
(293, 'Arthur Chiang', ''),
(294, 'Rodrigo Wagner', ''),
(295, 'Edward Kutsoati', ''),
(296, 'Yannis Ioannides', ''),
(297, 'Gilbert Metcalf', ''),
(298, 'Jeffrey E Zabel', ''),
(299, 'Ute Link', ''),
(300, 'Steven D Cohen', ''),
(301, 'Ryan D Redmond', ''),
(302, 'Linda V Beardsley', ''),
(303, 'David Hammer', ''),
(304, 'Michelle Wilkerson-Jerde', ''),
(305, 'Saskia Stoessel', ''),
(306, 'Brian Edward Gravel', ''),
(307, 'Erin Seaton', ''),
(308, 'Freeden Oeur', ''),
(309, 'John Perella', ''),
(310, 'Deborah Donahue-Keegan', ''),
(311, 'Silas O. Pinto', ''),
(312, 'Katherine J Furst', ''),
(313, 'Pamela L. Bower-Basso', ''),
(314, 'Susan Barahal', ''),
(315, 'Chorng Hwa Chang', ''),
(316, 'Sameer Sonkusale', ''),
(317, 'Shuchin Aeron', ''),
(318, 'Paul David Lehrman', ''),
(319, 'Valencia Margie Joyner Koomson', ''),
(320, 'Usman Khan', ''),
(321, 'Mai Vu', ''),
(322, 'Thomas E Vandervelde', ''),
(323, 'Mohammed Nurul Afsar', ''),
(324, 'Brian H. Tracey', ''),
(325, 'Karen A Panetta', ''),
(326, 'Aleksandar M. Stankovic', ''),
(327, 'Inge Milde', ''),
(328, 'Eric Braun', ''),
(329, 'Joshua Wiesman', ''),
(330, 'Frank Apeseche', ''),
(331, 'Alicia Amaral', ''),
(332, 'John Derby', ''),
(333, 'Gavin Finn', ''),
(334, 'Pamela Stepp', ''),
(335, 'Peter D Marton', ''),
(336, 'John Hodgman', ''),
(337, 'Amy K Hirschfeld', ''),
(338, 'Annette Sawyer', ''),
(339, 'Anna R. Christine', ''),
(340, 'Grace M. Russell', ''),
(341, 'Luke S. Mueller', ''),
(342, 'Matthew P. Scully', ''),
(343, 'Fiona Maurissette', ''),
(344, 'Aaron C. Dell', ''),
(345, 'James A. Rizzi', ''),
(346, 'Alexander F. Ruggeri', ''),
(347, 'Jan Swafford', ''),
(348, 'Christine R. Payson', ''),
(349, 'Kyle R. Kamaiopili', ''),
(350, 'Christopher R. Rowe', ''),
(351, 'Sarah A. Garrigan', ''),
(352, 'Bryn J. Gravitt', ''),
(353, 'Shannon B. Derby', ''),
(354, 'Seohyon Jung', ''),
(355, 'Bradley C. Smith', ''),
(356, 'Emma Duffy-Comparone', ''),
(357, 'Wanda MacDonald', ''),
(358, 'Margaret G. Love', ''),
(359, 'Jessica R. Pfeffer', ''),
(360, 'Dianne E. Berg', ''),
(361, 'Tanya Larkin', ''),
(362, 'Carl Wc Beckman', ''),
(363, 'Randall Stiffler', ''),
(364, 'Dale A Peterson', ''),
(365, 'Cornelia C. Photopoulos', ''),
(366, 'Eli Evans', ''),
(367, 'Carol Wilkinson', ''),
(368, 'Grace Talusan', ''),
(369, 'Ruth Mareike Stanitzke', ''),
(370, 'John W. Whalen', ''),
(371, 'James W. Leonard', ''),
(372, 'David L. Valdes Greenwood', ''),
(373, 'Stephanie Levine', ''),
(374, 'Emma C. Schneider', ''),
(375, 'Elizabeth Leavell', ''),
(376, 'Allison Crumly Van Deventer', ''),
(377, 'Lynn Stevens', ''),
(378, 'Michael Downing', ''),
(379, 'Marcie F Hershman', ''),
(380, 'Joseph H Hurka', ''),
(381, 'Sibyl Johnston', ''),
(382, 'Nan Levinson', ''),
(383, 'Ted Weesner Jr', ''),
(384, 'Rebecca Kaiser Gibson', ''),
(385, 'Mark Gosztyla', ''),
(386, 'Neil Miller', ''),
(387, 'Jonathan Strong', ''),
(388, 'Alfred Jay Cantor', ''),
(389, 'Jonathan Wilson', ''),
(390, 'Ariana Reines', ''),
(391, 'Julia A. Genster', ''),
(392, 'Nathan Wolff', ''),
(393, 'Linda V Bamber', ''),
(394, 'Lee C Edelman', ''),
(395, 'John M Fyler', ''),
(396, 'Judith D Haber', ''),
(397, 'John Robbins', ''),
(398, 'Ichiro Takayoshi', ''),
(399, 'Janis Freedman Bellow', ''),
(400, 'Joseph D Litvak', ''),
(401, 'Sonia Hofkosh', ''),
(402, 'Michael Ullman', ''),
(403, 'Elizabeth Ammons', ''),
(404, 'Kevin Dunn', ''),
(405, 'Christina Sharpe', ''),
(406, 'Andrea Haslanger', ''),
(407, 'John Lurz', ''),
(408, 'Kathleen Peterson', ''),
(409, 'Thaddeus T Brunye', ''),
(410, 'Daniel Hannon', ''),
(411, 'Jennifer Buxton', ''),
(412, 'Michael Wiklund', ''),
(413, 'Carl Zimmerman', ''),
(414, 'Anne F Gardulski', ''),
(415, 'Jacob S. Benner', ''),
(416, 'Andrew Kemp', ''),
(417, 'Molly C. McCanta', ''),
(418, 'Brian Aull', ''),
(419, 'Gregory J. Sonek', ''),
(420, 'Douglas Preis', ''),
(421, 'Marc S. Hodes', ''),
(422, 'Jeffrey Guasto', ''),
(423, 'Thomas P James', ''),
(424, 'Jeffrey Hopwood', ''),
(425, 'Igor Sokolov', ''),
(426, 'Norah Dooley', ''),
(427, 'Jacqueline E. O''Dell', ''),
(428, 'Kristina N Aikens', ''),
(429, 'Nicole L. Blank', ''),
(430, 'Linell Yugawa', ''),
(431, 'Ruben L Stern', ''),
(432, 'Donna Esposito', ''),
(433, 'Nicole M. Anderson', ''),
(434, 'Laurie E. Sabol', ''),
(435, 'Regina F Raboin', ''),
(436, 'Amanda Strawhacker', ''),
(437, 'Amanda A. Sullivan', ''),
(438, 'Laura Whitney Cummings', ''),
(439, 'Megan Krench', ''),
(440, 'Andrew Turchon', ''),
(441, 'Mark  J. Roche', ''),
(442, 'Matthew R. Hart', ''),
(443, 'Kerri A. Dervishian', ''),
(444, 'Darren E Weisse', ''),
(445, 'Richard C. Thurber', ''),
(446, 'Benjamin R. Naimark-Rowse', ''),
(447, 'Nancy Lippe', ''),
(448, 'Jesse Littlewood', ''),
(449, 'Samuel A James', ''),
(450, 'Gail Bambrick', ''),
(451, 'Garvan Giltinan', ''),
(452, 'Nanda Chitre', ''),
(453, 'Lara N Sloboda', ''),
(454, 'Sonja Spears', ''),
(455, 'Jan Volk', ''),
(456, 'Robyn S Gittleman', ''),
(457, 'Howard S Woolf', ''),
(458, 'Heather Elizabeth Barry', ''),
(459, 'Sherman Teichman', ''),
(460, 'Leslie Goldberg', ''),
(461, 'Daniel Abramson', ''),
(462, 'Ikumi Kaminishi', ''),
(463, 'Karen E. Overbey', ''),
(464, 'Eva R Hoffman', ''),
(465, 'Daniel Zolli', ''),
(466, 'Jeremy Melius', ''),
(467, 'Eric M Rosenberg', ''),
(468, 'Peter Probst', ''),
(469, 'Cristelle Baskins', ''),
(470, 'Leah Gadd', ''),
(471, 'Susan A Denker', ''),
(472, 'Tina Wasserman', ''),
(473, 'Silvia Bottinelli', ''),
(474, 'James Dow', ''),
(475, 'Emily Gephart', ''),
(476, 'Noit Banai', ''),
(477, 'Eulogio Guzman', ''),
(478, 'Xiaolong Wu', ''),
(479, 'Taylor Horner', ''),
(480, 'Nilea Silva', ''),
(481, 'Kata Hull', ''),
(482, 'Polly Broman-Wright', ''),
(483, 'Joanne Breiner', ''),
(484, 'Jennifer Irene French', ''),
(485, 'Mela Lyman', ''),
(486, 'Maria Brodell', ''),
(487, 'Greg Mencoff', ''),
(488, 'Justin Roy Life', ''),
(489, 'Patrick Carter', ''),
(490, 'Marcy Pape', ''),
(491, 'Susan Belton', ''),
(492, 'Lizi Brown', ''),
(493, 'Marilyn Levin', ''),
(494, 'Roswell Angier', ''),
(495, 'Dore Gardner', ''),
(496, 'Mike Mandel', ''),
(497, 'Thomas Michael MacIntyre', ''),
(498, 'Garett Yahn', ''),
(499, 'Brenda Star', ''),
(500, 'Katharine Finnegan', ''),
(501, 'Judy Blotnick', ''),
(502, 'Gerry Hoag', ''),
(503, 'Jieun Kim', ''),
(504, 'Glenna Lang', ''),
(505, 'Gregory Mahoney', ''),
(506, 'Christopher Chippendale', ''),
(507, 'Joe Landry', ''),
(508, 'Linda Priest', ''),
(509, 'Carolyn Muskat', ''),
(510, 'Elaine Spatz-Rabinowitz', ''),
(511, 'Rhoda Rosenberg', ''),
(512, 'Walter Stanul', ''),
(513, 'Russell Apotheker', ''),
(514, 'Michael Hecht', ''),
(515, 'Heidi Whitman', ''),
(516, 'Ilse Plume', ''),
(517, 'Gerri Rachins', ''),
(518, 'Samantha R Fields', ''),
(519, 'David L. Brown', ''),
(520, 'Tracy E Pearce', ''),
(521, 'Anne-Christine Rice', ''),
(522, 'Kerri Lee Conditto Miller', ''),
(523, 'Brenna K. Heitzman', ''),
(524, 'Marie Gillette', ''),
(525, 'Nancy Kelly', ''),
(526, 'Anne Poncet-Montange', ''),
(527, 'Carrie O''Connor', ''),
(528, 'Ellen Detwiller', ''),
(529, 'Anne Taieb', ''),
(530, 'David F Pauling', ''),
(531, 'Viola Gertrude Thomas', ''),
(532, 'Emese M Soos', ''),
(533, 'Gerard Gasarian', ''),
(534, 'Claire Schub', ''),
(535, 'Isabelle H Naginski', ''),
(536, 'H. Adlai Murdoch', ''),
(537, 'Vincent Pollina', ''),
(538, 'Jeanne L. Fourneyron', ''),
(539, 'Doris Pfaffinger', ''),
(540, 'Markus Wilczek', ''),
(541, 'Geraldine A Grimm', ''),
(542, 'Daniel W Brown', ''),
(543, 'Christiane M Romero', ''),
(544, 'Paul North', ''),
(545, 'Doreen Densky', ''),
(546, 'Sol Gittleman', ''),
(547, 'Hava Kimelman', ''),
(548, 'Hedda Harari-Spencer', ''),
(549, 'Ina Baghdiantz-McCabe', ''),
(550, 'Jennifer Eyl', ''),
(551, 'Reed T Ueda', ''),
(552, 'David Ekbladh', ''),
(553, 'Virginia G Drachman', ''),
(554, 'Gary Leupp', ''),
(555, 'Ayesha Jalal', ''),
(556, 'Steven P Marrone', ''),
(557, 'Alisha Rankin', ''),
(558, 'Elizabeth Foster', ''),
(559, 'Howard L Malchow', ''),
(560, 'Christopher Schmidt Nowara', ''),
(561, 'Kris K. Manjapra', ''),
(562, 'Hugh Roberts', ''),
(563, 'Kendra Field', ''),
(564, 'Beatrice Forbes Manz', ''),
(565, 'Peter Winn', ''),
(566, 'Laura Baffoni-Licata', ''),
(567, 'Jeanne M Penvenne', ''),
(568, 'Man Xu', ''),
(569, 'Christopher Lemelin', ''),
(570, 'Joel Rosenberg', ''),
(571, 'Susan Napier', ''),
(572, 'Nina Gerassi-Navarro', ''),
(573, 'Monica E. McTighe', ''),
(574, 'Brigitte M Lane', ''),
(575, 'Hosea Hirata', ''),
(576, 'Kathleen Pollakowski', ''),
(577, 'Gregory Crane', ''),
(578, 'Vida T Johnson', ''),
(579, 'Consuelo Cruz', ''),
(580, 'Bruce M. Everett', ''),
(581, 'Richard Eichenberg', ''),
(582, 'Elena Paolini', ''),
(583, 'Isabella Perricone', ''),
(584, 'Carmela Merolla', ''),
(585, 'Patricia DiSilvio', ''),
(586, 'Cristina Pausini', ''),
(587, 'Kiyomi Kagawa', ''),
(588, 'Shiori Koizumi', ''),
(589, 'Kiyoko Morita', ''),
(590, 'Jeffrey Summit', ''),
(591, 'Susan Ellen Setnik', ''),
(592, 'Andreola Rossi', ''),
(593, 'Brian Epstein', ''),
(594, 'Ariel M Goldberg', ''),
(595, 'Susan Russinoff', ''),
(596, 'George E Smith', ''),
(597, 'Ray S. Jackendoff', ''),
(598, 'Mindy R. Nierenberg', ''),
(599, 'Zachary Faubion', ''),
(600, 'Caroline J. Hagen', ''),
(601, 'Montserrat Teixidor I Bigas', ''),
(602, 'Linda B Garant', ''),
(603, 'Patricia M. Garmirian', ''),
(604, 'Genevieve Walsh', ''),
(605, 'Gail F Kaufmann', ''),
(606, 'Christoph Borgers', ''),
(607, 'Hao Liang', ''),
(608, 'Kim Ruane', ''),
(609, 'Charles E. Cunningham', ''),
(610, 'Marjorie G Hahn', ''),
(611, 'Ryusei Melody Takeuchi', ''),
(612, 'Zbigniew H Nitecki', ''),
(613, 'Kye Taylor', ''),
(614, 'James Adler', ''),
(615, 'Fulton B Gonzalez', ''),
(616, 'Mathew T. Wolak', ''),
(617, 'Misha E Kilmer', ''),
(618, 'Eric Todd Quinto', ''),
(619, 'Loring W Tu', ''),
(620, 'Anil Saigal', ''),
(621, 'Douglas Matson', ''),
(622, 'Pratap Misra', ''),
(623, 'Robert D. White', ''),
(624, 'Gary Leisk', ''),
(625, 'Chris Rogers', ''),
(626, 'Michael A Zimmerman', ''),
(627, 'William Messner', ''),
(628, 'Luisa Chiesa', ''),
(629, 'Jason Rife', ''),
(630, 'Alessandra Campana', ''),
(631, 'David Locke', ''),
(632, 'Michael G McLaughlin', ''),
(633, 'John Page', ''),
(634, 'Edith Lowe Auner', ''),
(635, 'Joseph H. Auner', ''),
(636, 'Stephan Pennington', ''),
(637, 'Jamie Kirsch', ''),
(638, 'David F. Coleman', ''),
(639, 'Carol Mastrodomenico', ''),
(640, 'Joel Larue Smith', ''),
(641, 'Paul Ahlstrand', ''),
(642, 'John McCann', ''),
(643, 'Donald Berman', ''),
(644, 'Jane Hershey', ''),
(645, 'Nina Barwell', ''),
(646, 'Victor Nani Agbeli', ''),
(647, 'Barry Drummond', ''),
(648, 'John McDonald', ''),
(649, 'Frank Lehman', ''),
(650, 'Jane A Bernstein', ''),
(651, 'Richard Jankowsky', ''),
(652, 'Marcy Coppelman Goldsmith', ''),
(653, 'Mary Alicia Barnes', ''),
(654, 'Linda Tickle-Degnen', ''),
(655, 'Michael E. Roberts', ''),
(656, 'Sharan L Schwartzberg', ''),
(657, 'Sarah Everhart Skeels', ''),
(658, 'Adam N. Hoyt', ''),
(659, 'Elliot H McEldowney IV', ''),
(660, 'Claire A Carroll', ''),
(661, 'Sharon F. Graves', ''),
(662, 'Nancy Bigelow', ''),
(663, 'Carla Berube', ''),
(664, 'Joshua M. Shapiro', ''),
(665, 'Robert J Sheldon Jr', ''),
(666, 'Christine L. McDavitt', ''),
(667, 'Marlene Carr', ''),
(668, 'Sarah R Barker', ''),
(669, 'Courtney Farrell', ''),
(670, 'Michael P Daly', ''),
(671, 'Brian F Murphy', ''),
(672, 'Kyle Starkweather', ''),
(673, 'Jeffrey C McConnell', ''),
(674, 'Valentina Maria Urbanek', ''),
(675, 'Charles Oliver', ''),
(676, 'Christopher R M Phillips', ''),
(677, 'Monica Wong Link', ''),
(678, 'Patrick E Forber', ''),
(679, 'David A Denby', ''),
(680, 'Nancy Bauer', ''),
(681, 'Amelie Rorty', ''),
(682, 'Dilip Ninan', ''),
(683, 'Jody Azzouni', ''),
(684, 'Avner Baz', ''),
(685, 'Stephen L White', ''),
(686, 'Lionel K McPherson', ''),
(687, 'Erin I. Kelly', ''),
(688, 'Daniel C Dennett', ''),
(689, 'Nathan Lowhorn', ''),
(690, 'Gary R Goldstein', ''),
(691, 'Leon Gunther', ''),
(692, 'Roger Tobin', ''),
(693, 'Timothy Atherton', ''),
(694, 'Hugh M Gallagher', ''),
(695, 'Lawrence H Ford', ''),
(696, 'Peggy Cebe', ''),
(697, 'Pierre-Hugues Beauchemin', ''),
(698, 'Christopher J. Sliwa', ''),
(699, 'William P Oliver', ''),
(700, 'Cristian Staii', ''),
(701, 'Austin Napier', ''),
(702, 'A William Mann', ''),
(703, 'Saed A. Atshan', ''),
(704, 'Dale Bryan', ''),
(705, 'Paul I Joseph', ''),
(706, 'Betsy Leondar-Wright', ''),
(707, 'Laura K. Graham', ''),
(708, 'Pearl T Robinson', ''),
(709, 'Kelly M Greenhill', ''),
(710, 'Americo Motta', ''),
(711, 'Cristine Soares', ''),
(712, 'Dennis Rasmussen', ''),
(713, 'Michael Beckley', ''),
(714, 'Shinju Fujihira', ''),
(715, 'Jeffrey M Berry', ''),
(716, 'Deborah J. Schildkraut Russell', ''),
(717, 'Teresa Walsh', ''),
(718, 'Elizabeth J. Remick-Yamamoto', ''),
(719, 'Robert Devigne', ''),
(720, 'Daniel Drezner', ''),
(721, 'Charles A Smith', ''),
(722, 'Jeffrey Taliaferro', ''),
(723, 'Malik Mufti', ''),
(724, 'Keith B Maddox', ''),
(725, 'Jackquelyn Mascher', ''),
(726, 'Harold Miller-Jacobs', ''),
(727, 'Joseph F DeBold', ''),
(728, 'Tali Ditman-Brunye', ''),
(729, 'Ayanna K. Thomas', ''),
(730, 'Samuel Sommers', ''),
(731, 'Mindi Rock', ''),
(732, 'Michael B. Vanelzakker', ''),
(733, 'Klaus A Miczek', ''),
(734, 'Holly Taylor', ''),
(735, 'Phillip J Holcomb', ''),
(736, 'Carolyn Cohen', ''),
(737, 'Deborah Greenwald', ''),
(738, 'Gina R. Kuperberg', ''),
(739, 'Heather L. Urry', ''),
(740, 'Lisa Shin', ''),
(741, 'David W Harder', ''),
(742, 'Richard A Chechile', ''),
(743, 'Robert G Cook', ''),
(744, 'Robin Kanarek', ''),
(745, 'Jessica D. Remedios', ''),
(746, 'Aniruddh D. Patel', ''),
(747, 'Sinaia Nathanson', ''),
(748, 'Paul Muentener', ''),
(749, 'Joseph Walser', ''),
(750, 'Margaret Hutaff', ''),
(751, 'Kenneth Garden', ''),
(752, 'Elizabeth B Lemons', ''),
(753, 'Brian A. Hatcher', ''),
(754, 'Nancy Iffland Petrov', ''),
(755, 'Patricia Chaput', ''),
(756, 'Tatyana Gassel-Vozlinskaya', ''),
(757, 'Pawan Dhingra', ''),
(758, 'Sarah Sobieraj', ''),
(759, 'Katherine Sirles Vecitis', ''),
(760, 'Helen B. Marrow', ''),
(761, 'Susan A Ostrander', ''),
(762, 'James Ennis', ''),
(763, 'Ryan O Centner', ''),
(764, 'Christopher K. Gillespie', ''),
(765, 'Shannon Nicolle Weber', ''),
(766, 'Adele W Oppenheim', ''),
(767, 'Andrew J Klatt', ''),
(768, 'Pam Haltom', ''),
(769, 'Cheryl Anne Tano', ''),
(770, 'Anne de Laire Mulgrew', ''),
(771, 'Marisol Fernandez-Garcia', ''),
(772, 'Patricia Smith', ''),
(773, 'Dora V Older', ''),
(774, 'Nilza V Gonzalez Pedemonte', ''),
(775, 'Aida Belansky', ''),
(776, 'Charles P Dietrick', ''),
(777, 'Raysa Mederos', ''),
(778, 'Katherine Risse', ''),
(779, 'Teresa Marcelin', ''),
(780, 'Maria Juliana Berte', ''),
(781, 'Anne Cantu', ''),
(782, 'Maria Ester Rincon Calero', ''),
(783, 'Nancy Levy-Konesky', ''),
(784, 'Amy Millay', ''),
(785, 'Maria-Concepcion Lagunas Davis', ''),
(786, 'Dana Simpson', ''),
(787, 'Marta R Rosso-O''Laughlin', ''),
(788, 'Tamara Marquez-Raffetto', ''),
(789, 'Jose Antonio Mazzotti', ''),
(790, 'Pablo Ruiz', ''),
(791, 'Pedro Angel Palou', ''),
(792, 'Rosalind Greenstein', ''),
(793, 'Mark Chase', ''),
(794, 'Jon Witten', ''),
(795, 'Robert H Russell', ''),
(796, 'Weiping Wu', ''),
(797, 'Sabina Vaught', ''),
(798, 'Orly Clerge', ''),
(799, 'Sergei M Mirkin', ''),
(800, 'Laura Rogers', ''),
(801, 'Laura B. Fischman', ''),
(802, 'Mark J. Roche', ''),
(803, 'Kelly Kane', ''),
(804, 'Andrew Scott Winslow', ''),
(805, 'Irina A. Chindea', ''),
(806, 'Emmanuel Attah Poku', ''),
(807, 'Joseph Swingle', ''),
(808, 'Nimah Mazaheri', ''),
(809, 'Noe Montez', ''),
(810, 'Melinda Macht-Greenberg', ''),
(811, 'Sheldon Krimsky', ''),
(812, 'Yvonne Wakeford', ''),
(813, 'Glenn Hazelton', ''),
(814, 'Yusuf Mustopa', ''),
(815, 'Jennifer Cullen', ''),
(816, 'Bernardo Perez-Ramirez', ''),
(817, 'Alexander Vilenkin', ''),
(818, 'Fahad Dogar', ''),
(819, 'Cynthia M Smith', ''),
(820, 'Benjamin Wolfe', ''),
(821, 'Maxim Romanov', ''),
(822, 'Martha L Whiting', ''),
(823, 'Don A. Schechter', ''),
(824, 'Jacquelyn Grey', ''),
(825, 'Maureen P Mulcare', ''),
(826, 'Jonathan A. Garlick', ''),
(827, 'Andrew McClellan', ''),
(828, 'Laurel Leslie', ''),
(829, 'Xiaozhe Hu', ''),
(830, 'Juliet Fuhrman', ''),
(831, 'Robert J. Hannemann', ''),
(832, 'Jessica Harney', ''),
(833, 'Mary Anton Oldenburg', ''),
(834, 'Carol W Downing', ''),
(835, 'Laurie S. Goldman', ''),
(836, 'Richard Griffin', ''),
(837, 'Alexa Thayer', ''),
(838, 'Stephen Fuchs', ''),
(839, 'Corinne M. Pierce', ''),
(840, 'Irving Goh', ''),
(841, 'Pamela Follett', ''),
(842, 'Mauricio A Gutierrez', ''),
(843, 'Maria Carolina Baffi', ''),
(844, 'Phoebe G. Randel', ''),
(845, 'Megan K Mueller', ''),
(846, 'Konstantinos Lavdas', ''),
(847, 'Samuel H Liggero', ''),
(848, 'Cynthia Robinson', ''),
(849, 'Sigrun Svavarsdottir', ''),
(850, 'Kenneth S James', ''),
(851, 'Virginia Weisz', ''),
(852, 'Emmanouhl Tzanakakis', ''),
(853, 'Phillip M. Brown', ''),
(854, 'Christine L. Mattera', ''),
(855, 'Yumin Choi', ''),
(856, 'Rana E. Abdul-Aziz', ''),
(857, 'Kevin Farr', ''),
(858, 'Katrina Swett', ''),
(859, 'Stanley Jacobson', ''),
(860, 'Michael Paster', ''),
(861, 'Mary C Caddle', ''),
(862, 'Arvind Saibaba', ''),
(863, 'Monica Steinberg', ''),
(864, 'Sarah Estow', ''),
(865, 'Moon Duchin', ''),
(866, 'Francis J. Hauser', ''),
(867, 'Richard M Weiss', ''),
(868, 'Ilya Lashuk', ''),
(869, 'Kendra Siobhan Bell Reddington', ''),
(870, 'Denis W Fermental', ''),
(871, 'Elizabeth Shepherd', ''),
(872, 'Jay Civetti Jr.', ''),
(873, 'Peter L Levine', ''),
(874, 'Christina Maranci', ''),
(875, 'Judith Williams', ''),
(876, 'Alan Kopin', ''),
(877, 'Adam Grenier', ''),
(878, 'George McNinch', ''),
(879, 'Jaclyn Waguespack', ''),
(880, 'Mary Brazelton', ''),
(881, 'Gary M. Bedell', ''),
(882, 'Marion Reynolds', ''),
(883, 'Marianna D Eddy', ''),
(884, 'Nino Testa', '');

-- --------------------------------------------------------

--
-- Table structure for table `subject`
--

CREATE TABLE IF NOT EXISTS `subject` (
  `id` int(11) NOT NULL AUTO_INCREMENT,
  `callsign` varchar(16) NOT NULL,
  `description` text NOT NULL,
  PRIMARY KEY (`id`),
  UNIQUE KEY `callsign` (`callsign`)
) ENGINE=InnoDB  DEFAULT CHARSET=latin1 AUTO_INCREMENT=82 ;

--
-- Dumping data for table `subject`
--

INSERT INTO `subject` (`id`, `callsign`, `description`) VALUES
(1, 'COMP', 'Computer Science'),
(2, 'ACL', 'All College'),
(3, 'AFR', 'Africana Studies'),
(4, 'AMER', 'American Studies'),
(5, 'ANTH', 'Anthropology'),
(6, 'ANW', 'Africa In the New World'),
(7, 'ARB', 'Arabic'),
(8, 'ARCH', 'Archeology'),
(9, 'AST', 'Astronomy'),
(10, 'BIO', 'Biology'),
(11, 'BME', 'Biomedical Engineering'),
(12, 'CD', 'Child Development'),
(13, 'CEE', 'Civil & Environmental Eng'),
(14, 'CH', 'Community Health'),
(15, 'CHBE', 'Chemical & Biological Eng'),
(16, 'CHEM', 'Chemistry'),
(17, 'CHNS', 'Chinese'),
(18, 'CIS', 'Ctr for Interdis Studies'),
(19, 'CIV', 'World Civilization'),
(20, 'CLS', 'Classics'),
(21, 'CRBC', 'Cross Register Boston College'),
(22, 'CRBR', 'Cross Register Brandeis'),
(23, 'CRBU', 'Cross Register Boston Univ'),
(24, 'DNC', 'Dance'),
(25, 'DR', 'Drama'),
(26, 'EC', 'Economics'),
(27, 'ED', 'Education'),
(28, 'EDS', 'Education at Museum School'),
(29, 'EE', 'Electrical & Computer Eng'),
(30, 'ELS', 'Entrepreneurial Leadership'),
(31, 'EM', 'Engineering Management'),
(32, 'ENG', 'English'),
(33, 'ENP', 'Engineering Psychology'),
(34, 'ENV', 'Environmental Studies'),
(35, 'EOS', 'Earth and Ocean Sciences'),
(36, 'ES', 'Engineering Science'),
(37, 'EXP', 'Experimental College'),
(38, 'FAH', 'History of Art'),
(39, 'FAHS', 'Art History'),
(40, 'FAM', 'Studio Art - Medford Campus'),
(41, 'FAMB', 'Studio Art - Museum School'),
(42, 'FR', 'French'),
(43, 'GER', 'German'),
(44, 'GIS', 'Geographic Information Systems'),
(45, 'GRK', 'Greek'),
(46, 'HEB', 'Hebrew'),
(47, 'HIST', 'History'),
(48, 'IDIS', 'Interdisciplinary'),
(49, 'ILVS', 'Intern.Literary&Visual Studies'),
(50, 'INTR', 'International Relations'),
(51, 'ITAL', 'Italian'),
(52, 'JPN', 'Japanese'),
(53, 'JS', 'Judaic Studies'),
(54, 'LAS', 'Latin American Studies'),
(55, 'LAT', 'Latin'),
(56, 'LING', 'Linguistics'),
(57, 'LMS', 'Leadership Studies Minor'),
(58, 'MATH', 'Mathematics'),
(59, 'ME', 'Mechanical Engineering'),
(60, 'ML', 'Modern Language'),
(61, 'MUS', 'Music'),
(62, 'NU', 'Nutrition Undergraduate'),
(63, 'OTS', 'Occupational Therapy'),
(64, 'PE', 'Physical Education'),
(65, 'PHIL', 'Philosophy'),
(66, 'PHY', 'Physics'),
(67, 'PJS', 'Peace & Justice Studies'),
(68, 'POR', 'Portuguese'),
(69, 'PS', 'Political Science'),
(70, 'PSY', 'Psychology'),
(71, 'REL', 'Religion'),
(72, 'RUS', 'Russian'),
(73, 'SOC', 'Sociology'),
(74, 'SPN', 'Spanish'),
(75, 'SWA', 'Swahili'),
(76, 'UEP', 'Urban & Env Policy & Planning'),
(77, 'WGSS', 'Women''s, Gender, and Sexuality'),
(78, 'WL', 'World Literature'),
(79, 'ENGS', 'English (Museum)'),
(80, 'LST', 'Latino Studies'),
(81, 'EN', 'Engineering Core');

/*!40101 SET CHARACTER_SET_CLIENT=@OLD_CHARACTER_SET_CLIENT */;
/*!40101 SET CHARACTER_SET_RESULTS=@OLD_CHARACTER_SET_RESULTS */;
/*!40101 SET COLLATION_CONNECTION=@OLD_COLLATION_CONNECTION */;
